등급	어휘	품사	길잡이말	유의어	반의어	주제	대범주	소범주
중급	가	접사	전문가			직업과 진로	인간	사람의 종류
중급	가량	접사	한 시간가량	-쯤			개념	양
중급	간	접사	이틀간				개념	시간
중급	감	접사	책임감				인간	감정
중급	객	접사	등산객				인간	사람의 종류
중급	관	접사	도서관					
중급	관	접사	가치관					
중급	권	접사	투표권					
중급	님	접사	선생님					
중급	당	접사	시간당					
초급	되다	접사	취소되다					
중급	력	접사	경제력					
중급	료	접사	통화료				경제생활	경제 수단
중급	료	접사	조미료					
중급	률	접사	출생률				개념	정도
중급	문	접사	기행문					
중급	물	접사	농산물					
고급	발	접사	뉴욕발 비행기				개념	위치 및 방향
중급	별	접사	학년별					
중급	비	접사	휴가비					
중급	사	접사	변호사				인간	사람의 종류
중급	사	접사	신문사					
중급	사	접사	요리사				인간	사람의 종류
중급	생	접사	1985년생					
중급	생	접사	100년생 나무					
중급	생	접사	실습생					
중급	성	접사	인간성					
중급	소	접사	연구소					
중급	심	접사	배려심				인간	감정
중급	씩	접사	조금씩					
중급	어	접사	한국어					
중급	여	접사	십여 년					
중급	용	접사	어린이용					
중급	원	접사	회사원				인간	사람의 종류
중급	원	접사	대학원					
중급	율	접사	할인율				개념	정도
중급	자	접사	과학자				인간	사람의 종류
중급	장	접사	운동장					
중급	적	접사	일반적					
중급	점	접사	백화점					
중급	제-	접사	제3과				개념	순서
중급	제	접사	추모제					
중급	제	접사	영양제					
중급	질	접사	가위질				인간	신체 행위
중급	짜리	접사	백 원짜리					
중급	째	접사	첫째				개념	순서
중급	쯤	접사	이쯤	-가량				
중급	품	접사	화장품					
초급	하다	접사	건강하다					
중급	학	접사	경제학				교육	전공과 교과목
중급	행	접사	서울행					
중급	형	접사	기본형					
중급	화	접사	간편화					
중급	외	의존명사	그 외		내05			
고급	가	명사	강가				자연	지형
고급	가	접사	주택가					
고급	가	접사	최고가				경제생활	경제 수단
초급	가게	명사	가게에 가다			물건사기	경제생활	경제 행위 장소
초급	가격	명사	가격이 비싸다	값		물건사기	경제생활	경제 수단
고급	가계	명사	가계가 빠듯하다			경제 경영	경제생활	경제 행위 주체
고급	가곡	명사	가곡을 듣다			예술	문화	음악
고급	가공	명사	식품 가공			식문화	경제생활	경제 행위
고급	가구	명사	가구 소득	세대02		주거 생활		
초급	가구	명사	가구를 놓다			집 구하기	주생활	생활용품
고급	가급적01/가급적	명사/부사	가급적 빨리	되도록				
고급	가까스로	부사	가까스로 살아남다	겨우				
초급	가까이01/가까이	부사/명사	가까이 다가오다		멀리		개념	위치 및 방향
초급	가까이01/가까이	부사/명사	이틀 가까이					
초급	가깝다	형용사	거리가 가깝다		멀다02	길찾기	개념	위치 및 방향
중급	가꾸다	동사	정원을 가꾸다					
중급	가꾸다	동사	외모를 가꾸다			외모 표현하기	의생활	미용 행위
초급	가끔	부사	가끔 보다			시간 표현하기	개념	빈도
중급	가난	명사	가난을 겪다				경제생활	경제 상태
고급	가냘프다	형용사	몸이 가냘프다	가녀리다		외양	인간	용모
고급	가냘프다	형용사	목소리가 가냘프다	가녀리다				
고급	가누다	동사	몸을 가누다			보건과 의료	인간	신체 행위
고급	가느다랗다	형용사	손가락이 가느다랗다			외양	개념	모양
초급	가늘다	형용사	손가락이 가늘다		굵다		개념	모양
고급	가늠	명사	가늠이 안 되다				인간	인지 행위
중급	가능	명사	주차 가능		불능		인간	능력
중급	가능성	명사	가능성이 높다			직업과 진로	인간	능력
초급	가다	동사	학교에 가다		오다01		인간	신체 행위
초급	가다	동사	기차가 가다		오다01			
초급	가다	동사	군대에 가다					
초급	가다	동사	여행을 가다		오다01			
초급	가다	동사	겨울이 가다		오다01			
고급	가다듬다	동사	마음을 가다듬다					
고급	가다듬다	동사	머리를 가다듬다					
고급	가다듬다	동사	호흡을 가다듬다					
고급	가닥	명사	가닥을 잡다					
고급	가담	명사	시위 가담			사회문제		
고급	가동	명사	기계 가동			과학과 기술		
초급	가득	부사	가득 차다	가득히			개념	양
중급	가득하다	형용사	물이 가득하다				개념	양
중급	가득하다	형용사	불만이 가득하다					
중급	가득히	부사	가득히 넣다	가득			개념	양
고급	가뜩이나	부사	가뜩이나 힘든데	가뜩|가뜩이00				
중급	가라앉다	동사	바닥에 가라앉다					
중급	가라앉다	동사	파도가 가라앉다					
고급	가라앉히다	동사	찌꺼기를 가라앉히다					
고급	가려내다	동사	불량품을 가려내다					
고급	가려내다	동사	잘잘못을 가려내다					
중급	가렵다	형용사	몸이 가렵다	간지럽다		건강	인간	감각
고급	가령	부사	가령 비가 온다면					
중급	가로01/가로	명사/부사	가로와 세로		세로01|세로02		개념	위치 및 방향
중급	가로등	명사	가로등이 켜지다			교통 이용하기		
중급	가로막다	동사	길을 가로막다			교통 이용하기		
고급	가로수	명사	가로수를 심다			환경문제	동식물	식물류
고급	가로지르다	동사	도로를 가로지르다					
고급	가로채다	동사	돈을 가로채다			사회문제		
중급	가루	명사	가루로 만들다	분말|분03		요리 설명하기	개념	모양
중급	가르다	동사	칼로 가르다					
중급	가르다	동사	편을 가르다					
초급	가르치다	동사	한국어를 가르치다			학교생활	교육	교수 학습 행위
고급	가르침	명사	가르침을 받다			교육	교육	교수 학습 행위
고급	가리다	동사	구름에 가리다					
중급	가리다	동사	얼굴을 가리다					
중급	가리다	동사	잘잘못을 가리다					
중급	가리다	동사	낯을 가리다					
중급	가리다	동사	음식을 가리다					
초급	가리키다	동사	손가락으로 가리키다			위치 표현하기	인간	신체 행위
중급	가만	부사	가만 놔두다	가만히				
중급	가만	부사	가만 생각해 보다	가만히				
중급	가만있다	동사	잠자코 가만있다					
중급	가만히	부사	가만히 두다	가만01			인간	태도
중급	가만히	부사	가만히 당하다	가만01				
중급	가만히	부사	가만히 생각하다	가만01				
중급	가만히	부사	가만히 나오다					
고급	가면	명사	가면을 쓰다	탈01		예술	의생활	모자, 신발, 장신구
고급	가문	명사	가문의 영광	문벌		인간관계		
중급	가뭄	명사	가뭄이 들다			날씨와 계절	자연	재해
초급	가방	명사	가방을 메다			복장 표현하기	의생활	모자, 신발, 장신구
초급	가볍다	형용사	짐이 가볍다		무겁다		개념	성질
고급	가부장적01∙가부장적	관형사∙명사	가부장적 사고			문화차이		
고급	가쁘다	형용사	숨이 가쁘다			보건과 의료	삶	병과 증상
고급	가사	명사	가사를 돌보다	집안일|집일		주거 생활	주생활	가사 행위
중급	가사	명사	노래 가사	노랫말		취미		
고급	가상	명사	가상의 공간			과학과 기술	인간	인지 행위
고급	가설	명사	가설을 세우다			철학, 윤리	교육	학문 용어
고급	가세	명사	시민들의 가세					
고급	가속	명사	가속이 붙다	증속00	감속		개념	속도
고급	가속화	명사	성장 과속화			경제 경영	개념	속도
초급	가수	명사	가수가 되다			소개하기(자기소개)	사회생활	직업
중급	가스	명사	가스 요금			집 구하기	자연	자원
중급	가스레인지	명사	가스레인지를 켜다			집 구하기	주생활	생활용품
초급	가슴	명사	신체			외모 표현하기	인간	신체 부위
초급	가슴	명사	가슴이 따뜻하다					
중급	가습기	명사	가습기를 켜다			집 구하기	주생활	생활용품
고급	가시	명사	가시를 빼다				동식물	식물의 부분
고급	가시	명사	생선 가시			식문화	동식물	동물의 부분
고급	가시다	동사	피로가 가시다					
고급	가시다	동사	입안을 가시다				인간	신체 행위
고급	가식적01∙가식적	관형사∙명사	가식적 웃음			심리		
고급	가야금	명사	가야금을 연주하다			예술	문화	음악
고급	가열	명사	급속 가열			식문화		
고급	가열	명사	논쟁의 가열					
고급	가엾다	형용사	아이가 가엾다	가엽다		심리	인간	감정
고급	가옥	명사	전통 가옥			건축	주생활	주거 형태
초급	가요	명사	가요를 부르다	대중가요		취미	문화	대중문화
고급	가요계	명사	가요계에 종사하다			대중문화		
초급	가운데	명사	가운데 자리			위치 표현하기	개념	위치 및 방향
초급	가위	명사	가위로 자르다			학교생활	교육	학습 관련 사물
초급	가을	명사	계절			날씨와 계절	개념	시간
중급	가입	명사	회원 가입		탈퇴	컴퓨터와 인터넷		
중급	가입자	명사	신규 가입자			컴퓨터와 인터넷		
초급	가장	부사	가장 좋다				개념	순서
중급	가장	명사	집안의 가장	호주01			삶	친족 관계
고급	가장자리	명사	가장자리에 놓다				개념	위치 및 방향
중급	가전제품	명사	가전제품을 구매하다	가전		집 구하기	주생활	생활용품
중급	가정	명사	가정을 이루다					
중급	가정	명사	가정을 세우다				교육	학문 용어
중급	가정주부	명사	가정주부로 살다	주부		개인정보 교환하기	사회생활	직업
초급	가져가다	동사	우산을 가져가다			초대와 방문	사회생활	사회 활동
중급	가져다주다	동사	물건을 가져다주다					
중급	가져다주다	동사	성공을 가져다주다					
초급	가져오다	동사	우산을 가져오다			초대와 방문	사회생활	사회 활동
초급	가족	명사	우리 가족	식구		소개하기(가족소개)	삶	친족 관계
중급	가죽	명사	가죽 잠바			복장 표현하기	동식물	동물의 부분
고급	가중	명사	책임 가중		경감01			
고급	가중	명사	가중 처벌					
중급	가지	명사	가지를 꺾다			환경문제	동식물	식물의 부분
초급	가지	의존명사	여러 가지				개념	세는 말
초급	가지다	동사	돈을 가지다			물건사기		
초급	가지다	동사	실력을 가지다					
고급	가지런히	부사	가지런히 꽂다				개념	모양
중급	가짜	명사	가짜 보석		진짜01			
고급	가창력	명사	가창력이 뛰어나다			예술	인간	능력
고급	가책	명사	양심의 가책			심리	인간	감정
고급	가축	명사	가축을 기르다				동식물	동물류
고급	가출	명사	가출 청소년			사회문제		
중급	가치	명사	가치가 높다			가족행사-명절	인간	인지 행위
중급	가치관	명사	가치관이 바뀌다			가족행사-명절	인간	인지 행위
중급	가톨릭	명사	가톨릭을 믿다	가톨릭교|가톨릭교회			종교	종교 유형
고급	가파르다	형용사	언덕이 가파르다			지리정보		
고급	가파르다	형용사	상승세가 가파르다					
고급	가하다	동사	박차를 가하다		감하다			
고급	가해자	명사	가해자를 처벌하다		피해자	법		
고급	가혹	명사	가혹 행위					
고급	가훈	명사	가훈을 정하다			철학, 윤리		
고급	가히	부사	가히 놀랄 만하다					
중급	각	관형사	각 개인					
고급	각	명사	얼굴 각					
고급	각	명사	각이 넓다	각도			개념	모양
초급	각각02/각각	부사/명사	각각 다르다	따로따로				
고급	각계	명사	각계 대표					
고급	각계각층	명사	사회 각계각층			정치		
고급	각광	명사	각광을 받다			대중문화		
중급	각국	명사	아시아 각국				개념	지역
고급	각기01/각기	명사/부사	각기 다르다					
고급	각도	명사	각도를 재다	각02		과학과 기술	개념	정도
고급	각박하다	형용사	세상이 각박하다	야박하다		사회문제		
고급	각별하다	형용사	마음이 각별하다	각별나다00		인간관계		
고급	각별히	부사	각별히 생각하다					
고급	각본	명사	각본을 쓰다	극본		예술	문화	대중문화
고급	각성	명사	각성을 촉구하다				인간	인지 행위
고급	각양각색	명사		가지각색|형형색색			개념	모양
중급	각오	명사	각오를 다지다				인간	인지 행위
중급	각자01/각자	명사/부사	각자가 맡다	제각각01제각각02|제각기01제각기02				
중급	각종	명사	각종 과일	각가지|각색01				
고급	각지	명사	각지를 여행하다	각처		지리정보	개념	지역
중급	간	명사	간을 보다			요리 설명하기	식생활	맛
중급	간	명사	간 이식			건강	인간	신체 부위
중급	간	의존명사	서울과 부산 간					
중급	간	의존명사	국가 간			인간관계	사회생활	인간관계
고급	간간이	부사	간간이 나타나다	때때로|이따금			개념	정도
중급	간격	명사	간격을 넓히다	간극			개념	위치 및 방향
고급	간결하다	형용사	디자인이 간결하다					
고급	간결하다	형용사	간결한 대답					
고급	간과하다	동사	문제를 간과하다				인간	인지 행위
초급	간단하다	형용사	설명이 간단하다					
초급	간단하다	형용사	계산이 간단하다					
초급	간단히	부사	간단히 이야기하다					
초급	간단히	부사	간단히 입다					
고급	간담회	명사	간담회에 참여하다			정치	사회생활	사회 활동
고급	간략하다	형용사	설명이 간략하다					
고급	간밤	명사	간밤에 꿈을 꾸다	지난밤00			개념	시간
고급	간부	명사	회사 간부			직장생활	사회생활	직위
중급	간섭	명사	간섭을 받다					
고급	간소하다	형용사	옷차림이 간소하다					
초급	간식	명사	간식을 먹다			음식 주문하기	식생활	음식
중급	간신히	부사	간신히 견디다				인간	태도
초급	간장	명사	간장을 넣다			요리 설명하기	식생활	식재료
중급	간절하다	형용사	간절한 기도			감정/기분 표현하기	인간	감정
고급	간절히	부사	간절히 바라다			심리	인간	감정
고급	간접	명사	간접 광고		직접01	사회문제		
중급	간접적01∙간접적	관형사∙명사	간접적 영향		직접적01|직접적02			
고급	간주	명사	범죄자로 간주하다				인간	인지 행위
중급	간지럽다	형용사	눈이 간지럽다	가렵다			인간	감각
중급	간지럽다	형용사	뒤통수가 간지럽다			건강		
고급	간직	명사	사진을 간직하다					
고급	간직	명사	추억을 간직하다					
고급	간첩	명사	간첩을 잡다	스파이|첩자		정치		
중급	간판	명사	간판을 걸다				주생활	주택 구성
중급	간편하다	형용사	사용이 간편하다		복잡하다			
중급	간호	명사	간호를 받다			건강	삶	치료 행위
초급	간호사	명사	간호사가 되다			소개하기(자기소개)	사회생활	직업
중급	간혹02/간혹	부사/명사	간혹 생기다	혹02			개념	빈도
중급	갇히다	동사	감옥에 갇히다					
중급	갈다	동사	전구를 갈다	교체하다|대체하다01		집 구하기		
고급	갈다	동사	칼을 갈다					
고급	갈대	명사	갈대처럼 흔들리다			여가생활	동식물	식물류
중급	갈등	명사	갈등이 심하다			인간관계	인간	감정
중급	갈라지다	동사	벽이 갈라지다					
중급	갈라지다	동사	의견이 갈라지다					
고급	갈래	명사	하위 갈래					
고급	갈망	명사	자유를 갈망하다			심리	인간	인지 행위
초급	갈비	명사	갈비를 먹다			음식 주문하기	식생활	식재료
초급	갈비탕	명사	갈비탕을 먹다			음식 주문하기	식생활	음식
초급	갈색	명사	색				개념	색깔
중급	갈수록	부사	갈수록 늘어나다				개념	시간
초급	갈아입다	동사	옷을 갈아입다			복장 표현하기	의생활	의복 착용 행위
초급	갈아타다	동사	지하철을 갈아타다			교통 이용하기	사회생활	교통 이용 행위
중급	갈증	명사	갈증이 나다			건강	인간	감각
고급	갈피	명사	갈피를 잡다					
초급	감	명사	과일			음식 주문하기	식생활	과일
고급	감	명사	감이 오다			심리	인간	감정
중급	감각	명사	감각이 없다			건강	인간	감각
고급	감격	명사	감격의 눈물			심리	인간	감정
고급	감격스럽다	형용사	감격스러운 순간			심리	인간	감정
고급	감금	명사	감금을 당하다			사회문제	정치와 행정	사법 및 치안 행위
초급	감기	명사	감기에 걸리다				삶	병과 증상
고급	감기다	동사	줄에 감기다					
초급	감기약	명사	감기약을 먹다			약국 이용하기	삶	약품류
초급	감다	동사	눈을 감다		뜨다05	하루생활	인간	신체 행위
초급	감다	동사	머리를 감다			하루생활	삶	일상 행위
중급	감다	동사	붕대를 감다			건강	인간	신체 행위
중급	감다	동사	테이프를 감다				인간	신체 행위
고급	감당	명사	비용 감당					
고급	감당	명사	감당이 안 되다					
중급	감독	명사	감독을 강화하다					
중급	감독	명사	시험 감독				사회생활	직업
중급	감독	명사	연극 감독			공연과 감상	문화	문화 활동 주체
고급	감돌다	동사	긴장이 감돌다					
중급	감동	명사	감동을 받다			공연과 감상	인간	감정
중급	감동적01∙감동적	관형사∙명사	감동적 이야기			공연과 감상	인간	감정
고급	감량	명사	체중 감량		증량00	외양	인간	신체 변화
고급	감면	명사	학비 감면			사회제도		
고급	감명	명사	감명을 받다			심리	인간	감정
고급	감미롭다	형용사	음악이 감미롭다					
초급	감사	명사	감사 인사			감사하기	인간	감정
고급	감사	명사	국정 감사			정치	정치와 행정	정치 및 행정 행위
고급	감상	명사	감상에 젖다			심리	인간	감정
중급	감상	명사	음악 감상			공연과 감상	문화	문화 활동
중급	감상문	명사	독서 감상문			공연과 감상	문화	문학
고급	감상적01∙감상적	관형사∙명사	감상적 노래			심리		
고급	감성	명사	감성이 풍부하다			심리	인간	감정
고급	감성적01∙감성적	관형사∙명사	감성적 사고			심리	인간	감정
중급	감소	명사	인구 감소		증가	사건, 사고, 재해 기술하기	개념	양
고급	감소세	명사	감소세를 보이다			경제 경영		
고급	감수	명사	고통 감수				사회생활	사회 활동
고급	감수성	명사	감수성이 풍부하다			심리	인간	감정
중급	감시	명사	감시를 당하다					
중급	감싸다	동사	얼굴을 감싸다					
중급	감싸다	동사	실수를 감싸다			인간관계		
고급	감안	명사	현실을 감안하다	고려01|참작			인간	인지 행위
고급	감언이설	명사				인간관계	사회생활	언어 행위
고급	감염	명사	세균 감염			보건과 의료	삶	병과 증상
고급	감염	명사	바이러스 감염					
중급	감옥	명사	감옥에 가두다	옥				
고급	감원	명사	근로자 감원		증원	직장생활		
초급	감자	명사	감자 튀김			음식 주문하기	식생활	채소
중급	감정	명사	감정이 풍부하다			감정/기분 표현하기	인간	감정
고급	감정적01∙감정적	관형사∙명사	감정적 문제			심리	인간	감정
고급	감지	명사	감지 능력				인간	인지 행위
고급	감쪽같이	부사	감쪽같이 사라지다					
고급	감촉	명사	감촉이 부드럽다	촉감		외양	인간	감각
중급	감추다	동사	모습을 감추다					
고급	감축	명사	예산 감축			경제 경영		
고급	감탄	명사	감탄이 나오다			심리	인간	감정
고급	감탄사	명사	감탄사가 나오다			언어	사회생활	말
고급	감하다	동사	월급을 감하다	빼다|줄이다	가하다01			
고급	감회	명사	감회가 새롭다			심리	인간	감정
중급	감히	부사	감히 대들다				인간	감정
고급	갑	명사	갑을 관계			직장생활		
고급	갑갑하다	형용사	마음이 갑갑하다			심리	인간	감정
초급	갑자기	부사	갑자기 나타나다					
중급	갑작스럽다	형용사	갑작스러운 일	돌연하다				
초급	값	명사	값을 깎다	가격02		물건사기	경제생활	경제 수단
중급	값싸다	형용사	값싼 물건		값비싸다	물건사기	경제생활	경제 상태
고급	값어치	명사	값어치가 떨어지다			경제 경영	경제생활	경제 상태
고급	값지다	형용사	값진 보석			경제 경영	경제생활	경제 상태
고급	갓	부사	갓 졸업하다				개념	시간
초급	강	명사	강을 건너다			여행	자연	지형
고급	강간	명사	강간을 당하다	겁탈		사회문제		
고급	강국	명사	스포츠 강국	강대국	약국00	정치	정치와 행정	정치 및 행정 주체
고급	강당	명사	강당에 모이다			교육	교육	학교 시설
고급	강대국	명사	강대국으로 발전하다	강국|강대국가00	약소국	정치	정치와 행정	정치 및 행정 주체
고급	강도	명사	강도가 세다				개념	정도
중급	강도	명사	은행 강도				정치와 행정	사법 및 치안 주체
중급	강도	명사	강도 사건					
고급	강력	명사	강력 대처				개념	정도
고급	강력히	부사	강력히 주장하다				인간	태도
고급	강렬하다	형용사	빛이 강렬하다			심리	개념	정도
중급	강물	명사	강물이 흐르다	강수00		지리정보	자연	지형
중급	강사	명사	시간 강사			학교생활	교육	교수 학습 주체
고급	강산	명사	강산을 지키다			지리정보	자연	지형
고급	강세	명사	강세를 보이다		약세00	경제 경영	개념	정도
중급	강수량	명사	강수량이 많다			날씨와 계절	자연	기상 및 기후
초급	강아지	명사	강아지를 키우다			취미	동식물	동물류
고급	강압	명사	강압을 받다			정치		
고급	강연	명사	강연을 하다			교육	사회생활	언어 행위
중급	강요	명사	강요를 받다					
고급	강우량	명사	강우량이 많다			기후	자연	기상 및 기후
중급	강의	명사	강의를 듣다			학교생활	교육	교수 학습 행위
중급	강의실	명사	대형 강의실			학교생활	교육	학교 시설
고급	강인하다	형용사	강인한 체력				인간	체력 상태
고급	강자	명사	강자를 물리치다		약자01		인간	사람의 종류
고급	강점	명사	강점을 살리다		약점	직업과 진로		
중급	강제	명사	강제로 시키다					
고급	강제적01∙강제적	관형사∙명사	강제적 조치				인간	태도
중급	강조	명사	강조 사항					
고급	강좌	명사	강좌를 개설하다			교육		
고급	강직하다	형용사	성품이 강직하다			심리	인간	성격
고급	강풍	명사	강풍이 불다			기후	자연	기상 및 기후
초급	강하다	형용사	힘이 강하다	세다03	약하다		개념	성질
초급	강하다	형용사	자존심이 강하다	세다03	약하다			
고급	강행	명사	소송을 강행하다			정치		
고급	강화	명사	국력 강화		약화	정치		
중급	갖가지	명사	갖가지 모양					
초급	갖다	동사	돈을 갖다					
고급	갖은	관형사	갖은 방법					
중급	갖추다	동사	시설을 갖추다	구비하다				
중급	갖추다	동사	예의를 갖추다			직업과 진로		
초급	같다	형용사	서로 같다	동일하다	다르다		개념	모양
초급	같다	형용사	천사 같다					
초급	같이	부사	같이 살다					
초급	갚다	동사	돈을 갚다				경제생활	경제 행위
초급	개	명사	동물			취미	동식물	동물류
초급	개	의존명사	사과 한 개			물건사기	개념	세는 말
고급	개강	명사	개강 파티		종강	교육	교육	교수 학습 행위
고급	개개인	명사	개개인의 능력				인간	사람의 종류
고급	개관	명사	박물관 개관		폐관00	대중문화		
고급	개괄적01∙개괄적	관형사∙명사	개괄적 설명					
중급	개구리	명사	개구리를 잡다				동식물	동물류
고급	개국	의존명사	10여 개국			정치		
고급	개그	명사	개그 프로그램	익살		대중문화	문화	대중문화
중급	개나리	명사	개나리가 피다			날씨와 계절	동식물	식물류
중급	개념	명사	개념을 이해하다				인간	인지 행위
중급	개다	동사	날씨가 개다			날씨와 계절	자연	기상 및 기후
중급	개다	동사	옷을 개다	개키다		복장 표현하기		
고급	개량	명사	품종 개량	개선01		사회문제		
고급	개막	명사	올림픽 개막		폐막	스포츠		
고급	개막식	명사	월드컵 개막식		폐막식	스포츠		
중급	개미	명사	벌레				동식물	곤충류
중급	개발	명사	재능 개발	계발				
중급	개발	명사	경제 개발			집 구하기		
중급	개방	명사	개방 시간		폐쇄	성격 표현하기		
고급	개방적01∙개방적	관형사∙명사	개방적 사고		폐쇄적01|폐쇄적02	심리		
중급	개별	명사	개별 행동					
고급	개별적01∙개별적	관형사∙명사	개별적 관심			심리		
고급	개봉	명사	편지 개봉					
고급	개봉	명사	영화 개봉			대중문화		
중급	개선	명사	제도 개선					
고급	개설	명사	강좌 개설			교육	교육	교수 학습 행위
고급	개설	명사	통장 개설				경제생활	경제 행위
중급	개성	명사	개성이 강하다			성격 표현하기	인간	성격
고급	개수	명사	개수를 세다				개념	수
고급	개시	명사	행동 개시					
고급	개신교	명사	개신교를 믿다	프로테스탄트00		종교	종교	종교 유형
고급	개업	명사	식당 개업		폐업	경제 경영	경제생활	경제 행위
고급	개요	명사	개요를 작성하다	개략		교육	교육	학문 용어
고급	개운하다	형용사	몸이 개운하다			심리	인간	감각
초급	개월	의존명사	삼 개월			날짜 표현하기	개념	세는 말
중급	개인	명사	개인의 자유			인간관계		
중급	개인적01∙개인적	관형사∙명사	개인적 감정			인간관계		
고급	개인주의	명사	개인주의 성향			사회문제		
고급	개입	명사	정치적 개입			정치		
고급	개작	명사	원작 개작			예술		
고급	개장	명사	해수욕장 개장		폐장			
고급	개정	명사	헌법 개정			법		
고급	개조	명사	차량 개조			주거 생활		
고급	개척	명사	황무지 개척	개간		정치		
고급	개척	명사	시장 개척					
고급	개체	명사	개체가 모이다					
중급	개최	명사	공동 개최			공연과 감상	사회생활	사회 활동
고급	개통	명사	도로 개통		불통			
고급	개편	명사	교과서 개편			교육		
고급	개표	명사	개표 결과			정치	정치와 행정	정치 및 행정 행위
중급	개혁	명사	경제 개혁	개변				
중급	객관적01∙객관적	관형사∙명사	객관적 증거		주관적01|주관적02		교육	학문 행위
고급	객석	명사	극장 객석			대중문화		
고급	객실	명사	객실을 예약하다	객방00|빈실00|손님방00		여가생활		
고급	객지	명사	객지 생활	타향		주거 생활	개념	지역
중급	걔	줄어든 말	그 아이				개념	인칭
초급	거	의존명사	먹을 거					
고급	거금	명사	거금을 들이다	큰돈		경제 경영	경제생활	경제 수단
초급	거기	대명사	거기에 있다	그곳		위치 표현하기	개념	지시
중급	거꾸로	부사	거꾸로 뒤집히다				개념	위치 및 방향
고급	거느리다	동사	백성을 거느리다			정치		
고급	거닐다	동사	거리를 거닐다			여가생활	인간	신체 행위
중급	거대	명사	거대 규모				개념	모양
고급	거동	명사	거동이 불편하다			보건과 의료	인간	신체 행위
중급	거두다	동사	빨래를 거두다					
중급	거두다	동사	성공을 거두다					
중급	거들다	동사	일을 거들다			인간관계	사회생활	사회 활동
고급	거듭	부사	거듭 강조하다				개념	빈도
고급	거듭나다	동사	새사람으로 거듭나다					
고급	거뜬하다	형용사	거뜬한 일			심리	인간	능력
중급	거래	명사	거래가 이루어지다				경제생활	경제 행위
중급	거래처	명사	거래처 직원			직장생활		
고급	거론	명사	실명 거론			정치	사회생활	언어 행위
고급	거룩하다	형용사	말씀이 거룩하다			심리		
고급	거르다	동사	불순물을 거르다			환경문제		
고급	거르다	동사	끼니를 거르다			식문화		
초급	거리	명사	거리로 나가다	길거리		교통 이용하기	사회생활	교통 이용 장소
고급	거리	의존명사	이야깃거리					
초급	거리	명사	거리가 가깝다			교통 이용하기	개념	위치 및 방향
고급	거리낌	명사	거리낌이 없다			심리	인간	태도
고급	거만	명사	거만을 떨다			심리	인간	태도
고급	거문고	명사	거문고를 뜯다			예술	문화	음악
중급	거미	명사	벌레				동식물	곤충류
고급	거부	명사	참가 거부	거절		심리	사회생활	사회 활동
고급	거부감	명사	거부감이 들다			심리	인간	감정
중급	거북이	명사	동물	거북			동식물	동물류
고급	거북하다	형용사	속이 거북하다			심리	인간	감각
고급	거북하다	형용사	거북한 상황					
고급	거세다	형용사	바람이 거세다					
고급	거세다	형용사	논란이 거세다					
고급	거스르다	동사	명령을 거스르다				사회생활	사회 활동
고급	거스르다	동사	시간을 거스르다					
중급	거스름돈	명사	거스름돈을 받다	잔돈02		물건사기	경제생활	경제 수단
고급	거슬리다	동사	눈에 거슬리다			심리		
고급	거시적01∙거시적	관형사∙명사	거시적 관점					
초급	거실	명사	거실에 모이다			집 구하기	주생활	주택 구성
고급	거액	명사	거액을 들이다		소액	경제 경영	경제생활	경제 수단
초급	거울	명사	거울을 보다			외모 표현하기	주생활	생활용품
초급	거의02/거의	부사/명사	거의 없다				개념	양
고급	거인	명사	거인같이 크다				인간	사람의 종류
고급	거인	명사	건축계의 거인					
초급	거절	명사	제안을 거절하다	거부02	승낙	사과하기	사회생활	사회 활동
고급	거주	명사	거주 구역	주거		주거 생활	삶	삶의 행위
고급	거주자	명사	국내 거주자			주거 생활		
중급	거지	명사	거지가 구걸하다	걸인				
중급	거짓	명사	거짓으로 꾸미다	허위	참01			
초급	거짓말	명사	선의의 거짓말	허언	참말		사회생활	언어 행위
고급	거창하다	형용사	계획이 거창하다					
고급	거처	명사	거처를 마련하다	거소		주거 생활		
중급	거치다	동사	도시를 거치다			교통 이용하기		
중급	거치다	동사	과정을 거치다					
중급	거칠다	형용사	피부가 거칠다				개념	성질
중급	거칠다	형용사	땅이 거칠다				개념	성질
중급	거칠다	형용사	행동이 거칠다				인간	태도
중급	거칠다	형용사	바람이 거칠다				개념	성질
고급	거침없이	부사	거침없이 말하다				인간	태도
중급	거품	명사	거품이 나다			요리 설명하기		
초급	걱정	명사	걱정이 많다	근심		감정/기분 표현하기	인간	감정
고급	걱정거리	명사	걱정거리가 늘다	근심거리			인간	인지 행위
중급	걱정스럽다	형용사	자식이 걱정스럽다	근심스럽다|염려스럽다		감정/기분 표현하기	인간	감정
고급	꺾이다	동사	나뭇가지가 꺾이다					
고급	건00/건	명사/의존명사	서류 네 건					
초급	건강	명사	건강 검진			건강	인간	체력 상태
고급	건국	명사	조선의 건국	개국03		정치		
고급	건기	명사	건기와 우기	건조기01		기후	자연	기상 및 기후
중급	건너	명사	길 건너			교통 이용하기	개념	위치 및 방향
초급	건너가다	동사	길을 건너가다		건너오다	길찾기	사회생활	교통 이용 행위
초급	건너다	동사	길을 건너다			길찾기	사회생활	교통 이용 행위
초급	건너편	명사	건너편으로 가다			길찾기	사회생활	교통 이용 장소
중급	건널목	명사	건널목을 건너다	횡단보도		교통 이용하기	사회생활	교통 이용 장소
중급	건네다	동사	돈을 건네다				사회생활	사회 활동
중급	건네다	동사	말을 건네다				사회생활	사회 활동
중급	건네주다	동사	돈을 건네주다		건네받다		사회생활	사회 활동
중급	건드리다	동사	물건을 건드리다				인간	신체 행위
중급	건드리다	동사	감정을 건드리다					
고급	건립	명사	기념관 건립					
고급	건립	명사	국가 건립			역사	정치와 행정	정치 및 행정 행위
고급	건망증	명사	건망증에 걸리다			보건과 의료	삶	병과 증상
초급	건물	명사	건물을 짓다			집 구하기	주생활	건물 종류
고급	건방지다	형용사	행동이 건방지다			심리	인간	태도
중급	건설	명사	아파트 건설		파괴	집 구하기		
고급	건설업	명사	건설업에 종사하다			건축		
고급	건성	명사	건성으로 대답하다			심리	인간	태도
고급	건수	명사	사고 건수			사회문제	개념	수
고급	건의	명사	건의 사항			사회제도	사회생활	언어 행위
고급	건장하다	형용사	체격이 건장하다			외양		
고급	건전	명사	건전 가요			사회제도		
중급	건전지	명사	건전지를 갈다			문제 해결하기(분실 및 고장)		
중급	건조	명사	건조 기후			날씨와 계절		
중급	건조	명사	자연 건조					
중급	건지다	동사	그물을 건지다		빠뜨리다			
중급	건지다	동사	목숨을 건지다	구하다02				
중급	건축	명사	건축 공사			집 구하기		
고급	건축가	명사	건축가가 되다	건축사|건축자00		건축		
고급	건축물	명사	건축물을 세우다			건축	주생활	건물 종류
초급	걷다	동사	길을 걷다				인간	신체 행위
중급	걷다	동사	소매를 걷다			복장 표현하기		
중급	걷다	동사	돗자리를 걷다			집안일		
중급	걷다	동사	빨래를 걷다			집안일		
중급	걷다	동사	돈을 걷다					
고급	걷어차다	동사	발로 걷어차다				인간	신체 행위
고급	걷어차다	동사	기회를 걷어차다					
고급	걷잡다	동사	걷잡을 수 없다					
초급	걸다	동사	그림을 걸다				주생활	가사 행위
초급	걸다	동사	말을 걸다				사회생활	사회 활동
초급	걸다	동사	전화를 걸다					
중급	걸레	명사	걸레로 닦다			집안일	주생활	가사 행위
고급	걸려들다	동사	덫에 걸려들다					
고급	걸려들다	동사	상술에 걸려들다					
초급	걸리다	동사	그림이 걸리다					
초급	걸리다	동사	감기에 걸리다				삶	병과 증상
초급	걸리다	동사	시간이 걸리다			교통 이용하기		
초급	걸리다	동사	전화가 걸리다					
고급	걸림돌	명사	걸림돌을 제거하다					
고급	걸맞다	형용사	나이에 걸맞다					
초급	걸어가다	동사	학교에 걸어가다		걸어오다01	길찾기	인간	신체 행위
초급	걸어오다	동사	집에 걸어오다		걸어가다	길찾기	인간	신체 행위
초급	걸음	명사	걸음이 느리다	발걸음			삶	일상 행위
고급	걸음걸이	명사	걸음걸이가 느리다			외양	인간	신체 행위
고급	걸작	명사	최고 걸작	명작	졸작	예술	문화	예술
중급	걸치다	동사	언덕에 걸치다					
중급	걸치다	동사	기간에 걸치다					
중급	걸치다	동사	옷을 걸치다			복장 표현하기	의생활	의복 착용 행위
고급	걸터앉다	동사	의자에 걸터앉다				인간	신체 행위
고급	걸핏하면	부사	걸핏하면 화내다	툭하면				
고급	검	명사	검으로 베다					
고급	검거	명사	범인 검거			사회문제	정치와 행정	사법 및 치안 행위
중급	검다	형용사	색깔이 검다			복장 표현하기	개념	색깔
중급	검다	형용사	검은 돈				개념	색깔
고급	검문	명사	검문에 걸리다			사회문제		
중급	검사	명사	검사가 되다	검찰관		직업과 진로	정치와 행정	사법 및 치안 주체
초급	검사	명사	숙제 검사			학교생활	삶	치료 행위
중급	검색	명사	인터넷 검색			컴퓨터와 인터넷	사회생활	통신 행위
고급	검소	명사	검소한 태도			경제 경영	경제생활	경제 상태
초급	검은색	명사	색	흑색			개념	색깔
초급	검정	명사	색				개념	색깔
고급	검증	명사	이론 검증			과학과 기술	교육	학문 행위
고급	검진	명사	건강 검진	진찰		보건과 의료	삶	치료 행위
고급	검찰	명사	검찰 수사	검찰청		사회문제	정치와 행정	사법 및 치안 주체
중급	검토	명사	서류 검토					
중급	겁	명사	겁이 많다			감정/기분 표현하기	인간	감정
중급	겁나다	동사	말하기가 겁나다			감정/기분 표현하기	인간	감정
고급	겁내다	동사	죽음을 겁내다			심리	인간	인지 행위
초급	것	의존명사	먹을 것					
초급	겉	명사	겉과 속		속	위치 표현하기	개념	위치 및 방향
중급	겉모습	명사	겉모습만 보다	겉모양		복장 표현하기|#외모 표현하기	인간	용모
고급	겉보기	명사	겉보기와 다르다	외관		외양	개념	모양
중급	겉옷	명사	겉옷을 벗다			복장 표현하기	의생활	옷 종류
중급	게	명사	게를 먹다			음식 주문하기|#요리 설명하기	식생활	식재료
중급	게다가	부사					개념	접속
중급	게시	명사	안내문 게시			컴퓨터와 인터넷		
중급	게시판	명사	게시판에 붙이다	안내판|알림판		컴퓨터와 인터넷		
초급	게으르다	형용사	게으른 사람		부지런하다	성격 표현하기	인간	태도
고급	게을리하다	동사	일을 게을리하다				인간	태도
초급	게임	명사	컴퓨터 게임	놀이		취미	삶	여가 도구
초급	게임	명사	아시안 게임	경기02|시합			삶	여가 도구
고급	게재	명사	기사 게재			언론	사회생활	통신 행위
고급	겨냥	명사	과녁 겨냥					
고급	겨냥	명사	소비자를 겨냥하다			경제 경영		
고급	겨누다	동사	총을 겨누다					
고급	겨드랑이	명사	겨드랑이에 끼다				인간	신체 부위
고급	겨루다	동사	승부를 겨루다			스포츠	사회생활	사회 활동
고급	겨를	의존명사	겨를이 없다	틈02			개념	시간
중급	겨우	부사	겨우 몇 개	가까스로			개념	정도
초급	겨울	명사	계절			날씨와 계절	개념	시간
중급	겨울철	명사	겨울철 준비	동계|동절		날씨와 계절	개념	시간
고급	격01/격	명사/의존명사	격이 높다					
중급	격려	명사	격려를 받다				사회생활	언어 행위
고급	격렬하다	형용사	싸움이 격렬하다	극렬하다				
고급	격리	명사	격리 치료			사회문제		
고급	격세지감	명사				역사		
고급	격식	명사	격식을 갖추다				사회생활	사회 생활 상태
고급	격언	명사	격언을 인용하다			언어	사회생활	말
고급	격주	명사	격주로 나오다					
고급	격차	명사	소득 격차			사회문제	개념	정도
중급	겪다	동사	고통을 겪다					
중급	겪다	동사	사람을 겪다					
고급	견고하다	형용사	제품이 견고하다	공고하다02				
고급	견과	명사	견과를 먹다			식문화	식생활	과일
중급	견디다	동사	고통을 견디다					
중급	견디다	동사	화재에 견디다					
고급	견문	명사	견문을 넓히다			교육	인간	인지 행위
고급	견본	명사	견본 주택	견품00		경제 경영		
고급	견제	명사	견제를 받다				사회생활	사회 활동
고급	견주다	동사	실력을 견주다					
중급	견학	명사	박물관 견학			학교생활	교육	교수 학습 행위
중급	견해	명사	견해 차이			인간관계	인간	인지 행위
초급	결과	명사	검사 결과					
중급	결국02/결국	부사/명사	결국 해내다				개념	시간
중급	결근	명사	회사 결근			직장생활	사회생활	직장 생활
고급	결단	명사	결단을 내리다				인간	인지 행위
고급	결단력	명사	결단력이 부족하다			심리	인간	능력
중급	결론	명사	결론을 내리다					
고급	결말	명사	결말이 나다	결국01	발단	예술		
고급	결별	명사	연인과 결별하다			인간관계	사회생활	사회 활동
고급	결부	명사	돈에 결부되다					
고급	결산	명사	연말 결산			경제 경영		
초급	결석	명사	학교에 결석하다		출석	학교생활	교육	교수 학습 행위
고급	결선	명사	결선에 진출하다			스포츠		
고급	결성	명사	팀 결성					
고급	결속	명사	결속을 강화하다					
중급	결승	명사	결승 경기	결승전		취미		
고급	결승선	명사	결승선을 넘다			스포츠		
고급	결승전	명사	결승전을 치르다	결승		스포츠		
고급	결실	명사	결실을 맺다					
초급	결심	명사	굳은 결심	결의01			인간	인지 행위
고급	결여	명사	객관성 결여					
고급	결의	명사	결의를 다지다	결심				
고급	결의	명사	결의 사항	의결		직장생활	사회생활	사회 활동
고급	결재	명사	결재 서류			직장생활	사회생활	직장 생활
고급	결점	명사	결점을 보완하다	단점				
초급	결정	명사	결정을 내리다			감정/기분 표현하기	인간	인지 행위
고급	결정적01∙결정적	관형사∙명사	결정적 증거					
고급	결정짓다	동사	승패를 결정짓다					
중급	결제	명사	카드 결제			물건사기	경제생활	경제 행위
중급	결코	부사	결코 어렵지 않다				개념	정도
고급	결핍	명사	영양 결핍			보건과 의료		
고급	결함	명사	기계 결함			과학과 기술		
중급	결합	명사	결합 관계					
초급	결혼	명사	결혼 기념	혼인	이혼	가족행사	삶	가족 행사
초급	결혼식	명사	결혼식을 올리다	예식|혼례|혼례식|혼인식		가족행사	삶	가족 행사
중급	결혼식장	명사	야외 결혼식장			연애와 결혼	삶	가족 행사
고급	겸	의존명사	아침 겸 점심					
중급	겸손	명사	겸손한 태도	겸허	교만	성격 표현하기	인간	태도
고급	겸하다	동사	두 직업을 겸하다					
고급	겸허	명사	겸허한 태도	겸손		심리	인간	태도
고급	겹	명사	두 겹					
중급	겹치다	동사	불행이 겹치다					
고급	경	접사	9시경	-께|-무렵|-쯤			개념	시간
고급	경각심	명사	경각심을 일깨우다	경계심		심리		
고급	경건하다	형용사	마음이 경건하다			심리	인간	감정
중급	경계	명사	경계 지역				개념	위치 및 방향
고급	경계	명사	경계를 풀다				인간	인지 행위
중급	경고	명사	경고를 주다				사회생활	언어 행위
고급	경고문	명사	경고문을 붙이다			사회제도	사회생활	소통 수단
고급	경공업	명사	경공업 발전			경제 경영		
고급	경과	명사	기한 경과					
고급	경관	명사	주변 경관	경치		여가생활		
중급	경기	명사	경기가 회복되다			사건, 사고, 재해 기술하기	경제생활	경제 행위
초급	경기	명사	운동 경기			취미	삶	여가 활동
중급	경기장	명사	실내 경기장			취미	삶	여가 시설
중급	경력	명사	경력을 쌓다			직업과 진로	사회생활	직장 생활
고급	경련	명사	경련이 일어나다			보건과 의료	삶	병과 증상
고급	경로	명사	경로를 변경하다					
고급	경매	명사	경매 가격			경제 경영	경제생활	경제 행위
고급	경멸	명사	경멸의 시선			심리	인간	태도
고급	경보	명사	경보가 발령되다			사회문제		
중급	경복궁	명사	경복궁에 가다				문화	전통문화
중급	경비	명사	여행 경비			여행	경제생활	경제 수단
고급	경비	명사	경비 아저씨	경비원		주거 생활	사회생활	직업
중급	경비실	명사	아파트 경비실			집 구하기		
고급	경사	명사	경사가 가파르다	기울기00		지리정보	개념	모양
고급	경솔하다	형용사	경솔한 말	경박하다		심리	인간	태도
고급	경시	명사	생명 경시		중시	심리		
고급	경악	명사	경악을 금치 못하다			심리	인간	감정
고급	경연	명사	요리 경연			대중문화		
중급	경영	명사	회사 경영			직장생활	사회생활	직장 생활
고급	경영진	명사	회사 경영진			경제 경영	경제생활	경제 행위 주체
고급	경영학	명사	경영학을 전공하다	경영 경제학00		교육|#경제 경영	교육	전공과 교과목
중급	경우	명사	그런 경우					
고급	경위	명사	경위를 조사하다			사회문제		
고급	경유	명사	경유 노선			여가생활	사회생활	교통 이용 행위
고급	경이롭다	형용사	경이로운 광경			심리		
중급	경쟁	명사	경쟁 상대				사회생활	사회 활동
중급	경쟁력	명사	경쟁력을 키우다				인간	능력
고급	경쟁률	명사	경쟁률이 높다			교육	사회생활	사회 생활 상태
고급	경쟁자	명사	최고 경영자					
고급	경쟁적01∙경쟁적	관형사∙명사	경쟁적 관계					
고급	경전	명사	불교 경전			종교	종교	종교 활동 도구
중급	경제	명사	경제 개발				경제생활	경제 행위
고급	경제권	명사	동북아 경제권			경제 경영	경제생활	경제 상태
중급	경제력	명사	경제력 차이				경제생활	경제 행위
고급	경제성	명사	경제성이 떨어지다			경제 경영	경제생활	경제 상태
중급	경제적01∙경제적	관형사∙명사	경제적 능력				경제생활	경제 행위
고급	경제학	명사	경제학을 전공하다			교육|#경제 경영	교육	전공과 교과목
고급	경조사	명사	경조사에 참여하다			문화차이	삶	가족 행사
고급	경주	명사	자동차 경주	달리기		스포츠		
고급	경지	명사	경지에 이르다	부문|분야|영역				
고급	경직	명사	근육 경직			심리	인간	감각
고급	경직	명사	경직된 분위기					
초급	경찰	명사	경찰 조사			소개하기(자기소개)	정치와 행정	사법 및 치안 주체
초급	경찰	명사	경찰에게 잡히다	경찰관		소개하기(자기소개)	정치와 행정	사법 및 치안 주체
중급	경찰관	명사	교통 경찰관	경관|경찰			정치와 행정	사법 및 치안 주체
초급	경찰서	명사	경찰서에 신고하다			소개하기(자기소개)	사회생활	직장
고급	경찰청	명사	지방 경찰청			사회제도	정치와 행정	사법 및 치안 주체
고급	경청	명사	강의 경청			인간관계	인간	인지 행위
초급	경치	명사	경치가 좋다	풍경		여행		
고급	경쾌하다	형용사	기분이 경쾌하다			심리		
고급	경품	명사	경품에 당첨되다			대중문화	경제생활	경제 수단
중급	경향	명사	새로운 경향	동향03				
초급	경험	명사	경험을 쌓다				인간	인지 행위
고급	경험담	명사	경험담을 이야기하다	체험담		언어	사회생활	언어 행위
고급	경호	명사	대통령 경호			정치	사회생활	사회 활동
중급	곁	명사	곁에 있다				개념	위치 및 방향
고급	곁눈질	명사	곁눈질로 보다				인간	신체 행위
고급	곁들이다	동사	양념을 곁들이다			식문화		
고급	계	명사	계 모임			경제 경영		
고급	계	접사	중국계					
고급	계	접사	교육계					
중급	계곡	명사	계곡에서 놀다			여행	자연	지형
고급	계급	명사	계급이 높다			사회제도	사회생활	사회 생활 상태
중급	계기	명사	사건의 계기					
초급	계단	명사	계단을 오르다	층계		집 구하기	주생활	주택 구성
초급	계란	명사	계란을 먹다	달걀		음식 주문하기	식생활	식재료
고급	계발	명사	자기 계발	개발				
초급	계산	명사	날짜 계산	셈01			경제생활	경제 행위
초급	계산	명사	식사 값 계산			물건사기	경제생활	경제 행위
중급	계산기	명사	계산기로 계산하다			물건사기	경제생활	경제 수단
중급	계산대	명사	계산대에서 계산하다			물건사기	경제생활	경제 수단
초급	계속02/계속	부사/명사	계속 달리다				개념	시간
고급	계승	명사	왕위 계승			역사		
초급	계시다	동사	한국에 계시다			소개하기(가족소개)		
초급	계시다	동사	교수로 계시다					
중급	계약	명사	계약을 맺다			집 구하기	경제생활	경제 행위
중급	계약금	명사	계약금을 받다			집 구하기	경제생활	경제 수단
고급	계열	명사	사회 계열			교육		
초급	계절	명사	계절이 바뀌다	철01		날씨와 계절	개념	시간
중급	계좌	명사	계좌 번호	구좌		공공기관 이용하기	경제생활	경제 수단
중급	계층	명사	상류 계층	층				
고급	계통	명사	호흡기 계통					
고급	계통	명사	행정 계통					
고급	계통	명사	언어적 계통					
초급	계획	명사	계획을 세우다			주말 및 휴가	인간	인지 행위
고급	계획적01∙계획적	관형사∙명사	계획적 범행					
고급	고	명사	고 3 학생					
고급	고	관형사	고(故) 김수환			인간관계		
고급	고-	접사	고품질		저-01			
고급	고가	명사	고가로 팔다		저가	경제 경영	경제생활	경제 수단
고급	고가품	명사	고가품을 수집하다			경제 경영		
고급	고갈	명사	에너지 고갈			환경문제		
초급	고개	명사	고개를 들다			외모 표현하기	인간	신체 부위
고급	고개	명사	고개를 넘다			지리정보	자연	지형
중급	고객	명사	고객을 맞다	손님		물건사기	경제생활	경제 행위 주체
고급	고교생	명사	고교생 시절	고등학생		교육	교육	교수 학습 주체
고급	고구려	명사	고구려 시대			역사		
중급	고구마	명사	고구마를 먹다			요리 설명하기	식생활	채소
중급	고국	명사	고국으로 돌아가다	조국		한국생활		
중급	고궁	명사	고궁을 산책하다	궁전|궁정|대궐|전각|궁02		주말 및 휴가	문화	전통문화
고급	고귀하다	형용사	신분이 고귀하다					
중급	고급	명사	고급 시계		저급	복장 표현하기	개념	성질
중급	고급	명사	고급 과정		저급		개념	성질
중급	고급스럽다	형용사	자동차가 고급스럽다			복장 표현하기	개념	성질
초급	고기	명사	고기를 먹다			음식 주문하기	식생활	식재료
초급	고기	명사	고기를 낚다	물고기			식생활	식재료
고급	고기압	명사	고기압과 저기압			기후	자연	기상 및 기후
고급	고기잡이	명사	고기잡이 어선				경제생활	경제 행위
고급	고난	명사	고난을 극복하다	고초		역사	삶	삶의 상태
고급	고다	동사	사골을 고다			식문화	식생활	식사 및 조리 행위
고급	고단하다	형용사	몸이 고단하다	곤하다|노곤하다|피곤하다		심리	삶	삶의 상태
고급	고달프다	형용사	생활이 고달프다	고단하다|피로하다|힘들다		심리	삶	삶의 상태
중급	고대	명사	고대와 현대				개념	시간
고급	고도	명사	고도로 발달하다			과학과 기술	개념	정도
중급	고독	명사	고독을 느끼다			감정/기분 표현하기	인간	감정
고급	고되다	형용사	일이 고되다			심리	삶	삶의 상태
중급	고등	명사	고등 교육				개념	성질
중급	고등어	명사	고등어구이			요리 설명하기	식생활	식재료
초급	고등학교	명사	고등학교에 입학하다	고교		학교생활	교육	교육 기관
초급	고등학생	명사	고등학생이 되다	고교생		학교생활	교육	교수 학습 주체
중급	고래	명사	고래를 잡다				동식물	동물류
중급	고려	명사	고려 사항				인간	인지 행위
고급	고려	명사	고려 시대			역사		
고급	고령	명사	고령 사회			사회문제	인간	체력 상태
고급	고령화	명사	고령화 시대			사회문제	사회생활	사회 생활 상태
고급	고루	부사	고루 나누다				개념	모양
초급	고르다	동사	선물을 고르다			물건사기		
고급	고르다	형용사	치아가 고르다				개념	모양
고급	고리	명사	방문 고리					
고급	고리	명사	연결 고리					
고급	고립	명사	고립 상태			사회문제	사회생활	사회 생활 상태
중급	고마워하다	동사	부모님께 고마워하다			감정/기분 표현하기	인간	감정
초급	고맙다	형용사	고마운 마음			감사하기	인간	감정
초급	고모	명사	친척			소개하기(가족소개)	삶	친족 관계
중급	고무	명사	고무로 만들다				자연	자원
고급	고무신	명사	고무신을 신다			문화차이	의생활	모자, 신발, 장신구
초급	고민	명사	고민을 나누다				인간	인지 행위
고급	고발	명사	비리 고발			법	정치와 행정	사법 및 치안 행위
중급	고백	명사	사랑 고백			연애와 결혼	사회생활	언어 행위
고급	고비	명사	고비를 넘기다			역사	삶	삶의 상태
고급	고사하다	동사	1등은 고사하고					
고급	고상하다	형용사	말투가 고상하다		저속하다	외양	인간	태도
중급	고생	명사	고생이 심하다			감정/기분 표현하기		
고급	고생스럽다	형용사	생활이 고생스럽다				삶	삶의 상태
고급	고소	명사	고소를 제기하다			법	정치와 행정	사법 및 치안 행위
고급	고소득	명사	고소득을 올리다		저소득	경제 경영	경제생활	경제 상태
중급	고소하다	형용사	맛이 고소하다			음식 설명하기	식생활	맛
중급	고속	명사	고속 도로		저속02	교통 이용하기	개념	속도
초급	고속버스	명사	고속버스를 타다			교통 이용하기	사회생활	교통수단
고급	고수	명사	입장 고수				인간	태도
고급	고스란히	부사	고스란히 전하다				개념	모양
고급	고심	명사	고심이 크다	고심초사00			인간	인지 행위
고급	고아	명사	고아로 자라다			사회문제	인간	사람의 종류
고급	고아원	명사	고아원에서 자라다	보육원		사회문제		
고급	고안	명사	방법 고안				인간	인지 행위
고급	고약하다	형용사	냄새가 고약하다			심리	개념	성질
초급	고양이	명사	고양이를 기르다			취미	동식물	동물류
고급	고온	명사	고온 다습			기후	개념	온도
중급	고요	명사	고요한 밤				삶	삶의 상태
고급	고요히	부사	고요히 잠들다				삶	삶의 상태
고급	고용	명사	직원 고용			직장생활	경제생활	경제 행위
고급	고용	명사	고용을 창출하다			직장생활		
고급	고원	명사	고원 지대			지리정보	자연	지형
고급	고위	명사	고위 관리			직장생활	사회생활	사회 생활 상태
중급	고유	명사	고유 음식			문화 비교하기		
고급	고의	명사	고의로 저지르다				인간	태도
고급	고이다	동사	물이 고이다	괴다01				
고급	고인	명사	고인을 추모하다			인간관계	인간	사람의 종류
고급	고작01/고작	명사/부사	고작 이 정도	고작해야				
초급	고장	명사	고장이 나다				개념	지역
중급	고장	명사	고장 특산물			지리정보		
중급	고전	명사	고전 소설			취미|#한국의 문학	개념	시간
중급	고정	명사	고정 수입					
고급	고조	명사	분위기 고조		저조			
고급	고졸	명사	고졸 학력			교육	교육	교수 학습 행위
고급	고지서	명사	세금 고지서			경제 경영		
고급	고진감래	명사				직장생활		
중급	고집	명사	고집을 부리다			성격 표현하기	인간	성격
고급	고찰	명사	철학적 고찰			교육	인간	인지 행위
고급	고체	명사	고체 상태			과학과 기술	개념	모양
중급	고추	명사	고추를 따다			요리 설명하기	식생활	채소
초급	고추장	명사	고추장을 넣다					
중급	고춧가루	명사	고춧가루를 뿌리다			요리 설명하기	식생활	식재료
고급	고충	명사	고충을 털어놓다				삶	삶의 상태
중급	고층	명사	고층 빌딩			집 구하기	개념	모양
초급	고치다	동사	컴퓨터를 고치다	수리하다02|수선하다02			주생활	가사 행위
초급	고치다	동사	병을 고치다	치료하다			삶	치료 행위
초급	고치다	동사	답을 고치다	바로잡다				
중급	고통	명사	고통을 견디다			감정/기분 표현하기	인간	감각
중급	고통스럽다	형용사	고통스러운 표정			감정/기분 표현하기	인간	감각
초급	고프다	형용사	배가 고프다			감정/기분 표현하기	인간	감각
고급	고학력	명사	고학력 실업자		저학력00	교육	인간	능력
고급	고함	명사	고함 소리				인간	신체 행위
초급	고향	명사	고향에 가다			소개하기(자기소개)	개념	지역
고급	고혈압	명사	고혈압 환자	고혈압증00		보건과 의료	삶	병과 증상
중급	곡	명사	노래 한 곡				개념	세는 말
중급	곡	명사	쇼팽의 곡			공연과 감상	삶	여가 활동
고급	곡물	명사	곡물을 수확하다	곡식		식문화	식생활	곡류
고급	곡선	명사	곡선을 그리다			과학과 기술	개념	모양
중급	곡식	명사	곡식을 거두다	곡물		요리 설명하기	식생활	곡류
고급	곤경	명사	곤경에 처하다			사회문제	삶	삶의 상태
고급	곤궁	명사	곤궁에 빠지다	빈곤|빈궁00		사회문제	삶	삶의 상태
고급	곤두세우다	동사	신경을 곤두세우다					
중급	곤란	명사	곤란한 질문			감정/기분 표현하기		
고급	곤욕	명사	곤욕을 치르다				삶	삶의 상태
고급	곤충	명사	곤충을 채집하다			환경문제	동식물	곤충류
초급	곧	부사	곧 가다				개념	시간
중급	곧다	형용사	다리가 곧다				개념	모양
중급	곧다	형용사	성격이 곧다				인간	성격
중급	곧바로	부사	곧바로 처리하다				개념	시간
중급	곧바로	부사	곧바로 가다				개념	시간
중급	곧이어	부사	곧이어 시작하다				개념	시간
중급	곧잘	부사	곧잘 하다				개념	정도
중급	곧장	부사	곧장 가다				개념	모양
중급	골	명사	골을 넣다				삶	여가 활동
중급	골고루	부사	골고루 먹다			건강|#요리 설명하기	개념	모양
중급	골다	동사	코를 골다			건강	인간	생리 현상
고급	골대	명사	골대에 들어가다	골포스트00		스포츠		
고급	골동품	명사	골동품을 사다	골동|골동물00		예술	문화	전통문화
고급	골머리	명사	골머리를 앓다				인간	신체 부위
중급	골목	명사	좁은 골목	골목길		집 구하기		
중급	골목길	명사	골목길을 걷다	골목		집 구하기		
고급	골짜기	명사	골짜기가 깊다	골02		지리정보	자연	지형
고급	골치	명사	골치가 아프다			보건과 의료	인간	신체 부위
고급	골칫거리	명사	골칫거리가 생기다	두통거리		사회문제	인간	인지 행위
중급	골프	명사	골프 선수			취미	삶	여가 활동
고급	곪다	동사	상처가 곪다			보건과 의료	삶	병과 증상
중급	곰	명사	동물				동식물	동물류
고급	곰곰이	부사	곰곰이 생각하다	곰곰			인간	인지 행위
고급	곰팡이	명사	곰팡이가 피다			주거 생활		
중급	곱다	형용사	고운 얼굴		밉다	외모 표현하기	개념	모양
중급	곱다	형용사	빛깔이 곱다			복장 표현하기		
중급	곱다	형용사	목소리가 곱다			외모 표현하기		
중급	곱다	형용사	마음씨가 곱다			성격 표현하기		
고급	곱슬머리	명사	곱슬머리를 펴다			외양	의생활	미용 행위
중급	곱하다	동사	수를 곱하다				개념	수
초급	곳	명사	어느 곳				개념	지역
중급	곳곳	명사	전국 곳곳	도처|여기저기		지리정보	개념	지역
고급	공	명사	공을 세우다			직장생활		
초급	공	명사	공을 던지다			취미	삶	여가 도구
중급	공	명사	숫자	영02			개념	수
중급	공간	명사	공간을 차지하다			집 구하기	개념	지역
고급	공간적01∙공간적	관형사∙명사	공간적 제약			건축		
중급	공감	명사	공감을 얻다	동감		감정/기분 표현하기	인간	감정
고급	공감대	명사	공감대를 형성하다			심리	인간	감정
중급	공개	명사	공개 수배		비공개	컴퓨터와 인터넷		
중급	공개	명사	일반 공개		비공개			
고급	공개적01∙공개적	관형사∙명사	공개적 사과		비공개적01|비공개적02	사회제도		
중급	공격	명사	공격을 받다			사건, 사고, 재해 기술하기		
고급	공경	명사	노인 공경			철학, 윤리	사회생활	사회 활동
고급	공고	명사	공고를 내다	공시|반포|공포01		직업과 진로	사회생활	직장 생활
고급	공고문	명사	공고문을 붙이다					
중급	공공	명사	공공 기관			공공기관 이용하기		
고급	공공시설	명사	공공시설을 이용하다			사회문제		
고급	공공연하다	형용사	공공연한 비밀				사회생활	사회 생활 상태
중급	공공장소	명사	공공장소를 이용하다			공공기관 이용하기	정치와 행정	공공 기관
중급	공과금	명사	공과금을 내다			공공기관 이용하기	정치와 행정	정치 및 행정 행위
고급	공교육	명사	공교육과 사교육		사교육	교육		
고급	공군	명사	공군에 입대하다			사회제도	정치와 행정	사법 및 치안 주체
고급	공권력	명사	공권력을 강화하다			사회제도	정치와 행정	사법 및 치안 행위
중급	공급	명사	공급을 받다					
중급	공기	명사	공기가 맑다			날씨와 계절		
중급	공기	명사	공기에 담다			음식 설명하기	개념	세는 말
중급	공동	명사	공동 개최					
중급	공동체	명사	공동체에 속하다					
고급	공략	명사	집중 공략					
고급	공략	명사	시장 공략					
고급	공로	명사	공로를 세우다	공00		정치		
고급	공룡	명사	공룡 화석			환경문제		
고급	공립	명사	공립 도서관			사회제도	사회생활	사회 생활 상태
고급	공모	명사	공모에 입선하다			직업과 진로		
초급	공무원	명사	공무원으로 일하다			소개하기(자기소개)	정치와 행정	정치 및 행정 주체
고급	공문	명사	공문을 올리다	공문서		직장생활	사회생활	직장 생활
고급	공방	명사	공방이 치열하다				사회생활	언어 행위
고급	공백	명사	공백을 채우다	공란|여백				
초급	공부	명사	외국어 공부			학교생활	교육	교수 학습 행위
중급	공사	명사	신축 공사					
고급	공사장	명사	공사장에서 일하다	공사판		건축		
고급	공산주의	명사	공산주의 사상			철학, 윤리		
고급	공산품	명사	공산품을 제조하다			경제 경영		
고급	공상	명사	공상에 빠지다				인간	인지 행위
고급	공세	명사	공세에 맞서다		수세			
중급	공손하다	형용사	공손한 태도		불손하다	성격 표현하기	인간	태도
중급	공식	명사	공식 발표		비공식			
고급	공식적01∙공식적	관형사∙명사	공식적으로 발표하다		비공식적00	사회제도	사회생활	사회 생활 상태
고급	공약	명사	공약을 내걸다			정치	정치와 행정	정치 및 행정 행위
중급	공업	명사	공업이 발달하다					
중급	공연	명사	공연을 보다			공연과 감상	문화	문화 활동
중급	공연장	명사	공연장에 몰려들다			공연과 감상	문화	문화생활 장소
고급	공연히	부사	공연히 화를 내다	괜히				
고급	공예	명사	도자기 공예			예술	문화	미술
고급	공용어	명사	공용어로 삼다			언어	사회생활	말
초급	공원	명사	공원에서 놀다			주말 및 휴가	삶	여가 시설
고급	공유	명사	정보 공유			컴퓨터와 인터넷	사회생활	사회 생활 상태
고급	공익	명사	공익을 따르다		사익	사회제도	사회생활	사회 생활 상태
초급	공장	명사	공장에서 일하다				경제생활	경제 행위 장소
중급	공적01∙공적	관형사∙명사	공적 제도		사적01|사적02	직장생활	사회생활	사회 활동
고급	공적	명사	공적을 쌓다			직장생활		
고급	공정	명사	공정 선거		불공정	법|#정치	사회생활	사회 생활 상태
고급	공정성	명사	공정성을 잃다		불공정성00	정치		
고급	공존	명사	평화 공존			사회문제	사회생활	사회 생활 상태
중급	공주	명사	공주와 왕자			한국의 문학	사회생활	직위
고급	공중	명사	공중 예절			정치	사회생활	사회 생활 상태
고급	공중	명사	공중을 날다				자연	천체
고급	공중위생	명사	공중위생 관리			환경문제		
중급	공중전화	명사	공중전화 박스			공공기관 이용하기		
중급	공지	명사	공지를 돌리다					
고급	공직	명사	공직에 나서다			정치	정치와 행정	공공 기관
초급	공짜	명사	공짜로 주다	공것		물건사기	경제생활	경제 행위
초급	공책	명사	공책에 쓰다	노트02		학교생활	교육	학습 관련 사물
고급	공터	명사	공터에 모이다	공지02|빈터00|터01		건축	개념	위치 및 방향
중급	공통	명사	공통 화제					
고급	공통적01∙공통적	관형사∙명사	공통적 의견					
중급	공통점	명사	공통점을 찾다	동일점	차이점			
고급	공평하다	형용사	공평한 세상		불공평하다		사회생활	사회 생활 상태
고급	공포	명사	헌법 공포	공시|반포|공고02		심리	인간	감정
중급	공포	명사	공포를 느끼다			감정/기분 표현하기		
고급	공포감	명사	공포감을 느끼다			심리	인간	감정
고급	공학	명사	첨단 공학	엔지니어링		교육|#과학과 기술	교육	전공과 교과목
초급	공항	명사	공항 터미널			교통 이용하기	사회생활	교통 이용 장소
중급	공해	명사	소음 공해			환경문제		
고급	공허하다	형용사	마음이 공허하다			심리	인간	감정
고급	공헌	명사	사회 공헌	기여			사회생활	사회 활동
초급	공휴일	명사	공휴일로 정하다			주말 및 휴가	개념	시간
고급	과	접사	인사과			직장생활	사회생활	직장
고급	과	명사	과 대표			교육	교육	전공과 교과목
중급	과	명사	과를 옮기다			학교생활	교육	전공과 교과목
중급	과	명사	제1 과					
고급	과감하다	형용사	과감한 행동				인간	태도
고급	과감히	부사	과감히 맞서다				인간	태도
초급	과거	명사	과거를 잊다			시간 표현하기	개념	시간
고급	과격하다	형용사	행동이 과격하다			심리	인간	태도
고급	과녁	명사	과녁을 맞추다	과녁판		스포츠		
고급	과다	명사	과다 출혈		과소02	경제 경영	개념	양
고급	과대평가	명사	과대평가를 받다		과소평가			
고급	과도하다	형용사	과도한 경쟁			경제 경영	개념	정도
중급	과로	명사	과로로 쓰러지다			건강		
중급	과목	명사	시험 과목			학교생활	교육	전공과 교과목
고급	과민	명사	과민 반응			심리	인간	감정
고급	과반수	명사	과반수가 넘다			정치	개념	수
고급	과보호	명사	과보호를 받다	과잉보호				
고급	과부	명사	과부가 되다	과수00|과붓집00		인간관계	인간	사람의 종류
중급	과소비	명사	과소비를 줄이다			물건사기	경제생활	경제 행위
고급	과소평가	명사	과소평가를 받다		과대평가			
중급	과속	명사	과속 운전	과속도		교통 이용하기	사회생활	교통 이용 행위
고급	과시	명사	능력 과시					
중급	과식	명사	과식 습관			건강	식생활	식사 및 조리 행위
고급	과언	명사	과언이 아니다				사회생활	소통 수단
중급	과연	부사	과연 대단하다					
고급	과열	명사	과열 경쟁					
고급	과열	명사	투기 과열			교육		
중급	과외	명사	과외 업무			학교생활	교육	교수 학습 행위
중급	과외	명사	과외 선생님			학교생활	교육	교수 학습 행위
고급	과음	명사	과음을 삼가다			식문화	식생활	식사 및 조리 행위
초급	과일	명사	과일을 깎다			물건사기	식생활	과일
고급	과잉	명사	과잉 생산				개념	양
초급	과자	명사	과자를 먹다			음식 주문하기	식생활	음식
중급	과장	명사	과장이 심하다					
중급	과장	명사	과장으로 승진하다			직장생활	사회생활	직위
중급	과정	명사	과정을 겪다					
고급	과정	명사	과정을 밟다				교육	교수 학습 행위
중급	과제	명사	과제를 해결하다					
중급	과제	명사	학교 과제			학교생활	교육	교수 학습 행위
고급	과찬	명사	과찬의 말씀				사회생활	언어 행위
고급	과하다	형용사	욕심이 과하다				개념	양
중급	과학	명사	과학 기술			학교생활	교육	전공과 교과목
중급	과학자	명사	과학자가 되다			직업과 진로	사회생활	직업
중급	과학적01∙과학적	관형사∙명사	과학적 방법			학교생활		
고급	관	접사	경찰관			직업과 진로	정치와 행정	정치 및 행정 주체
고급	관	명사	관을 짜다			문화차이		
중급	관객	명사	관객이 모여들다	관람자|구경꾼		공연과 감상	문화	문화 활동 주체
초급	관계	명사	괜계를 맺다				사회생활	사회 활동
중급	관계없다	형용사	관계없는 일	상관없다				
중급	관계없이	부사	시간에 관계없이	상관없이				
중급	관계있다	형용사	주제와 관련있다	상관있다				
중급	관계자	명사	관계자를 만나다			직장생활	인간	사람의 종류
고급	관공서	명사	관공서에서 근무하다			사회제도	정치와 행정	공공 기관
초급	관광	명사	국내 관광			여행	삶	여가 활동
초급	관광객	명사	외국인 관광객			여행	인간	사람의 종류
초급	관광지	명사	국내 관광지			여행	삶	여가 시설
고급	관념	명사	고정 관념			철학, 윤리		
고급	관대하다	형용사	마음이 관대하다			심리	인간	태도
중급	관람	명사	연극 관람			공연과 감상	문화	문화 활동
중급	관람객	명사	영화 관람객			공연과 감상	문화	문화 활동 주체
중급	관련	명사	관련이 있다	연관				
고급	관련자	명사	관련자를 조사하다			사회문제	사회생활	인간관계
고급	관련짓다	동사	관련지어 말하다					
고급	관례	명사	관례를 따르다			사회제도		
고급	관료	명사	관료 사회			사회제도		
고급	관리	명사	고급 관리			사회제도	정치와 행정	정치 및 행정 주체
중급	관리	명사	학생 관리					
중급	관리	명사	질병 관리					
고급	관세	명사	관세를 물다			사회제도	경제생활	경제 수단
고급	관습	명사	관습을 따르다			문화차이		
초급	관심	명사	관심을 가지다			감정/기분 표현하기	인간	감정
중급	관심사	명사	관심사가 다르다	관심거리		취미		
고급	관여	명사	정부의 관여					
고급	관용	명사	관용을 베풀다			심리	인간	태도
고급	관용어	명사	관용어 표현	관용구		언어	사회생활	말
고급	관용적01∙관용적	관형사∙명사	관용적 표현			심리		
고급	관절	명사	무릎 관절	뼈마디		보건과 의료	인간	신체 부위
중급	관점	명사	관점이 다르다	견지				
고급	관중	명사	야구 관중			스포츠	문화	문화 활동 주체
고급	관직	명사	관직에 오르다	직02		직장생활	사회생활	직위
중급	관찰	명사	식물 관찰					
고급	관청	명사	관청에 취직하다			사회제도	정치와 행정	공공 기관
고급	관측	명사	천문 관측			과학과 기술		
고급	관하다	동사	사랑에 관한 글	대하다		교육		
고급	관행	명사	관행을 따르다			사회문제		
고급	관형사	명사	품사			언어	사회생활	말
고급	관혼상제	명사				문화차이		
중급	광경	명사	광경을 보다					
초급	광고	명사	신문 광고				사회생활	통신 행위
고급	광범위하다	형용사	지역이 광범위하다	광범하다			개념	모양
고급	광복	명사	광복을 맞이하다			역사		
고급	광부	명사	광부가 되다	갱부00		직장생활	사회생활	직업
고급	광업	명사	광업에 종사하다			경제 경영		
고급	광장	명사	광장에 모이다			지리정보	개념	위치 및 방향
초급	광주	명사	지명			위치 표현하기	개념	지역
고급	광활하다	형용사	평야가 광활하다	드넓다			개념	모양
초급	괜찮다	형용사	성격이 괜찮다			감정/기분 표현하기	인간	감정
초급	괜찮다	형용사	건강이 괜찮다			감정/기분 표현하기	인간	감정
중급	괜히	부사	괜히 이야기하다	공연히				
중급	괴로움	명사	괴로움을 견디다		즐거움	감정/기분 표현하기	인간	감정
중급	괴로워하다	동사	통증으로 괴로워하다		즐거워하다	감정/기분 표현하기	인간	감정
중급	괴롭다	형용사	마음이 괴롭다			감정/기분 표현하기	인간	감정
중급	괴롭히다	동사	동생을 괴롭히다			감정/기분 표현하기		
고급	괴물	명사	괴물이 나타나다					
중급	굉장하다	형용사	굉장한 발전				개념	정도
중급	굉장히	부사	굉장히 좋아하다				개념	정도
고급	교감	명사	교감을 나누다			심리	사회생활	사회 활동
고급	교과	명사	교과 수업			교육	교육	전공과 교과목
초급	교과서	명사	교과서에서 배우다			학교생활	교육	학습 관련 사물
중급	교내	명사	교내 방송	학내	교외02	학교생활	개념	지역
중급	교대	명사	교대 근무			직장생활		
고급	교도소	명사	교도소에 갇히다			법	정치와 행정	공공 기관
고급	교란	명사	사회 교란				사회생활	사회 활동
중급	교류	명사	문화 교류			문화 비교하기	사회생활	사회 활동
고급	교묘하다	형용사	교묘한 속임수				개념	성질
고급	교무실	명사	교무실에 들어가다			교육	교육	학교 시설
중급	교복	명사	교복을 입다	학생복		학교생활	의생활	옷 종류
초급	교사	명사	수학 교사			학교생활	교육	교수 학습 주체
고급	교섭	명사	교섭이 이루어지다			정치	사회생활	사회 활동
초급	교수	명사	대학 교수			학교생활	교육	교수 학습 주체
중급	교시	의존명사	1교시			학교생활	교육	교수 학습 행위
초급	교실	명사	교실에서 수업하다			학교생활	교육	학교 시설
초급	교실	명사	글쓰기 교실					
중급	교양	명사	교양을 쌓다			학교생활		
중급	교외	명사	교외로 나가다			주말 및 휴가	개념	지역
고급	교원	명사	초등학교 교원			직업과 진로	교육	교수 학습 주체
초급	교육	명사	교육을 받다			학교생활	교육	교수 학습 행위
고급	교육부	명사	교육부 장관			사회제도		
중급	교육비	명사	교육비로 지출하다			학교생활		
고급	교육열	명사	교육열이 높다			교육		
중급	교육자	명사	교육자를 배출하다	교육가		학교생활	교육	교수 학습 주체
고급	교육적01∙교육적	관형사∙명사	교육적 측면			교육		
중급	교장	명사	초등학교 교장	학교장		학교생활	사회생활	직위
중급	교재	명사	학습 교재			학교생활	교육	학습 관련 사물
고급	교정	명사	치아 교정			보건과 의료		
고급	교제	명사	이성 교제			인간관계	사회생활	사회 활동
고급	교직	명사	교직에 종사하다			직업과 진로		
중급	교체	명사	건전지 교체	대체02		문제 해결하기(분실 및 고장)		
초급	교통	명사	교통이 편리하다			교통 이용하기	사회생활	교통 이용 행위
초급	교통비	명사	교통비가 들다			교통 이용하기	경제생활	경제 수단
초급	교통사고	명사	교통사고가 나다			교통 이용하기	사회생활	교통 이용 행위
중급	교통수단	명사	교통수단을 이용하다			교통 이용하기	사회생활	교통수단
중급	교통편	명사	교통편을 예약하다			교통 이용하기		
중급	교포	명사	재일 교포			문화 비교하기	인간	사람의 종류
초급	교환	명사	사이즈 교환			물건사기	경제생활	경제 행위
고급	교활하다	형용사	성격이 교활하다			심리	인간	성격
초급	교회	명사	기독교 교회			주말 및 휴가	종교	종교 활동 장소
중급	교훈	명사	교훈을 얻다			학교생활		
고급	교훈적01∙교훈적	관형사∙명사	교훈적 이야기					
초급	구01/구	수사/관형사	숫자				개념	수
중급	구	명사	행정 구역					
고급	구	명사	구의 반지름				개념	모양
고급	구간	명사	통행 구간				개념	위치 및 방향
고급	구걸	명사	구걸을 다니다			사회문제	사회생활	사회 활동
고급	구겨지다	동사	옷이 구겨지다				개념	모양
초급	구경	명사	구경을 가다			여행	삶	여가 활동
중급	구경거리	명사	구경거리가 많다	구경감		여행		
고급	구경꾼	명사	구경꾼이 모여들다	관객|관람자		대중문화	문화	문화 활동 주체
고급	구급차	명사	구급차를 부르다	앰뷸런스|응급차00		보건과 의료	사회생활	교통수단
고급	구기	명사	구기 종목			스포츠		
고급	구기다	동사	종이를 구기다					
고급	구내식당	명사	구내식당을 이용하다			교육	교육	학교 시설
고급	구독	명사	신문 구독			언론		
초급	구두	명사	구두를 신다			복장 표현하기	의생활	모자, 신발, 장신구
고급	구두	명사	구두로 약속하다					
고급	구두쇠	명사	지독한 구두쇠			경제 경영	경제생활	경제 상태
중급	구르다	동사	공이 구르다					
중급	구르다	동사	방바닥에 구르다					
고급	구르다	동사	발을 구르다					
초급	구름	명사	구름이 끼다			날씨와 계절	자연	기상 및 기후
중급	구매	명사	상품 구매			물건사기	경제생활	경제 행위
고급	구매자	명사	구매자 취향		판매자	경제 경영	경제생활	경제 행위 주체
중급	구멍	명사	구멍을 뚫다			실수담 말하기		
중급	구멍	명사	숨을 구멍			실수담 말하기		
고급	구박	명사	구박을 받다			인간관계	사회생활	사회 활동
중급	구별	명사	남녀 구별					
중급	구부리다	동사	허리를 구부리다			건강	인간	신체 행위
중급	구분	명사	구분이 뚜렷하다					
고급	구불구불하다00/구불구불하다	동사/형용사	길이 구불구불하다			지리정보		
고급	구비	명사	구비 서류			직업과 진로		
고급	구사	명사	외국어 구사			언어	사회생활	언어 행위
고급	구사일생	명사				사회문제		
고급	구상	명사	작품 구상			예술	인간	인지 행위
중급	구석	명사	한쪽 구석			지리정보	개념	지역
고급	구석구석	명사	구석구석 닦다			지리정보	개념	위치 및 방향
중급	구성	명사	구성 인원	짜임새				
중급	구성	명사	구성 방식	플롯				
고급	구성원	명사	사회 구성원	성원01		직장생활		
중급	구세대	명사	구세대와 신세대			문화 비교하기		
중급	구속	명사	구속이 심하다					
중급	구속	명사	구속 영장					
중급	구수하다	형용사	맛이 구수하다			음식 설명하기	식생활	맛
고급	구슬	명사	구슬을 꿰다			문화차이	의생활	모자, 신발, 장신구
고급	구실	명사	구실을 못하다	소임				
초급	구십01/구십	수사/관형사	숫자				개념	수
고급	구애	명사	구애를 받다			심리		
고급	구어	명사	구어와 문어	입말		언어	사회생활	말
중급	구역	명사	금연 구역			지리정보	개념	지역
고급	구원	명사	구원 요청			사회문제	사회생활	사회 활동
초급	구월	명사	달			날짜 표현하기	개념	시간
고급	구인	명사	구인 광고			직업과 진로	경제생활	경제 행위
고급	구인난	명사	구인난을 겪다			직업과 진로		
중급	구입	명사	물품 구입			물건사기	경제생활	경제 행위
고급	구절	명사	시 구절			예술	사회생활	소통 수단
고급	구제	명사	구제 대책			사회문제	사회생활	사회 활동
중급	구조	명사	구조를 요청하다			사건, 사고, 재해 기술하기		
중급	구조	명사	구조를 바꾸다					
고급	구조적01∙구조적	관형사∙명사	구조적 모순					
고급	구직	명사	구직 광고			직업과 진로	경제생활	경제 행위
고급	구직난	명사	구직난을 겪다			사회문제	경제생활	경제 상태
고급	구직자	명사	구직자를 돕다			직업과 진로	경제생활	경제 행위 주체
고급	구청	명사	구청 직원			사회제도	정치와 행정	공공 기관
중급	구체적01∙구체적	관형사∙명사	구체적 성과				교육	학문 행위
고급	구체화	명사	구체화 단계					
고급	구축	명사	통신망 구축					
고급	구출	명사	구출 작전			사회문제	사회생활	사회 활동
고급	구태여	부사	구태여 말리지 않다				인간	태도
고급	구태의연하다	형용사	태도가 구태의연하다					
고급	구토	명사	구토를 일으키다			보건과 의료	삶	병과 증상
중급	구하다	동사	일자리를 구하다			직업과 진로		
중급	구하다	동사	용서를 구하다			직업과 진로		
중급	구하다	동사	목숨을 구하다	건지다		사건, 사고, 재해 기술하기		
고급	구형	명사	구형과 신형		신형	경제 경영		
고급	구호	명사	구호를 외치다			사회문제	사회생활	소통 수단
고급	구호	명사	난민 구호			사회문제	사회생활	사회 활동
초급	국	명사	국을 끓이다			음식 주문하기	식생활	음식
고급	국	접사	사무국					
고급	국	접사	가입국					
중급	국가	명사	민주 국가	나라		공공기관 이용하기	정치와 행정	정치 및 행정 주체
고급	국가적01∙국가적	관형사∙명사	국가적 손실			정치		
고급	국경	명사	국경을 초월하다			정치	정치와 행정	정치 및 치안 상태
중급	국경일	명사	국경일로 정하다			주말 및 휴가		
고급	국고	명사	국고를 지원하다			경제 경영	경제생활	경제 수단
고급	국군	명사	국군 장병			정치	정치와 행정	사법 및 치안 주체
중급	국기	명사	국기를 달다			공공기관 이용하기		
초급	국내	명사	국내와 국외		국외	여행	개념	지역
중급	국내선	명사	국내선으로 갈아타다			교통 이용하기	사회생활	교통수단
고급	국내외	명사	국내외 정세			정치	정치와 행정	정치 및 치안 상태
고급	국도	명사	7번 국도				사회생활	교통 이용 장소
고급	국력	명사	국력 신장			정치	정치와 행정	정치 및 치안 상태
중급	국립	명사	국립 미술관			공공기관 이용하기		
고급	국무총리	명사	국무총리로 임명되다	총리		정치		
중급	국물	명사	국물을 마시다	국		요리 설명하기	식생활	음식
중급	국민	명사	국민 소득				정치와 행정	정치 및 행정 주체
고급	국민적01∙국민적	관형사∙명사	국민적 관심			사회제도		
고급	국방	명사	국방의 의무			정치	정치와 행정	사법 및 치안 행위
고급	국방부	명사	기관			사회제도		
고급	국보	명사	국보로 지정하다			예술	문화	전통문화
고급	국비	명사	국비 유학	관비		정치	경제생활	경제 수단
중급	국산	명사	국산을 애용하다	국내산		물건사기		
고급	국세청	명사	기관			사회제도	정치와 행정	공공 기관
초급	국수	명사	국수를 먹다	면04		음식 주문하기	식생활	음식
고급	국악	명사	국악 공연	한국 음악00		예술	문화	전통문화
중급	국어	명사	국어를 가르치다			언어	교육	전공과 교과목
고급	국왕	명사	국왕이 즉위하다			정치	정치와 행정	정치 및 행정 주체
중급	국외	명사	국외와 국내		국내	문화 비교하기	개념	지역
고급	국익	명사	국익을 도모하다			정치	경제생활	경제 상태
고급	국장	명사	국장으로 승진하다				사회생활	직위
초급	국적	명사	대한민국 국적					
고급	국정	명사	국정 운영			정치	정치와 행정	정치 및 행정 행위
초급	국제	명사	국제 관계			여행		
중급	국제결혼	명사	국제결혼 부부			문화 비교하기		
중급	국제선	명사	국제선으로 갈아타다			교통 이용하기	사회생활	교통수단
고급	국제적01∙국제적	관형사∙명사	국제적 갈등			사회문제	정치와 행정	정치 및 치안 상태
중급	국제화	명사	국제화 시대			문화 비교하기		
고급	국토	명사	국토를 개발하다			지리정보	정치와 행정	정치 및 치안 상태
고급	국한	명사	국한을 시키다					
중급	국화	명사	국화가 피다	국화꽃			동식물	식물류
중급	국회	명사	대한민국 국회			공공기관 이용하기	정치와 행정	공공 기관
고급	군01/군	의존명사/대명사	김 철수 군			인간관계		
고급	군	명사	군에 입대하다	군대		정치	정치와 행정	사법 및 치안 주체
중급	군	명사	행정 구역			지리정보	개념	지역
고급	군계일학	명사						
중급	군대	명사	군대에 가다	군03		공공기관 이용하기	정치와 행정	사법 및 치안 행위
중급	군데	의존명사	여러 군데				개념	지역
고급	군데군데01/군데군데	명사/부사	군데군데 둘러보다				개념	위치 및 방향
고급	군밤	명사	군밤을 먹다			식문화	식생활	음식
중급	군사	명사	군사 조직	병사01			정치와 행정	사법 및 치안 행위
고급	군사	명사	군사를 모으다	병졸|병사01		정치	정치와 행정	사법 및 치안 행위
초급	군인	명사	직업 군인			소개하기(자기소개)	정치와 행정	사법 및 치안 주체
고급	군중	명사	군중이 모이다			사회문제		
중급	굳다	동사	땅이 굳다		녹다	요리 설명하기	개념	성질
중급	굳다	동사	표정이 굳다				개념	성질
중급	굳어지다	동사	땅이 굳어지다					
중급	굳어지다	동사	결심이 굳어지다					
중급	굳어지다	동사	표정이 굳어지다					
중급	굳이	부사	굳이 말하다				인간	태도
고급	굳히다	동사	시멘트를 굳히다					
중급	굴	명사	굴을 파다			지리정보		
고급	굴곡	명사	굴곡이 심하다				개념	모양
고급	굴다	동사	귀찮게 굴다					
고급	굴뚝	명사	공장 굴뚝			건축	주생활	주택 구성
고급	굴러가다	동사	바퀴가 굴러가다					
고급	굴레	명사	굴레에서 벗어나다					
고급	굴리다	동사	공을 굴리다					
초급	굵다	형용사	팔뚝이 굵다		가늘다		개념	모양
중급	굶다	동사	밥을 굶다	주리다		건강	식생활	식사 및 조리 행위
고급	굶주리다	동사	굶주린 배			사회문제	삶	삶의 상태
고급	굶주림	명사	굶주림에 시달리다	기아		사회문제	삶	삶의 상태
중급	굽	명사	구두 굽				의생활	모자, 신발, 장신구
초급	굽다	동사	고기를 굽다			요리 설명하기	식생활	식사 및 조리 행위
중급	굽히다	동사	허리를 굽히다			건강	인간	신체 행위
중급	굽히다	동사	생각을 굽히다					
고급	궁	명사	궁에 살다	궁궐		건축	문화	전통문화
고급	궁궐	명사	궁궐을 짓다	궁02|궁전|궁정|대궐|전각		건축	문화	전통문화
고급	궁극적01∙궁극적	관형사∙명사	궁극적 목표					
고급	궁금증	명사	궁금증을 해결하다			심리	인간	인지 행위
초급	궁금하다	형용사	소식이 궁금하다			감정/기분 표현하기	인간	인지 행위
고급	궁리	명사	궁리가 떠오르다				인간	인지 행위
고급	궁중	명사	궁중 음식	궐내|궁내00		역사	문화	전통문화
고급	궂다	형용사	날씨가 궂다			기후	자연	기상 및 기후
초급	권	의존명사	책 한 권			공공기관 이용하기(도서관)	개념	세는 말
고급	권	접사	상품권			경제 경영		
고급	권	접사	수도권					
고급	권고	명사	권고를 받다				사회생활	사회 활동
중급	권력	명사	권력을 강화하다				정치와 행정	정치 및 행정 행위
중급	권리	명사	권리를 누리다			공공기관 이용하기		
중급	권위	명사	권위를 세우다					
고급	권위적01∙권위적	관형사∙명사	권위적 태도	권위주의적01|권위주의적02		인간관계		
중급	권유	명사	간곡한 권유					
고급	권익	명사	권익을 향상시키다			정치		
고급	권장	명사	권장 사항			정치	사회생활	사회 활동
고급	권총	명사	권총을 쏘다				정치와 행정	무기
고급	권태	명사	권태를 느끼다			심리	인간	감정
고급	권투	명사	권투 선수	복싱|권투 경기00		스포츠		
중급	권하다	동사	입원을 권하다					
고급	권한	명사	권한을 부여하다			직장생활		
고급	궤도	명사	궤도에 오르다			과학과 기술	개념	위치 및 방향
초급	귀	명사	귀로 듣다			외모 표현하기	인간	신체 부위
초급	귀	명사	귀가 밝다				인간	신체 부위
중급	귀가	명사	귀가 시간					
고급	귀감	명사	귀감으로 삼다			철학, 윤리		
초급	귀걸이	명사	귀걸이를 빼다	귀고리		복장 표현하기	의생활	모자, 신발, 장신구
중급	귀국	명사	귀국과 출국	환국		여행		
고급	귀납적01∙귀납적	관형사∙명사	귀납적 사고			철학, 윤리		
중급	귀신	명사	귀신이 되다					
중급	귀신	명사	청소에 귀신이다					
초급	귀여워하다	동사	강아지를 귀여워하다			감정/기분 표현하기	인간	감정
초급	귀엽다	형용사	얼굴이 귀엽다			감정/기분 표현하기	인간	감정
고급	귀족	명사	왕실 귀족			역사	사회생활	직위
중급	귀중하다	형용사	귀중한 보석			감정/기분 표현하기	인간	감정
초급	귀찮다	형용사	귀찮은 일			감정/기분 표현하기	인간	감정
고급	귀천	명사	귀천이 없다			직업과 진로		
중급	귀하01/귀하	명사/대명사	김철수 귀하					
중급	귀하다	형용사	귀한 신분		천하다	감정/기분 표현하기		
중급	귀하다	형용사	귀한 손님			감정/기분 표현하기		
중급	귀하다	형용사	귀한 보물			감정/기분 표현하기		
고급	귀향	명사	귀향 인파	환향				
고급	귓속말	명사	귓속말을 나누다	귀엣말		언어	사회생활	언어 행위
중급	규모	명사	규모가 크다				개념	모양
고급	규범	명사	규범을 어기다			철학, 윤리		
고급	규율	명사	규율을 지키다			철학, 윤리		
중급	규정	명사	규정을 지키다			공공기관 이용하기		
고급	규제	명사	규제를 강화하다			사회제도		
초급	규칙	명사	규칙을 어기다			학교생활	사회생활	사회 활동
중급	규칙적01∙규칙적	관형사∙명사	규칙적 생활				개념	시간
고급	균	명사	균에 감염되다	세균		보건과 의료		
중급	균형	명사	균형을 잡다	평형				
초급	귤	명사	귤을 까다			음식 주문하기	식생활	과일
초급	그02/그	관형사/대명사	그 사람			위치 표현하기	개념	지시
고급	그간	명사	그간의 사정	그사이			개념	지시
초급	그거	대명사				위치 표현하기	개념	지시
초급	그것	대명사				위치 표현하기	개념	지시
초급	그곳	대명사		거기		위치 표현하기	개념	지시
중급	그나마	부사	그나마 낫다					
고급	그나저나	부사	그나저나 다행이다					
초급	그날	명사	그날 밤			날짜 표현하기	개념	시간
초급	그냥	부사	그냥 가다					
초급	그냥	부사	그냥 주다					
중급	그네	명사	그네를 타다				삶	여가 도구
중급	그녀	대명사					개념	인칭
중급	그늘	명사	그늘이 지다	음영				
중급	그다지	부사	그다지 춥지 않다	그리02				
중급	그대	대명사					개념	인칭
초급	그대로	부사	그대로 두다				개념	모양
초급	그동안	명사	그동안 잘 지내다			시간 표현하기	개념	시간
초급	그때	명사	그때를 기억하다			시간 표현하기	개념	시간
고급	그때그때00/그때그때	명사/부사	그때그때 메모하다					
초급	그래	감탄사						
중급	그래도	줄어든 말	그리하여도				개념	접속
초급	그래서	부사		그러므로|따라서			개념	접속
고급	그래야	줄어든 말	그리하여야					
중급	그래프	명사	그래프로 나타내다					
중급	그램	의존명사	고기 백 그램			물건사기	개념	세는 말
중급	그러게	감탄사						
초급	그러나	부사					개념	접속
초급	그러니까	부사					개념	접속
중급	그러다	동사					개념	지시
초급	그러면	부사					개념	접속
초급	그러므로	부사		고로|그래서|따라서			개념	접속
중급	그럭저럭	부사	그럭저럭 견디다	그렁저렁				
초급	그런	관형사	그런 사람			위치 표현하기	개념	지시
중급	그런대로	부사	그런대로 괜찮다					
초급	그런데	부사					개념	접속
초급	그럼	부사						
초급	그럼	감탄사						
초급	그렇다	형용사	그런 사람			위치 표현하기	개념	지시
중급	그렇지	감탄사					인간	감정
초급	그렇지만	부사					개념	접속
중급	그룹	명사	스터디 그룹			학교생활|#직장생활		
중급	그룹	명사	록 그룹					
고급	그르다01/그르다	형용사/동사	그른 행동		옳다01	철학, 윤리	개념	성질
초급	그릇	명사	그릇에 담다	용기03		요리 설명하기	식생활	조리 도구
고급	그릇되다	동사	그릇된 가치관			철학, 윤리	개념	성질
중급	그리	부사	그리 가다	그다지			개념	지시
고급	그리	부사	그리 알다				개념	지시
초급	그리고	부사					개념	접속
고급	그리다	동사	고향을 그리다				인간	인지 행위
초급	그리다	동사	그림을 그리다			취미	삶	여가 활동
중급	그리움	명사	그리움을 느끼다			감정/기분 표현하기	인간	감정
고급	그리하여	부사					개념	접속
초급	그림	명사	그림을 그리다			취미	문화	미술
중급	그림자	명사	그림자가 지다					
중급	그림책	명사	그림책을 보다			한국의 문학		
초급	그립다	형용사	가족이 그립다			감정/기분 표현하기	인간	감정
초급	그만	부사	그만 먹다					
초급	그만두다	동사	일을 그만두다					
중급	그만큼01/그만큼	부사/명사	그만큼 남다	그만치01|그만치02			개념	정도
중급	그만하다	동사	일을 그만하다					
고급	그물	명사	그물에 걸리다					
초급	그분	대명사					개념	인칭
중급	그야말로	부사	그야말로 최고다					
고급	그윽하다	형용사	향기가 그윽하다				개념	성질
중급	그저	부사	그저 웃기만 하다					
초급	그저께02/그저께	부사/명사	그저께 밤			날짜 표현하기	개념	시간
중급	그제01/그제	명사/부사	그저께				개념	시간
중급	그제야	부사	그제야 끝나다				개념	시간
중급	그중	명사	그중에서 제일					
고급	그지없다	형용사	기쁘기가 그지없다	한없다				
초급	그쪽	대명사		그편		위치 표현하기	개념	지시
초급	그치다	동사	비가 그치다			날씨와 계절	자연	기상 및 기후
중급	그토록	부사	그토록 아름답다				개념	정도
고급	극-	접사	극소수				개념	정도
고급	극	명사	극에 달하다					
고급	극단적01∙극단적	관형사∙명사	극단적 대립			사회문제	인간	성격
고급	극대화	명사	효과의 극대화		극소화01	경제 경영		
고급	극도	명사	극도로 긴장하다				개념	정도
중급	극복	명사	위기 극복			문화 비교하기		
고급	극성	명사	극성을 피우다					
고급	극소수	명사	극소수의 인원			사회문제	개념	수
고급	극심하다	형용사	피해가 극심하다				개념	정도
초급	극장	명사	극장에서 상영하다			영화 보기	문화	문화생활 장소
고급	극적01∙극적	관형사∙명사	극적 갈등					
중급	극히	부사	극히 드물다				개념	정도
고급	근	관형사	근 열흘				개념	시간
고급	근간	명사	근간을 이루다	근본|근저|기초				
중급	근거	명사	법적 근거					
고급	근검절약	명사				철학, 윤리		
중급	근교	명사	서울 근교			여행	개념	지역
중급	근대	명사	근대의 사상				개념	시간
중급	근데	부사					개념	접속
중급	근래	명사	근래의 소식				개념	시간
고급	근력	명사	근력이 약하다			보건과 의료	인간	체력 상태
고급	근로	명사	근로 시간			직장생활		
중급	근로자	명사	근로자를 해고하다	노동자		직장생활	경제생활	경제 행위 주체
고급	근면	명사	근면 성실			심리		
중급	근무	명사	근무를 마치다			직장생활		
중급	근본	명사	근본을 밝히다	근저|기초|근간				
중급	근본적01∙근본적	관형사∙명사	근본적 이유				교육	학문 행위
고급	근사하다	형용사	옷차림이 근사하다				개념	모양
고급	근시안	명사	근시안과 원시안			철학, 윤리		
중급	근심	명사	근심이 많다	걱정		감정/기분 표현하기	인간	감정
고급	근원	명사	만병의 근원			역사		
중급	근육	명사	근육 운동			건강	인간	신체 부위
초급	근처	명사	집 근처	근방|근린|인근		위치 표현하기	개념	위치 및 방향
고급	근황	명사	근황을 묻다					
초급	글	명사	글을 쓰다			학교생활	사회생활	언어 행위
초급	글쎄	감탄사						
초급	글쎄요	감탄사						
고급	글쓴이	명사	글쓴이 생각			예술		
초급	글씨	명사	글씨를 쓰다	글자		학교생활	사회생활	소통 수단
초급	글자	명사	글자를 쓰다	글|글씨|자04		학교생활	사회생활	소통 수단
중급	긁다	동사	머리를 긁다			건강	인간	신체 행위
고급	금	명사	금이 가다				개념	모양
중급	금	명사	요일				개념	시간
중급	금	명사	금 목걸이				자연	자원
고급	금기	명사	금기를 깨다			문화차이		
중급	금년	명사	금년 여름	올해			개념	시간
고급	금리	명사	금리가 오르다			경제 경영	경제생활	경제 수단
고급	금메달	명사	금메달을 따다			스포츠		
초급	금방	부사	금방 가다	방금01|방금02		시간 표현하기	개념	시간
초급	금방	부사	금방 쓰러질 것 같다	방금01|방금02			개념	시간
초급	금방	부사	금방 식다	방금01|방금02			개념	시간
고급	금상첨화	명사						
고급	금세	부사	금세 잠들다				개념	시간
고급	금속	명사	금속으로 만들다	쇠붙이		과학과 기술		
고급	금시초문	명사					인간	인지 행위
중급	금액	명사	금액을 지불하다			물건사기		
중급	금연	명사	금연 좌석			건강		
중급	금연	명사	금연을 결심하다			건강		
초급	금요일	명사	요일			요일 표현하기	개념	시간
중급	금융	명사	금융 분야			공공기관 이용하기		
고급	금융업	명사	금융업에 종사하다			경제 경영		
고급	금의환향	명사						
고급	금전	명사	금전 거래	화폐		경제 경영	경제생활	경제 수단
초급	금지	명사	출입 금지					
고급	금지옥엽	명사						
중급	금하다	동사	출입을 금하다					
중급	금하다	동사	놀라움을 금치 못하다					
고급	급	명사	과장급					
고급	급격하다	형용사	변화가 급격하다					
중급	급격히	부사	급격히 감소하다				개념	속도
고급	급급하다	형용사	먹고살기에 급급하다				개념	성질
고급	급기야	부사	급기야 쓰러지다					
고급	급등	명사	주가 급등	폭등	급락	경제 경영	경제생활	경제 상태
고급	급락	명사	주가 급락	폭락	급등	경제 경영	경제생활	경제 상태
고급	급류	명사	급류에 떠내려가다			지리정보		
고급	급변	명사	상황 급변			사회문제	개념	모양
고급	급상승	명사	물가 급상승		급강하	경제 경영	경제생활	경제 상태
고급	급성	명사	급성 질환			보건과 의료	개념	속도
고급	급속	명사	급속 충전				개념	속도
고급	급속도	명사	급속도로 번지다			사회문제	개념	속도
중급	급속히	부사	급속히 진행되다				개념	속도
고급	급식	명사	무료 급식			교육	식생활	음식
고급	급여	명사	급여를 지급하다	급료		직장생활	경제생활	경제 수단
중급	급증	명사	인구 급증		급감		개념	양
초급	급하다	형용사	급한 사정			성격 표현하기	인간	성격
초급	급하다	형용사	급한 걸음			성격 표현하기	개념	시간
중급	급히	부사	급히 먹다				개념	시간
중급	긋다	동사	선을 긋다					
중급	긋다	동사	경계를 긋다					
고급	긍정	명사	긍정의 대답		부정06	심리	인간	태도
중급	긍정적01∙긍정적	관형사∙명사	긍정적 태도		부정적01|부정적02	성격 표현하기	인간	성격
고급	긍지	명사	긍지를 느끼다			심리	인간	능력
고급	기	명사	기가 죽다			심리	인간	능력
고급	기	명사	제8기					
고급	기	명사	기를 꽂다					
고급	기	접사	방황기					
중급	기	접사	세탁기				주생활	생활용품
초급	기간	명사	기간이 지나다			시간 표현하기	개념	시간
중급	기계	명사	기계가 작동하다			문제 해결하기(분실 및 고장)		
고급	기고	명사	잡지 기고					
중급	기관	명사	공공 기관			공공기관 이용하기		
고급	기관	명사	호흡 기관			보건과 의료		
고급	기관지	명사	기관지 염증			보건과 의료	인간	신체 내부 구성
고급	기교	명사	기교를 부리다					
중급	기구	명사	운동 기구			문제 해결하기(분실 및 고장)		
고급	기구	명사	정부 기구			사회제도		
고급	기권	명사	선거 기권					
고급	기금	명사	기금을 마련하다			경제 경영	경제생활	경제 수단
고급	기기	명사	컴퓨터 기기			과학과 기술	주생활	생활용품
고급	기꺼이	부사	기꺼이 희생하다				인간	태도
고급	기껏	부사	기껏 도와 줬더니					
고급	기내	명사	기내 방송					
중급	기념	명사	결혼 기념			여행		
중급	기념일	명사	기념일을 축하하다			가족행사		
중급	기념품	명사	기념품을 사다			여행		
고급	기념회	명사	출판 기념회			교육	사회생활	사회 행사
중급	기능	명사	기능이 다양하다			문제 해결하기(분실 및 고장)		
고급	기능적01∙기능적	관형사∙명사	기능적 측면			과학과 기술		
중급	기다	동사	아기가 기다				인간	신체 행위
초급	기다리다	동사	버스를 기다리다				사회생활	사회 활동
중급	기대	명사	기대를 받다					
고급	기대감	명사	기대감을 드러내다			심리	인간	감정
중급	기대다	동사	벽에 기대다					
중급	기대다	동사	부모님께 기대다					
고급	기도	명사	자살 기도			사회문제		
중급	기도	명사	기도를 드리다	기원		문화 비교하기	종교	종교 행위
중급	기독교	명사	기독교를 믿다	그리스도교|크리스트교		문화 비교하기	종교	종교 유형
중급	기둥	명사	기둥을 세우다				주생활	주택 구성
중급	기둥	명사	집안의 기둥					
고급	기량	명사	기량을 뽐내다	기능01			인간	능력
고급	기력	명사	기력이 없다			보건과 의료	인간	능력
중급	기록	명사	기록을 남기다			학교생활		
중급	기록	명사	기록을 세우다			학교생활		
고급	기류	명사	기류를 타다					
초급	기르다	동사	개를 기르다	키우다			삶	삶의 행위
초급	기르다	동사	아기를 기르다	양육하다			삶	삶의 행위
초급	기르다	동사	머리를 기르다				의생활	미용 행위
초급	기름	명사	기름에 튀기다			요리 설명하기	식생활	식재료
초급	기름	명사	기름을 채우다	석유		요리 설명하기	자연	자원
고급	기름기	명사	기름기가 많다	유분		식문화		
고급	기름지다	형용사	음식이 기름지다			식문화	식생활	맛
고급	기리다	동사	고인을 기리다			문화차이		
고급	기린	명사	동물				동식물	동물류
고급	기립	명사	기립 박수		착석	예술		
고급	기막히다	형용사	경치가 기막히다			심리	인간	감정
고급	기만	명사	국민을 기만하다			인간관계	인간	태도
고급	기말	명사	기말 결산			교육	개념	시간
중급	기말시험	명사	기말시험을 보다	기말고사		학교생활		
고급	기묘하다	형용사	기묘한 이야기					
고급	기미	명사	기미를 보이다	낌새				
중급	기반	명사	기반을 다지다					
고급	기발하다	형용사	생각이 기발하다				인간	능력
고급	기법	명사	첨단 기법			예술		
중급	기본	명사	기본을 익히다					
중급	기본	명사	기본 원칙					
중급	기본적01∙기본적	관형사∙명사	기본적 권리					
중급	기부	명사	장학금 기부					
고급	기부금	명사	기부금을 내다	기금		정치	경제생활	경제 수단
초급	기분	명사	기분이 좋다			감정/기분 표현하기	인간	감정
초급	기뻐하다	동사	취직을 기뻐하다		슬퍼하다	감정/기분 표현하기	인간	감정
초급	기쁘다	형용사	기쁜 일		슬프다	감정/기분 표현하기	인간	감정
초급	기쁨	명사	기쁨을 나누다		슬픔	감정/기분 표현하기	인간	감정
중급	기사	명사	버스 기사			직업과 진로	사회생활	직업
고급	기사	명사	건축 기사			직업과 진로	사회생활	직업
중급	기사	명사	신문 기사			대중매체	사회생활	매체
고급	기상	명사	기상이 악화되다	날씨		기후	자연	기상 및 기후
고급	기상청	명사	기관			기후	정치와 행정	공공 기관
고급	기색	명사	기색을 드러내다				인간	용모
고급	기성세대	명사	기성세대를 따르다			사회문제		
고급	기세	명사	기세를 떨치다	형세			인간	능력
초급	기숙사	명사	기숙사에서 살다	생활관		학교생활	교육	학교 시설
중급	기술	명사	기술을 개발하다			직업과 진로		
중급	기술	명사	기술이 뛰어나다			직업과 진로		
고급	기술	명사	객관적인 기술			예술		
중급	기술자	명사	기술자를 양성하다	기술가			사회생활	직업
고급	기술적01∙기술적	관형사∙명사	기술적 어려움			과학과 기술		
고급	기습	명사	기습 방문			사회문제		
고급	기아	명사	기아 체험	굶주림		사회문제		
고급	기압	명사	기압이 높다	대기압00		기후	자연	기상 및 기후
고급	기약	명사	기약이 없다				사회생활	사회 활동
고급	기어가다	동사	바닥을 기어가다				인간	신체 행위
고급	기어들다	동사	동굴로 기어들다					
고급	기어오르다	동사	나무에 기어오르다				인간	신체 행위
고급	기어이	부사	기어이 해 내다	기어코			인간	태도
고급	기어코	부사	기어코 해 내다	기어이			인간	태도
초급	기억	명사	기억이 나다				인간	인지 행위
초급	기억나다	동사	이름이 기억나다				인간	인지 행위
중급	기억력	명사	기억력이 좋다				인간	인지 행위
중급	기업	명사	기업을 운영하다			직장생활	사회생활	직장
중급	기업가	명사	기업가가 되다	기업인|기업자			경제생활	경제 행위 주체
고급	기업체	명사	기업체를 운영하다			경제 경영		
중급	기여	명사	발전에 기여하다	공헌				
초급	기온	명사	기온이 높다			날씨와 계절	자연	기상 및 기후
고급	기와집	명사	기와집에 살다			건축	주생활	건물 종류
중급	기운	명사	기운이 없다				인간	체력 상태
중급	기운	명사	감기 기운				삶	병과 증상
중급	기울다	동사	액자가 기울다					
중급	기울다	동사	마음이 기울다					
중급	기울이다	동사	몸을 기울이다					
중급	기울이다	동사	노력을 기울이다					
고급	기웃거리다	동사	방 안을 기웃거리다	기웃대다|기웃기웃하다01			인간	신체 행위
고급	기원	명사	간절한 기원	기도02		종교	인간	인지 행위
중급	기원	명사	인류의 기원					
고급	기원전	명사	기원전 1세기	비시00		역사	개념	시간
고급	기원후	명사	기원후 1세기	서기|서력00|에이디00		역사	개념	시간
고급	기이하다	형용사	생김새가 기이하다				개념	모양
고급	기인하다	동사	부주의에 기인하다	말미암다				
고급	기일	명사	기일을 지키다			경제 경영	개념	시간
초급	기자	명사	신문 기자			소개하기(자기소개)	사회생활	직업
고급	기저귀	명사	기저귀를 차다			주거 생활		
중급	기적	명사	기적이 일어나다					
고급	기절	명사	기절 상태	혼절00		보건과 의료	삶	병과 증상
고급	기점	명사	기점을 떠나다	시작점00|시점01|출발점			개념	위치 및 방향
중급	기존	명사	기존 시설					
중급	기준	명사	기준을 세우다					
고급	기증	명사	장기 기증	$증여|$증정			사회생활	사회 활동
중급	기지개	명사	기지개를 켜다			건강	인간	신체 행위
고급	기질	명사	낙천적 기질			심리	인간	성격
초급	기차	명사	기차를 타다	기관차		교통 이용하기	사회생활	교통수단
초급	기차역	명사	기차역에 도착하다			교통 이용하기	사회생활	교통 이용 장소
초급	기차표	명사	기차표를 끊다			교통 이용하기	사회생활	교통 이용 행위
고급	기체	명사	기체 연료			과학과 기술	개념	모양
중급	기초	명사	기초를 다지다	근본|근저|근간03		학교생활		
중급	기초	명사	기초 공사			학교생활		
초급	기침	명사	기침이 나다				인간	생리 현상
중급	기타	명사	기타 등등					
초급	기타	명사	기타를 치다			취미	삶	여가 도구
고급	기특하다	형용사	행동이 기특하다				인간	태도
고급	기틀	명사	기틀을 잡다					
고급	기품	명사	기품이 높다				인간	용모
고급	기피	명사	책임 기피			심리		
고급	기필코	부사	기필코 성공하다	반드시			인간	태도
고급	기하다	동사	신중을 기하다					
고급	기한	명사	기한을 넘기다	마감		직장생활	개념	시간
고급	기행	명사	제주도 기행			여가생활		
고급	기행문	명사	기행문을 쓰다	여행기00		언어	문화	문학
고급	기호	명사	발음 기호	심벌00			사회생활	소통 수단
고급	기호	명사	소비자 기호			여가생활		
고급	기호품	명사	기호품을 사다	기호 식품		여가생활		
중급	기혼	명사	기혼 여성		미혼	연애와 결혼		
초급	기회	명사	기회를 놓치다			시간 표현하기	개념	시간
중급	기획	명사	기획 상품					
중급	기후	명사	기후가 좋다			날씨와 계절	자연	기상 및 기후
중급	기후	명사	열대 기후			날씨와 계절	자연	기상 및 기후
중급	긴급	명사	긴급 구조				개념	시간
고급	긴밀하다	형용사	긴밀한 관계			인간관계	사회생활	사회 생활 상태
초급	긴장	명사	긴장을 풀다			감정/기분 표현하기	인간	감정
고급	긴장감	명사	긴장감이 돌다			심리	인간	감정
중급	긴팔	명사	긴팔을 입다	긴소매		복장 표현하기	의생활	옷 종류
초급	길	명사	길이 막히다	도로02		길찾기	사회생활	교통 이용 장소
초급	길	명사	길을 알다					
중급	길가	명사	길가에 서다	길옆		교통 이용하기	개념	지역
중급	길거리	명사	길거리를 걷다	거리01		교통 이용하기	개념	지역
중급	길다	동사	머리가 길다			외모 표현하기	인간	신체 변화
초급	길다	형용사	다리가 길다		짧다	외모 표현하기	개념	모양
초급	길다	형용사	하루가 길다		짧다			
고급	길들이다	동사	강아지를 길들이다			인간관계	사회생활	사회 활동
초급	길이	명사	가로 길이				개념	모양
초급	길이	명사	밤낮의 길이					
고급	길쭉하다	형용사	얼굴이 길쭉하다			외양	개념	모양
중급	김	명사	김이 나다			음식 주문하기|#요리 설명하기		
초급	김	명사	김을 먹다			음식 주문하기	식생활	식재료
초급	김밥	명사	김밥을 싸다			음식 주문하기	식생활	음식
고급	김장	명사	김장을 담그다			식문화	식생활	식사 및 조리 행위
초급	김치	명사	김치를 담그다			음식 주문하기	식생활	음식
초급	김치찌개	명사	김치찌개를 끓이다			음식 주문하기	식생활	음식
고급	깃	명사	깃을 세우다	옷깃		외양	의생활	옷의 부분
고급	깃들다	동사	영혼이 깃들다					
고급	깃발	명사	깃발을 흔들다					
고급	깃털	명사	깃털이 날리다	깃01			동식물	동물의 부분
초급	깊다	형용사	바다가 깊다		얕다		개념	모양
고급	깊숙이	부사	깊숙이 들어가다				개념	모양
중급	깊이	명사	강물의 깊이				개념	모양
초급	깊이	부사	깊이 묻다					
초급	깊이	부사	깊이 생각하다					
초급	깊이	부사	깊이 감사드리다					
중급	까다	동사	껍데기를 까다			요리 설명하기		
중급	까다롭다	형용사	조건이 까다롭다			성격 표현하기		
중급	까다롭다	형용사	입맛이 까다롭다			성격 표현하기	인간	성격
중급	까닭	명사	까닭을 묻다					
고급	까딱	부사	까딱 움직이다					
고급	까딱	부사	까딱 실수하다					
고급	까마득하다	형용사	앞길이 까마득하다					
고급	까마득하다	형용사	까마득한 옛날					
초급	까만색	명사	색				개념	색깔
초급	까맣다	형용사	밤하늘이 까맣다				개념	색깔
중급	까먹다	동사	귤을 까먹다			성격 표현하기	식생활	식사 및 조리 행위
중급	까먹다	동사	약속을 까먹다				인간	인지 행위
고급	까무러치다	동사	놀라서 까무러치다			보건과 의료	삶	병과 증상
고급	까치	명사	까치가 울다			문화차이	동식물	동물류
초급	깎다	동사	사과를 깎다			요리 설명하기	식생활	식사 및 조리 행위
초급	깎다	동사	머리를 깎다				의생활	미용 행위
초급	깎다	동사	가격을 깎다			물건사기	경제생활	경제 행위
중급	깔끔하다	형용사	방이 깔끔하다			성격 표현하기		
중급	깔끔하다	형용사	성격이 깔끔하다			성격 표현하기	인간	성격
중급	깔다	동사	이불을 깔다					
중급	깔리다	동사	잔디가 깔리다					
중급	깔리다	동사	자동차에 깔리다					
중급	깜깜하다	형용사	방이 깜깜하다			날씨와 계절|#감정/기분 표현하기	개념	밝기
중급	깜깜하다	형용사	소식이 깜깜하다					
중급	깜박하다	동사	등불이 깜박하다					
중급	깜박하다	동사	이름을 깜박하다				인간	인지 행위
중급	깜빡	부사	깜빡 켜지다					
중급	깜빡	부사	깜빡 잊다					
초급	깜짝	부사	깜짝 놀라다			감정/기분 표현하기		
고급	깜짝하다	동사	눈을 깜짝하다				인간	신체 행위
고급	깡충깡충	부사	깡충깡충 뛰다					
고급	깡통	명사	깡통을 따다			식문화		
중급	깨	명사	깨를 볶다			요리 설명하기	식생활	식재료
초급	깨끗이	부사	깨끗이 씻다			집안일		
초급	깨끗하다	형용사	옷이 깨끗하다			집안일	주생활	주거 상태
초급	깨다	동사	잠이 깨다		자다	하루생활	삶	일상 행위
중급	깨다	동사	그릇을 깨다			요리 설명하기		
중급	깨다	동사	약속을 깨다					
중급	깨다	동사	분위기를 깨다					
중급	깨다	동사	법칙을 깨다					
중급	깨다	동사	기록을 깨다					
중급	깨닫다	동사	의미를 깨닫다				인간	인지 행위
중급	깨닫다	동사	위기를 깨닫다				인간	인지 행위
중급	깨뜨리다	동사	거울을 깨뜨리다	깨트리다		요리 설명하기		
중급	깨뜨리다	동사	약속을 깨뜨리다	깨트리다				
중급	깨물다	동사	사탕을 깨물다				인간	신체 행위
고급	깨소금	명사	깨소금을 볶다			식문화	식생활	식재료
중급	깨어나다	동사	의식이 깨어나다					
중급	깨어나다	동사	꿈에서 깨어나다					
중급	깨우다	동사	잠을 깨우다				삶	일상 행위
고급	깨우치다	동사	원리를 깨우치다			철학, 윤리	인간	인지 행위
중급	깨지다	동사	유리가 깨지다					
중급	깨지다	동사	약속이 깨지다					
중급	깨지다	동사	기록이 깨지다					
초급	꺼내다	동사	가방에서 꺼내다				인간	신체 행위
고급	꺼리다	동사	공개를 꺼리다				인간	태도
고급	꺼리다	동사	양심에 꺼리다					
고급	꺼림칙하다	형용사	왠지 꺼림칙하다	께름칙하다		심리	인간	감정
중급	꺼지다	동사	불이 꺼지다					
중급	꺼지다	동사	텔레비전이 꺼지다					
고급	꺼지다	동사	땅이 꺼지다					
중급	꺾다	동사	꽃을 꺾다					
중급	꺾다	동사	고집을 꺾다					
중급	꺾다	동사	방향을 꺾다					
초급	껌	명사	껌을 씹다			음식 주문하기	식생활	음식
고급	껍데기	명사	달걀 껍데기			식문화	동식물	식물의 부분
중급	껍질	명사	과일 껍질			요리 설명하기		
중급	껍질	명사	껍질을 부수다					
고급	께	접사	이달 말께	-경01			개념	시간
중급	껴안다	동사	아이를 껴안다				인간	신체 행위
고급	껴입다	동사	옷을 껴입다			외양	의생활	의복 착용 행위
고급	껴입다	동사	억지로 껴입다					
고급	꼬다	동사	다리를 꼬다				인간	신체 행위
고급	꼬르륵	부사	꼬르륵 소리가 나다			식문화	인간	소리
중급	꼬리	명사	꼬리를 흔들다				동식물	동물의 부분
고급	꼬마	명사	꼬마 손님			인간관계	인간	사람의 종류
고급	꼬박	부사	밤을 꼬박 새다	꼬박이00				
고급	꼬박꼬박	부사	돈을 꼬박꼬박 내다					
고급	꼬이다	동사	일이 꼬이다			사회문제		
고급	꼬이다	동사	생각이 꼬이다					
고급	꼬집다	동사	볼을 꼬집다				인간	신체에 가하는 행위
고급	꼬집다	동사	잘못을 꼬집다					
고급	꼬치꼬치	부사	꼬치꼬치 캐묻다				인간	태도
중급	꼭	부사	꼭 누르다					
초급	꼭	부사	꼭 필요하다					
초급	꼭	부사	꼭 맞다					
고급	꼭꼭	부사	꼭꼭 씹어 먹다					
고급	꼭꼭	부사	꼭꼭 참다					
고급	꼭꼭	부사	꼭꼭 숨다					
중급	꼭대기	명사	꼭대기에 오르다			지리정보		
고급	꼴	접사	한 명꼴					
고급	꼴	명사	꼴도 보기 싫다				개념	모양
고급	꼴불견	명사	꼴불견인 행동					
고급	꼴찌	명사	꼴찌가 되다			교육		
중급	꼼꼼하다	형용사	꼼꼼한 성격			성격 표현하기	인간	태도
중급	꼼꼼히	부사	꼼꼼히 살피다	꼼꼼		성격 표현하기	인간	태도
중급	꼼짝	부사	꼼짝 못하다					
고급	꼼짝없이	부사	꼼짝없이 당하다					
중급	꼽다	동사	날짜를 꼽다					
중급	꼽다	동사	제일로 꼽다					
중급	꼽히다	동사	다섯 손가락 안에 꼽히다					
고급	꽁꽁	부사	꽁꽁 얼다			기후		
중급	꽂다	동사	열쇠를 꽂다					
중급	꽂다	동사	바늘을 꽂다					
중급	꽂히다	동사	꽃이 꽂히다					
초급	꽃	명사	꽃이 피다			초대와 방문	동식물	식물의 부분
중급	꽃꽂이	명사	꽃꽂이를 배우다			집 구하기		
초급	꽃다발	명사	꽃다발을 선물하다			초대와 방문		
중급	꽃무늬	명사	꽃무늬 커튼	꽃문양		복장 표현하기		
초급	꽃병	명사	꽃병을 깨뜨리다	화병02		집 구하기	주생활	생활용품
고급	꽃샘추위	명사	꽃샘추위가 물러가다			기후	자연	기상 및 기후
중급	꽃잎	명사	꽃잎이 지다			날씨와 계절	동식물	식물의 부분
초급	꽃집	명사	꽃집을 열다			물건사기	경제생활	경제 행위 장소
중급	꽉	부사	꽉 누르다					
중급	꽉	부사	꽉 끼다					
중급	꽤	부사	꽤 멀다				개념	정도
고급	꾀	명사	꾀를 부리다				인간	인지 행위
고급	꾀하다	동사	변화를 꾀하다				인간	인지 행위
초급	꾸다	동사	꿈을 꾸다				삶	일상 행위
중급	꾸다	동사	돈을 꾸다				경제생활	경제 행위
중급	꾸리다	동사	이삿짐을 꾸리다			여행		
중급	꾸리다	동사	살림을 꾸리다					
중급	꾸미다	동사	외모를 꾸미다			외모 표현하기		
중급	꾸미다	동사	거짓을 꾸미다					
중급	꾸미다	동사	명사를 꾸미다					
고급	꾸벅꾸벅	부사	꾸벅꾸벅 졸다					
중급	꾸준하다	형용사	꾸준한 인기				인간	태도
중급	꾸준히	부사	꾸준히 노력하다				인간	태도
중급	꾸중	명사	꾸중을 듣다	꾸지람		인간관계	사회생활	언어 행위
고급	꾸짖다	동사	잘못을 꾸짖다	꾸지람하다		인간관계	사회생활	사회 활동
고급	꾹	부사	꾹 누르다				개념	모양
고급	꾼	접사	소리꾼				인간	사람의 종류
중급	꿀	명사	꿀을 넣다			음식 설명하기	식생활	식재료
중급	꿇다	동사	무릎을 꿇다				인간	신체 행위
초급	꿈	명사	꿈을 꾸다				삶	일상 행위
초급	꿈	명사	꿈을 이루다				삶	일상 행위
중급	꿈꾸다	동사	꿈꾸며 자다				삶	일상 행위
중급	꿈꾸다	동사	성공을 꿈꾸다					
중급	꿈속	명사	꿈속에서 만나다					
고급	꿈틀거리다	동사	지렁이가 꿈틀거리다	꿈틀꿈틀하다|꿈틀대다			동식물	동식물 행위
고급	꿰다	동사	실을 꿰다					
고급	꿰다	동사	사정을 꿰다					
고급	꿰뚫다	동사	과녁을 꿰뚫다	관통하다				
고급	꿰뚫다	동사	생각을 꿰뚫다					
고급	꿰매다	동사	옷을 꿰매다			주거 생활		
고급	뀌다	동사	방귀를 끼다				인간	생리 현상
초급	끄다	동사	불을 끄다		켜다01		주생활	가사 행위
초급	끄다	동사	라디오를 끄다		켜다01		주생활	가사 행위
중급	끄덕이다	동사	고개를 끄덕이다				인간	신체 행위
고급	끄집어내다	동사	구석에서 끄집어내다					
중급	끈	명사	끈을 묶다					
중급	끈	명사	가방 끈					
고급	끈기	명사	끈기가 덜하다			심리	인간	능력
고급	끈기	명사	끈기를 갖다					
고급	끈끈하다	형용사	끈끈한 가래침			인간관계		
고급	끈끈하다	형용사	끈끈한 정					
고급	끈질기다	형용사	끈질긴 노력			심리	인간	태도
중급	끊기다	동사	도로가 끊기다					
중급	끊기다	동사	소식이 끊기다					
중급	끊기다	동사	수도가 끊기다					
중급	끊기다	동사	대화가 끊기다					
중급	끊기다	동사	전화가 끊기다					
중급	끊기다	동사	발길이 끊기다					
중급	끊기다	동사	버스가 끊기다					
초급	끊다	동사	담배를 끊다			요리 설명하기		
초급	끊다	동사	전화를 끊다			전화하기	사회생활	통신 행위
중급	끊어지다	동사	줄이 끊어지다					
중급	끊어지다	동사	관계가 끊어지다					
중급	끊어지다	동사	접속이 끊어지다					
중급	끊어지다	동사	가스가 끊어지다					
중급	끊어지다	동사	다리가 끊어지다					
중급	끊어지다	동사	목숨이 끊어지다					
중급	끊어지다	동사	전화가 끊어지다					
고급	끊이다	동사	손님이 끈이지 않다					
중급	끊임없다	형용사	손님이 끊임없다	면면하다|부단하다				
중급	끊임없이	부사	끊임없이 이어지다	면면히|부단히				
중급	끌다	동사	신발을 끌다					
중급	끌다	동사	자동차를 끌다					
중급	끌다	동사	인기를 끌다	이끌다				
중급	끌다	동사	시간을 끌다					
고급	끌려가다	동사	경찰서에 끌려가다					
중급	끌리다	동사	바지가 끌리다					
중급	끌리다	동사	마음이 끌리다					
고급	끌어내다	동사	밖으로 끌어내다					
고급	끌어내다	동사	아이디어를 끌어내다					
중급	끌어당기다	동사	의자를 끌어당기다				인간	신체 행위
중급	끌어당기다	동사	시선을 끌어당기다					
고급	끌어들이다	동사	안으로 끌어들이다					
고급	끌어들이다	동사	범죄에 끌어들이다					
고급	끌어들이다	동사	돈을 끌어들이다					
고급	끌어들이다	동사	시선을 끌어들이다					
중급	끌어안다	동사	아기를 끌어안다				인간	신체 행위
중급	끌어안다	동사	아픔을 끌어안다					
고급	끌어올리다	동사	수준을 끌어올리다		끌어내리다			
초급	끓다	동사	물이 끓다				식생활	식사 및 조리 행위
고급	끓어오르다	동사	물이 끓어오르다					
고급	끓어오르다	동사	화가 끓어오르다					
초급	끓이다	동사	물을 끓이다			요리 설명하기	식생활	식사 및 조리 행위
고급	끔찍이	부사	끔찍이 싫어하다			심리	인간	감정
고급	끔찍이	부사	끔찍이 사랑하다					
고급	끔찍하다	형용사	끔찍한 사건			사회문제	인간	감정
고급	끔찍하다	형용사	끔찍하게 아끼다					
초급	끝	명사	시작과 끝			시간 표현하기	개념	순서
초급	끝나다	동사	수업이 끝나다			학교생활		
중급	끝내	부사	끝내 모르다					
초급	끝내다	동사	일을 끝내다			학교생활		
고급	끝맺다	동사	일을 끝맺다					
중급	끝없다	형용사	욕심이 끝없다					
중급	끝없이	부사	끝없이 이어지다					
고급	끝장	명사	끝장에 이르다					
고급	끝장	명사	끝장이 나다					
중급	끼	명사	끼를 거르다	끼니		음식 설명하기		
중급	끼	명사	밥 한 끼	끼니			개념	세는 말
고급	끼니	명사	끼니를 거르다	끼01		식문화		
중급	끼다	동사	문에 끼다			사건, 사고, 재해 기술하기		
중급	끼다	동사	구름이 끼다			날씨와 계절	자연	기상 및 기후
초급	끼다	동사	단추를 끼다			복장 표현하기	의생활	의복 착용 행위
초급	끼다	동사	반지를 끼다				의생활	의복 착용 행위
초급	끼다	동사	팔짱을 끼다					
고급	끼리	접사	우리끼리					
중급	끼어들다	동사	틈으로 끼어들다					
고급	끼얹다	동사	물을 끼얹다					
중급	끼우다	동사	단추를 끼우다			복장 표현하기	의생활	의복 착용 행위
중급	끼우다	동사	타이어를 끼우다					
중급	끼이다	동사	틈에 끼이다					
중급	끼치다	동사	소름이 끼치다				인간	생리 현상
중급	끼치다	동사	걱정을 끼치다					
중급	끼치다	동사	영향을 끼치다					
초급	나01/나	대명사/명사	나와 너			소개하기(가족소개)	개념	인칭
초급	나가다	동사	밖으로 나가다		들어오다	길찾기		
초급	나가다	동사	앞으로 나가다					
초급	나가다	동사	도서관에서 나가다					
고급	나그네	명사	떠돌아다니는 나그네			예술	인간	사람의 종류
고급	나날	명사	나날을 보내다				개념	시간
고급	나날이	부사	나날이 늘다	날로01			개념	시간
초급	나누다	동사	둘로 나누다				사회생활	사회 활동
초급	나누다	동사	기간별로 나누다				사회생활	사회 활동
초급	나누다	동사	돈을 나누다				사회생활	사회 활동
초급	나누다	동사	식사를 나누다				사회생활	사회 활동
초급	나누다	동사	대화를 나누다				사회생활	사회 활동
중급	나뉘다	동사	두 갈래로 나뉘다					
중급	나뉘다	동사	색깔별로 나뉘다					
초급	나다	동사	수염이 나다					
초급	나다	동사	길이 나다					
초급	나다	동사	홍수가 나다					
초급	나다	동사	화가 나다					
초급	나다	동사	냄새가 나다					
초급	나다	동사	피가 나다					
초급	나다	동사	멀미가 나다					
초급	나다	동사	기억이 나다					
초급	나다	동사	혼이 나다					
초급	나다	동사	상처가 나다					
고급	나돌다	동사	밖으로 나돌다					
고급	나들이	명사	나들이를 다녀오다	바깥나들이00		여가생활	삶	여가 활동
초급	나라	명사	이웃 나라	국가01		소개하기(자기소개)	개념	지역
중급	나란히	부사	나란히 걷다					
중급	나르다	동사	이삿짐을 나르다					
고급	나른하다	형용사	온몸이 나른하다			심리	인간	감각
중급	나름	의존명사	하기 나름					
중급	나름	의존명사	사람 나름					
초급	나머지	명사	나머지 돈	여분			개념	양
초급	나무	명사	나무를 심다				동식물	식물류
초급	나무	명사	나무 의자				동식물	식물류
중급	나무라다	동사	잘못을 나무라다				사회생활	언어 행위
중급	나물	명사	나물을 다듬다			음식 설명하기	식생활	채소
중급	나뭇가지	명사	나뭇가지를 꺾다			날씨와 계절	동식물	식물의 부분
중급	나뭇잎	명사	나뭇잎을 따다			날씨와 계절	동식물	식물의 부분
고급	나부끼다	동사	깃발이 나부끼다					
중급	나비	명사	곤충				동식물	곤충류
중급	나빠지다	동사	건강이 나빠지다					
초급	나쁘다	형용사	공기가 나쁘다		좋다	날씨와 계절		
초급	나쁘다	형용사	기분이 나쁘다					
초급	나쁘다	형용사	나쁜 사람					
초급	나쁘다	형용사	건강에 나쁘다					
중급	나서다	동사	거리에 나서다					
중급	나서다	동사	산행을 나서다					
중급	나아가다	동사	거리로 나아가다					
중급	나아가다	동사	계획대로 나아가다					
중급	나아지다	동사	건강이 나아지다					
고급	나약하다	형용사	의지가 나약하다			심리	인간	체력 상태
고급	나열	명사	순서대로 나열					
초급	나오다	동사	밖에 나오다			길찾기	인간	신체 행위
초급	나오다	동사	신문에 나오다					
초급	나오다	동사	밥이 나오다					
초급	나오다	동사	대학을 나오다					
초급	나이	명사	나이가 많다	연령		소개하기(자기소개)		
중급	나이프	명사	나이프로 썰다			음식 주문하기|#요리 설명하기	식생활	조리 도구
초급	나중	명사	나중에 깨닫다	이다음		시간 표현하기	개념	순서
고급	나지막하다	형용사	산이 나지막하다		높지막하다		개념	모양
고급	나지막하다	형용사	소리가 나지막하다					
고급	나침반	명사	나침반이 가리키다	나침판00		과학과 기술		
초급	나타나다	동사	건물이 나타나다					
초급	나타나다	동사	변화가 나타나다					
중급	나타내다	동사	모습을 나타내다					
중급	나타내다	동사	감정을 나타내다					
중급	나타내다	동사	변화를 나타내다					
초급	나흘	명사	나흘이 걸리다	나흗날		날짜 표현하기	개념	시간
고급	낙	명사	낙이 없다		고00	심리		
고급	낙관	명사	낙관을 갖다		비관	심리	인간	감정
고급	낙관	명사	승리를 낙관하다		비관	심리	인간	감정
고급	낙관적01∙낙관적	관형사∙명사	낙관적 태도		비관적01|비관적02	심리	인간	태도
고급	낙관적01∙낙관적	관형사∙명사	낙관적 시각		비관적01|비관적02	심리	인간	태도
고급	낙방	명사	시험 낙방			교육	교육	교수 학습 행위
고급	낙서	명사	낙서를 지우다				사회생활	소통 수단
고급	낙심	명사	낙심이 크다			심리	인간	감정
중급	낙엽	명사	낙엽을 태우다			날씨와 계절	동식물	식물의 부분
고급	낙원	명사	지상 낙원	파라다이스		종교	종교	종교어
고급	낙제	명사	시험 낙제	유급02		교육	교육	교수 학습 행위
고급	낙천적01∙낙천적	관형사∙명사	낙천적 기질		염세적01|염세적02	심리	인간	태도
고급	낙타	명사	동물				동식물	동물류
고급	낙태	명사	낙태 수술			보건과 의료		
고급	낙후	명사	낙후 지역			사회문제		
고급	낚다	동사	물고기를 낚다			여가생활		
초급	낚시	명사	낚시를 가다	낚시질		취미	삶	여가 활동
고급	낚시터	명사	낚시터에서 낚시하다			여가생활	삶	여가 시설
고급	난	접사	경제난					
고급	난	명사	광고를 싣는 난					
고급	난	명사	가십난					
고급	난간	명사	난간에 기대다			건축	주생활	주택 구성
고급	난감하다	형용사	상황이 난감하다	난처하다		심리	인간	감정
고급	난관	명사	난관을 극복하다					
고급	난데없이	부사	난데없이 나타나다					
중급	난로	명사	난로를 피우다	스토브		집 구하기	주생활	생활용품
중급	난리	명사	난리를 피하다	난00				
중급	난리	명사	홍수로 난리가 나다					
중급	난리	명사	난리를 치다					
중급	난방	명사	난방과 냉방		냉방	집 구하기		
고급	난생	부사	난생 한 번도					
중급	난처하다	형용사	입장이 난처하다	난감하다		감정/기분 표현하기	인간	태도
고급	난청	명사	난청 치료			보건과 의료	삶	병과 증상
고급	난치병	명사	난치병을 고치다			보건과 의료	삶	병과 증상
고급	난폭	명사	난폭 운전			심리	인간	태도
초급	날01/날	명사/의존명사	마지막 날			날짜 표현하기	개념	세는 말
초급	날01/날	명사/의존명사	날이 밝다					
초급	날01/날	명사/의존명사	날이 따뜻하다	날씨				
중급	날개	명사	날개를 펴다				동식물	동물의 부분
중급	날개	명사	비행기 날개				동식물	동물의 부분
초급	날다	동사	새가 날다				동식물	동식물 행위
고급	날뛰다	동사	말이 날뛰다					
고급	날로	부사	날로 번창하다	나날이			개념	시간
중급	날리다	동사	눈발이 날리다			날씨와 계절		
중급	날리다	동사	깃발을 날리다					
중급	날리다	동사	이름을 날리다					
초급	날씨	명사	날씨가 좋다	날01|일기02		날씨와 계절	자연	기상 및 기후
초급	날씬하다	형용사	몸매가 날씬하다			외모 표현하기	인간	용모
중급	날아가다	동사	새가 날아가다		날아오다		동식물	동식물 행위
중급	날아가다	동사	꿈이 날아가다					
중급	날아다니다	동사	나비가 날아다니다				동식물	동식물 행위
고급	날아들다	동사	새가 날아들다					
중급	날아오다	동사	새가 날아오다		날아가다		동식물	동식물 행위
중급	날아오다	동사	공이 날아오다		날아가다			
고급	날아오르다	동사	새가 날아오르다				동식물	동식물 행위
초급	날짜	명사	날짜를 정하다	날01|일자02			개념	시간
초급	날짜	명사	내일 날짜	일자02		날짜 표현하기	개념	시간
중급	날카롭다	형용사	칼날이 날카롭다					
중급	날카롭다	형용사	날카로운 지적			성격 표현하기		
중급	낡다	형용사	옷이 낡다			집 구하기		
중급	낡다	형용사	제도가 낡다					
초급	남	명사	타인				사회생활	인간관계
중급	남	명사	남자	남자	여	개인정보 교환하기	인간	사람의 종류
중급	남	명사	남쪽			지리정보	개념	위치 및 방향
고급	남극	명사	북극과 남극			지리정보	개념	지역
초급	남기다	동사	음식을 남기다			음식 주문하기	개념	양
고급	남김없이	부사	남김없이 먹다	모조리		식문화	개념	수
초급	남녀	명사	청춘 남녀			소개하기(자기소개)	인간	사람의 종류
고급	남녀노소	명사				사회문제	인간	사람의 종류
고급	남녀평등	명사	남녀평등 시대			사회문제	사회생활	사회 생활 상태
초급	남다	동사	시간이 남다				개념	양
고급	남다르다	형용사	재능이 남다르다				인간	능력
초급	남대문	명사	고적				개념	지역
초급	남동생	명사	남동생을 돌보다		여동생	소개하기(가족소개)	삶	친족 관계
중급	남매	명사	삼 남매	오누이			삶	친족 관계
고급	남몰래	부사	남몰래 돕다				인간	태도
중급	남미	명사	남미 대륙	남아메리카		지리정보	개념	지역
중급	남부	명사	남부 지방			날씨와 계절|#지리정보	개념	지역
중급	남북	명사	남쪽과 북쪽		북남	지리정보	개념	위치 및 방향
중급	남북	명사	남한과 북한				개념	위치 및 방향
초급	남산	명사	지명				개념	지역
고급	남색	명사	색			외양	개념	색깔
초급	남성	명사	남성과 여성	남02	여성	소개하기(자기소개)	인간	사람의 종류
고급	남아	명사	남아 선호	남자아이00	여아00		인간	사람의 종류
고급	남용	명사	약물 남용			사회문제		
고급	남용	명사	공권력 남용					
초급	남자	명사	남자 친구	남02	여자	소개하기(자기소개)	인간	사람의 종류
고급	남짓	의존명사	열 명 남짓				개념	정도
초급	남쪽	명사	남쪽 지방	남녘|남방|남측		위치 표현하기	개념	위치 및 방향
초급	남편	명사	남편과 아내		아내	소개하기(가족소개)	삶	친족 관계
초급	남학생	명사	남학생과 여학생		여학생	학교생활	교육	교수 학습 주체
고급	남한	명사	남한과 북한	이남		정치	개념	지역
고급	남향	명사	남향으로 짓다			지리정보	개념	위치 및 방향
고급	납득	명사	납득이 가다				인간	인지 행위
고급	납부	명사	세금 납부			경제 경영	경제생활	경제 행위
고급	납작하다	형용사	코가 납작하다			외양	개념	모양
고급	납치	명사	납치를 당하다			사회문제	정치와 행정	사법 및 치안 행위
초급	낫다	동사	병이 낫다				삶	병과 증상
초급	낫다	형용사	더 낫다				개념	정도
고급	낭독	명사	시 낭독	낭송	묵독	예술	사회생활	언어 행위
고급	낭만	명사	낭만을 느끼다			심리		
고급	낭만적01∙낭만적	관형사∙명사	낭만적 분위기			심리		
중급	낭비	명사	낭비를 막다			물건사기		
고급	낭송	명사	시 낭송	낭독		예술	사회생활	언어 행위
고급	낭패	명사	낭패를 보다			사회문제	삶	삶의 상태
초급	낮	명사	낮과 밤		밤01	시간 표현하기	개념	시간
초급	낮다	형용사	산이 낮다		높다		개념	모양
초급	낮잠	명사	낮잠을 자다				삶	일상 행위
중급	낮추다	동사	온도를 낮추다		높이다			
중급	낮추다	동사	소리를 낮추다		높이다			
중급	낮추다	동사	말을 낮추다		높이다			
고급	낯	명사	낯이 익다				인간	신체 부위
고급	낯	명사	볼 낯이 없다	면목				
중급	낯설다	형용사	얼굴이 낯설다		낯익다			
중급	낯설다	형용사	풍경이 낯설다		낯익다			
고급	낯익다	형용사	얼굴이 낯익다		낯설다	인간관계	개념	모양
고급	낱낱이	부사	낱낱이 조사하다				개념	양
고급	낱말	명사	낱말 풀이	단어		언어	사회생활	말
중급	낳다	동사	아기를 낳다			연애와 결혼	인간	신체 행위
중급	낳다	동사	결과를 낳다					
초급	내	대명사				소개하기(자기소개)	개념	인칭
중급	내	의존명사	기간 내		외02		개념	시간
고급	내걸다	동사	간판을 내걸다					
고급	내걸다	동사	자리를 내걸다					
초급	내과	명사	내과 의사			병원 이용하기	삶	치료 시설
고급	내기	명사	내기에 이기다			스포츠		
중급	내내	부사	일 년 내내	줄곧|내04			개념	시간
초급	내년	명사	내년 여름			날짜 표현하기	개념	시간
중급	내놓다	동사	밖으로 내놓다					
중급	내놓다	동사	집을 내놓다					
중급	내놓다	동사	음식을 내놓다					
중급	내놓다	동사	목숨을 내놓다					
초급	내다	동사	문제를 내다					
초급	내다	동사	숙제를 내다					
초급	내다	동사	돈을 내다					
중급	내다보다	동사	창밖을 내다보다				인간	신체 행위
중급	내다보다	동사	미래를 내다보다					
중급	내달	명사	내달 초	새달			개념	시간
고급	내던지다	동사	밖으로 내던지다				인간	신체 행위
고급	내딛다	동사	걸음을 내딛다				인간	신체 행위
고급	내딛다	동사	사회에 내딛다					
초급	내려가다	동사	아래로 내려가다		올라가다	길찾기	인간	신체 행위
초급	내려가다	동사	시골로 내려가다		올라가다	길찾기		
초급	내려가다	동사	값이 내려가다		올라가다		경제생활	경제 상태
초급	내려가다	동사	언덕을 내려가다		올라가다			
중급	내려놓다	동사	책을 내려놓다		올려놓다		인간	신체 행위
중급	내려다보다	동사	아래를 내려다보다		올려다보다		인간	신체 행위
고급	내려서다	동사	바닥에 내려서다		올라서다		인간	신체 행위
중급	내려앉다	동사	나비가 내려앉다					
중급	내려앉다	동사	건물이 내려앉다					
중급	내려앉다	동사	가슴이 내려앉다					
초급	내려오다	동사	아래로 내려오다		올라오다		인간	신체 행위
초급	내려오다	동사	길을 내려오다		올라오다		인간	신체 행위
고급	내륙	명사	내륙 지방			지리정보	개념	위치 및 방향
초급	내리다	동사	비가 내리다				자연	기상 및 기후
초급	내리다	동사	목적지에 내리다			교통 이용하기	사회생활	교통 이용 행위
초급	내리다	동사	버스에서 내리다		오르다	교통 이용하기	사회생활	교통 이용 행위
고급	내리막길	명사	내리막길을 내려가다		오르막길	지리정보	자연	지형
고급	내리치다	동사	뒤통수를 내리치다				인간	신체 행위
고급	내리치다	동사	번개가 내리치다					
고급	내막	명사	내막이 드러나다			사회문제		
고급	내면	명사	인간의 내면		외면01	철학, 윤리		
고급	내몰다	동사	밖으로 내몰다					
고급	내몰다	동사	자리에서 내몰다					
고급	내몰리다	동사	밖으로 내몰리다					
고급	내몰리다	동사	범인으로 내몰리다					
고급	내몰리다	동사	자리에서 내몰리다					
중급	내밀다	동사	손을 내밀다					
고급	내뱉다	동사	한숨을 내뱉다				인간	신체 행위
고급	내뱉다	동사	말을 내뱉다				사회생활	언어 행위
중급	내버리다	동사	쓰레기를 내버리다					
중급	내보내다	동사	밖으로 내보내다					
중급	내보내다	동사	뉴스를 내보내다					
고급	내보이다	동사	신분증을 내보이다					
고급	내보이다	동사	속내를 내보이다					
고급	내복	명사	겨울 내복	내의|속내복00		외양	의생활	옷 종류
중급	내부	명사	내부로 들어가다		외부	지리정보	개념	지역
고급	내비게이션	명사	내비게이션을 이용하다				사회생활	교통 이용 행위
고급	내비치다	동사	햇살이 내비치다					
고급	내비치다	동사	뜻을 내비치다					
고급	내뿜다	동사	물을 내뿜다	내불다	들이마시다02		인간	신체 행위
중급	내성적01∙내성적	관형사∙명사	내성적 성격			성격 표현하기	인간	성격
중급	내세우다	동사	무대에 내세우다					
중급	내세우다	동사	입장을 내세우다					
고급	내쉬다	동사	한숨을 내쉬다		들이쉬다	보건과 의료	인간	신체 행위
고급	내실	명사	내실을 기하다	실속				
고급	내심	명사	속마음	속마음		심리	인간	감정
고급	내역	명사	지출 내역	명세		경제 경영	경제생활	경제 수단
고급	내오다	동사	물건을 내오다			식문화		
고급	내오다	동사	과일을 내오다					
중급	내외	명사	건물 내외	안팎				
중급	내외	명사	두 시간 내외	안팎			개념	수
초급	내용	명사	수업 내용			학교생활		
고급	내용물	명사	내용물을 확인하다					
초급	내일01/내일	명사/부사	내일 아침			날짜 표현하기	개념	시간
고급	내장	명사	생선 내장			보건과 의료	인간	신체 내부 구성
고급	내적01∙내적	관형사∙명사	내적 갈등		외적01|외적02			
고급	내적01∙내적	관형사∙명사	내적 성장		외적01|외적02			
고급	내젓다	동사	팔을 내젓다					
고급	내젓다	동사	머리를 내젓다					
중급	내주다	동사	거스름돈을 내주다					
중급	내주다	동사	우승을 내주다					
고급	내지	부사	열 명 내지 스무 명				개념	수
고급	내지르다	동사	소리를 내지르다				인간	신체 행위
중급	내쫓다	동사	밖으로 내쫓다					
중급	내쫓다	동사	회사에서 내쫓다					
고급	내치다	동사	밖으로 내치다			인간관계		
고급	내키다	동사	마음이 내키다			심리	인간	감정
중급	내후년	명사	내후년이 지나다				개념	시간
중급	낼모레02/낼모레	부사/명사	내일 모레				개념	시간
초급	냄비	명사	냄비에 끓이다			요리 설명하기	식생활	조리 도구
초급	냄새	명사	냄새를 맡다	내02			인간	감각
고급	냇가	명사	냇가에서 놀다	개천가00		지리정보	자연	지형
고급	냉기	명사	냉기를 느끼다	한기|찬기01	온기		자연	기상 및 기후
고급	냉담하다	형용사	말투가 냉담하다	냉랭하다|쌀쌀하다			인간	태도
고급	냉대	명사	냉대 기후			기후	개념	지역
중급	냉동	명사	냉동 창고			음식 주문하기|#요리 설명하기		
초급	냉면	명사	냉면을 먹다			음식 주문하기	식생활	음식
중급	냉방	명사	냉방과 난방		난방	집 구하기		
중급	냉수	명사	냉수를 마시다	찬물	온수		식생활	음료
초급	냉장고	명사	냉장고에 넣다			집 구하기	주생활	생활용품
고급	냉전	명사	냉전이 끝나다			역사	정치와 행정	정치 및 치안 상태
고급	냉정	명사	냉정을 잃다			심리	인간	태도
중급	냉정하다	형용사	성격이 냉정하다	냉담하다|냉랭하다|쌀쌀하다		성격 표현하기	인간	성격
고급	냉혹하다	형용사	현실이 냉혹하다	매섭다		심리	인간	태도
초급	너	대명사				소개하기(자기소개)	개념	인칭
중급	너그럽다	형용사	마음이 너그럽다	관대하다02		성격 표현하기	인간	성격
중급	너머	명사	산 너머					
초급	너무	부사	너무 심하다				개념	정도
중급	너무나	부사	너무나 좋다				개념	정도
고급	너무하다01/너무하다	동사/형용사	정말 너무하다				인간	태도
고급	너비	명사	너비를 재다	넓이|폭		과학과 기술	개념	모양
초급	너희	대명사				소개하기(자기소개)	개념	인칭
고급	넉	관형사	넉 달				개념	수
중급	넉넉하다	형용사	시간이 넉넉하다					
중급	넉넉하다	형용사	생활이 넉넉하다					
고급	넋	명사	넋을 잃다	혼|혼백		문화차이		
중급	널다	동사	빨래를 널다			집안일	주생활	가사 행위
고급	널뛰기	명사	널뛰기를 하다			문화차이	삶	여가 활동
중급	널리	부사	널리 알려지다					
고급	널리다	동사	빨래가 널리다					
고급	널리다	동사	주변에 널리다					
초급	넓다	형용사	집이 넓다		좁다	집 구하기	개념	모양
중급	넓어지다	동사	폭이 넓어지다				개념	모양
중급	넓이	명사	넓이를 재다	너비			개념	모양
고급	넓적하다	형용사	얼굴이 넓적하다			외양	개념	모양
중급	넓히다	동사	길을 넓히다		좁히다		개념	모양
중급	넓히다	동사	시야를 넓히다		좁히다			
중급	넘겨주다	동사	물건을 넘겨주다		넘겨받다			
중급	넘기다	동사	해를 넘기다					
중급	넘기다	동사	고비를 넘기다					
중급	넘기다	동사	책을 넘기다				인간	신체 행위
중급	넘기다	동사	권한을 넘기다					
고급	넘나들다	동사	국경을 넘나들다					
초급	넘다	동사	세 시간이 넘다			시간 표현하기	개념	시간
초급	넘다	동사	산을 넘다					
고급	넘보다	동사	안을 넘보다					
고급	넘보다	동사	재산을 넘보다	넘겨다보다				
중급	넘어가다	동사	나무가 넘어가다					
중급	넘어가다	동사	서류가 넘어가다					
중급	넘어가다	동사	꼬임에 넘어가다					
중급	넘어뜨리다	동사	나무를 넘어뜨리다	넘어트리다00				
중급	넘어뜨리다	동사	권력을 넘어뜨리다	넘어트리다00				
중급	넘어서다	동사	산을 넘어서다					
중급	넘어서다	동사	위기를 넘어서다					
중급	넘어오다	동사	나무가 넘어오다					
초급	넘어지다	동사	아이가 넘어지다				인간	신체 행위
중급	넘치다	동사	강물이 넘치다					
중급	넘치다	동사	기쁨이 넘치다					
초급	넣다	동사	책을 넣다			요리 설명하기	인간	신체 행위
초급	넣다	동사	적금을 넣다					
초급	네	대명사				소개하기(자기소개)	개념	인칭
초급	네	관형사	숫자				개념	수
고급	네	접사	여인네					
초급	네	감탄사		예04				
중급	네모	명사	네모 모양	사각형			개념	모양
고급	네모나다	형용사	얼굴이 네모나다	네모지다		외양	개념	모양
고급	네트워크	명사	네트워크를 연결하다	망03|통신망		과학과 기술	사회생활	통신 행위
중급	네티즌	명사	네티즌으로 활동하다	누리꾼		컴퓨터와 인터넷	사회생활	인간관계
초급	넥타이	명사	넥타이를 매다	타이02		복장 표현하기	의생활	모자, 신발, 장신구
초급	넷	수사	숫자				개념	수
초급	넷째02∙넷째01/넷째	수사∙관형사/명사	순서				개념	순서
고급	녀	접사	약혼녀		-남02		인간	사람의 종류
중급	녀석	의존명사	나쁜 녀석				인간	사람의 종류
초급	년	의존명사	일 년			날짜 표현하기	개념	세는 말
중급	년대	의존명사	이천 년대			개인정보 교환하기	개념	시간
중급	년도	의존명사	이천 년도			개인정보 교환하기	개념	시간
고급	년생	의존명사	팔십년생			인간관계		
고급	노골적01∙노골적	관형사∙명사	노골적으로 드러내다			심리	인간	태도
고급	노년	명사	노년에 접어들다	늘그막|만년01		사회문제	삶	삶의 상태
중급	노동	명사	노동 시간				경제생활	경제 행위
고급	노동력	명사	노동력이 부족하다			경제 경영	경제생활	경제 수단
중급	노동자	명사	노동자로 일하다	근로자			경제생활	경제 행위 주체
초급	노란색	명사	색				개념	색깔
중급	노랑	명사	색			복장 표현하기	개념	색깔
초급	노랗다	형용사	병아리가 노랗다				개념	색깔
초급	노래	명사	노래를 부르다			취미	삶	여가 활동
초급	노래방	명사	노래방에 가다			취미	삶	여가 시설
중급	노려보다	동사	상대를 노려보다				인간	신체 행위
초급	노력	명사	노력을 다하다					
고급	노령	명사	노령 연금			정치		
고급	노른자	명사	계란 노른자	노른자위		식문화	식생활	식재료
고급	노릇	명사	선생 노릇			인간관계	사회생활	사회 활동
고급	노릇	명사	부모 노릇					
고급	노리다	동사	우승을 노리다					
고급	노부부	명사	한 쌍의 노부부				인간	사람의 종류
고급	노사	명사	노사 교섭			직장생활	경제생활	경제 행위 주체
중급	노선	명사	지하철 노선			교통 이용하기		
중급	노선	명사	노선을 바꾸다					
중급	노선도	명사	버스 노선도			교통 이용하기	사회생활	교통 이용 행위
고급	노숙자	명사	노숙자 생활	노숙인		사회문제	인간	사람의 종류
중급	노약자	명사	노약자를 보호하다			교통 이용하기	인간	사람의 종류
고급	노여움	명사	노여움을 풀다			심리		
고급	노예	명사	노예 제도			역사	사회생활	직위
고급	노을	명사	노을이 지다			기후	자연	기상 및 기후
초급	노인	명사	노인을 공경하다	늙은이		소개하기(자기소개)	인간	사람의 종류
고급	노처녀	명사	노처녀 히스테리	올드미스	노총각	인간관계	인간	사람의 종류
고급	노총각	명사	노총각 아저씨		노처녀	인간관계	인간	사람의 종류
고급	노출	명사	정보 노출					
고급	노크	명사	노크 소리				인간	신체 행위
초급	노트	명사	노트에 쓰다	공책		학교생활	교육	학습 관련 사물
중급	노트북	명사	노트북 컴퓨터	노트북 컴퓨터		컴퓨터와 인터넷	주생활	생활용품
고급	노폐물	명사	노폐물이 쌓이다			보건과 의료		
고급	노하다	동사	할아버지가 노하다			심리	인간	감정
고급	노화	명사	노화를 방지하다			보건과 의료	인간	신체 변화
고급	노후	명사	노후를 대비하다			사회문제	개념	시간
중급	녹다	동사	얼음이 녹다		얼다	날씨와 계절		
중급	녹다	동사	아이스크림이 녹다		굳다01			
중급	녹다	동사	소금이 녹다					
초급	녹색	명사	색	초록색			개념	색깔
고급	녹슬다	동사	칼이 녹슬다			주거 생활		
고급	녹아내리다	동사	얼음이 녹아내리다					
고급	녹아내리다	동사	마음이 녹아내리다					
중급	녹음	명사	녹음을 듣다			대중매체		
중급	녹음기	명사	녹음기로 녹음하다			대중매체	주생활	생활용품
중급	녹이다	동사	얼음을 녹이다		얼리다	요리 설명하기		
중급	녹이다	동사	손을 녹이다					
고급	녹지	명사	녹지가 조성되다			지리정보		
초급	녹차	명사	녹차를 마시다			음식 주문하기	식생활	음료
고급	녹초	명사	녹초가 되다				인간	체력 상태
중급	녹화	명사	방송 녹화			대중매체		
고급	논	명사	논을 갈다			경제 경영	경제생활	경제 행위 장소
고급	논란	명사	논란이 되다			사회문제	사회생활	언어 행위
중급	논리	명사	논리에 맞다			학교생활		
중급	논리적01∙논리적	관형사∙명사	논리적 근거			학교생활	교육	학문 행위
중급	논리적01∙논리적	관형사∙명사	논리적 판단				교육	학문 행위
고급	논문	명사	논문을 쓰다			교육	교육	학문 행위
고급	논밭	명사	논밭에 심다	전답		지리정보	경제생활	경제 행위 장소
고급	논설문	명사	논설문을 쓰다	논설		언어	교육	학문 용어
고급	논술	명사	논술 시험			언어	교육	학문 행위
중급	논의	명사	논의를 거치다	의논		학교생활	사회생활	언어 행위
중급	논쟁	명사	논쟁을 벌이다	논전		학교생활	사회생활	언어 행위
고급	논증	명사	가설 논증			철학, 윤리	교육	학문 행위
고급	논평	명사	시사 논평			언론	사회생활	언어 행위
고급	논하다	동사	인생을 논하다			언론	사회생활	언어 행위
초급	놀다	동사	친구와 놀다			주말 및 휴가	삶	여가 활동
초급	놀라다	동사	깜짝 놀라다			감정/기분 표현하기	인간	감정
중급	놀랍다	형용사	위력이 놀랍다			감정/기분 표현하기	인간	감정
중급	놀리다	동사	친구를 놀리다			인간관계	사회생활	언어 행위
중급	놀리다	동사	신나게 놀리다					
초급	놀이	명사	인형 놀이	유희		취미	삶	여가 활동
초급	놀이	명사	전통 놀이	놀음00			삶	여가 도구
중급	놀이공원	명사	놀이공원에 가다	놀이동산|유원지		주말 및 휴가	삶	여가 시설
중급	놀이터	명사	놀이터에서 놀다			주말 및 휴가	삶	여가 시설
고급	놈01/놈	의존명사/명사	미운 놈		년01		인간	사람의 종류
고급	농가	명사	축산 농가	농사01|농삿집|농갓집00		경제 경영	경제생활	경제 행위 주체
고급	농경	명사	농경 생활			경제 경영	경제생활	경제 행위
초급	농구	명사	농구 경기			취미	삶	여가 활동
초급	농담	명사	농담을 주고받다	농01	진담		사회생활	언어 행위
고급	농도	명사	농도가 짙다			과학과 기술	개념	정도
중급	농민	명사	농민이 농사짓다				경제생활	경제 행위 주체
중급	농부	명사	농부가 씨를 뿌리다	농사꾼		직업과 진로	사회생활	직업
중급	농사	명사	농사를 짓다					
중급	농사일	명사	농사일을 돕다					
중급	농산물	명사	농산물을 판매하다				경제생활	경제 산물
고급	농수산물	명사	농수산물을 판매하다			경제 경영	경제생활	경제 산물
고급	농악	명사	농약을 울리다	풍물놀이		예술	문화	전통문화
고급	농어촌	명사	농어촌 생활			지리정보	경제생활	경제 행위 장소
중급	농업	명사	농업에 종사하다					
고급	농작물	명사	농작물을 수확하다	작물			경제생활	경제 산물
고급	농장	명사	사과 농장			경제 경영	경제생활	경제 행위 장소
중급	농촌	명사	농촌에서 농사를 짓다					
고급	농축산물	명사	농축산물 시장			사회제도	경제생활	경제 산물
초급	높다	형용사	산이 높다		낮다		개념	모양
초급	높다	형용사	성적이 높다		낮다			
중급	높아지다	동사	파도가 높아지다				개념	모양
중급	높아지다	동사	수준이 높아지다					
중급	높아지다	동사	목소리가 높아지다					
초급	높이	명사	높이가 높다				개념	모양
초급	높이	부사	높이 날다				개념	모양
중급	높이다	동사	건물을 높이다		낮추다		개념	모양
중급	높이다	동사	온도를 높이다		낮추다		개념	모양
중급	높이다	동사	효과를 높이다		낮추다			
중급	높이다	동사	가격을 높이다		낮추다		경제생활	경제 행위
중급	높이다	동사	목소리를 높이다		낮추다			
중급	높임말	명사	높임말을 쓰다	존댓말		언어	사회생활	말
고급	높임법	명사	언어	경어법		언어	사회생활	말
초급	놓다	동사	펜을 놓다				인간	신체 행위
중급	놓아두다	동사	책상에 놓아두다					
중급	놓아두다	동사	그대로 놓아두다					
고급	놓아주다	동사	물고기를 놓아주다					
중급	놓이다	동사	마음이 놓이다					
중급	놓이다	동사	꽃병이 식탁에 놓이다					
중급	놓이다	동사	위기에 놓이다					
중급	놓치다	동사	손을 놓치다					
중급	놓치다	동사	버스를 놓치다					
중급	놓치다	동사	시기를 놓치다					
중급	놔두다	동사	탁자에 놔두다					
중급	뇌	명사	뇌 세포	두뇌|골03		건강	인간	신체 부위
고급	뇌물	명사	뇌물을 주다			사회문제		
고급	뇌사	명사	뇌사 상태			보건과 의료	삶	병과 증상
고급	뇌졸중	명사	뇌졸중에 걸리다			보건과 의료	삶	병과 증상
초급	누구	대명사				소개하기(가족소개)	개념	의문
초급	누나	명사	사촌 누나			소개하기(가족소개)	삶	친족 관계
초급	누나	명사	옆집 누나					
중급	누님	명사	첫째 누님				삶	친족 관계
고급	누다	동사	오줌을 누다				인간	생리 현상
고급	누렇다	형용사	이가 누렇다				개념	색깔
고급	누렇다	형용사	얼굴이 누렇다					
초급	누르다	동사	버튼을 누르다				인간	신체 행위
고급	누리다	동사	행복을 누리다					
고급	누비다	동사	옷을 누비다					
고급	누비다	동사	전국을 누비다					
고급	누이	명사	사촌 누이			인간관계	삶	친족 관계
고급	누전	명사	누전 사고			사회문제		
고급	누출	명사	가스 누출	누설		사회문제		
고급	누출	명사	기밀 누출	누설				
초급	눈	명사	눈이 작다			외모 표현하기	인간	신체 부위
초급	눈	명사	눈이 나쁘다				인간	신체 부위
초급	눈	명사	눈이 내리다			날씨와 계절	자연	기상 및 기후
중급	눈가	명사	눈가에 바르다	눈언저리		건강	인간	신체 부위
중급	눈감다	동사	할머니께서 눈감으시다			건강		
중급	눈감다	동사	실수를 눈감다					
중급	눈길	명사	눈길이 가다	시선		날씨와 계절		
중급	눈길	명사	온정의 눈길					
고급	눈꺼풀	명사	눈꺼풀이 감기다	눈까풀		보건과 의료	인간	신체 부위
고급	눈높이	명사	눈높이까지 닿다				개념	모양
고급	눈높이	명사	눈높이를 맞추다					
중급	눈동자	명사	눈동자가 크다	동공		건강	인간	신체 부위
중급	눈뜨다	동사	아침에 눈뜨다			건강	인간	신체 행위
초급	눈물	명사	눈물이 흐르다				인간	생리 현상
고급	눈물겹다	형용사	노력이 눈물겹다			심리		
고급	눈발	명사	눈발이 날리다			기후	자연	기상 및 기후
중급	눈병	명사	눈병에 걸리다			건강	삶	병과 증상
중급	눈부시다	형용사	조명이 눈부시다			날씨와 계절		
중급	눈부시다	형용사	미소가 눈부시다					
중급	눈빛	명사	눈빛이 따뜻하다	안광		외모 표현하기		
중급	눈사람	명사	눈사람을 만들다			날씨와 계절		
고급	눈사태	명사	눈사태가 나다			기후	자연	재해
고급	눈살	명사	눈살을 찌푸리다				인간	신체 부위
중급	눈싸움	명사	눈싸움 놀이			날씨와 계절		
중급	눈썹	명사	눈썹이 짙다			건강	인간	신체 부위
중급	눈앞	명사	눈앞에 보이다	목전				
중급	눈앞	명사	눈앞의 이익	목전				
고급	눈여겨보다	동사	행동을 눈여겨보다				사회생활	사회 활동
고급	눈짓	명사	눈짓을 보내다				인간	신체 행위
고급	눈초리	명사	눈초리가 매섭다	눈꼬리			인간	신체 부위
고급	눈초리	명사	의심스러운 눈초리					
고급	눈총	명사	눈총을 주다	눈살02			인간	신체 행위
중급	눈치	명사	눈치가 없다			인간관계		
고급	눈치채다	동사	실수를 눈치채다				인간	인지 행위
고급	눌리다	동사	짐에 눌리다					
초급	눕다	동사	바닥에 눕다				삶	일상 행위
중급	눕히다	동사	침대에 눕히다	누이다01			인간	신체 행위
고급	뉘우치다	동사	잘못을 뉘우치다			심리		
초급	뉴스	명사	뉴스를 보다				사회생활	매체
중급	느긋하다	형용사	마음이 느긋하다			성격 표현하기	인간	성격
초급	느끼다	동사	추위를 느끼다			감정/기분 표현하기	인간	감정
초급	느끼다	동사	즐거움을 느끼다			감정/기분 표현하기	인간	감정
중급	느끼하다	형용사	튀김이 느끼하다			음식 설명하기	식생활	맛
중급	느끼하다	형용사	속이 느끼하다					
초급	느낌	명사	느낌이 좋다			감정/기분 표현하기	인간	감정
고급	느닷없이	부사	느닷없이 나타나다					
초급	느리다	형용사	걸음이 느리다		빠르다		개념	속도
초급	느리다	형용사	이해가 느리다		빠르다			
고급	느슨하다	형용사	매듭이 느슨하다					
고급	느슨하다	형용사	마음이 느슨하다					
고급	느슨하다	형용사	제도가 느슨하다					
고급	늑대	명사	동물	이리01			동식물	동물류
초급	늘	부사	늘 만나다	항상|노상01		시간 표현하기	개념	빈도
초급	늘다	동사	면적이 늘다		줄다		개념	양
초급	늘다	동사	체중이 늘다		줄다		개념	양
초급	늘다	동사	솜씨가 늘다		줄다		개념	양
중급	늘리다	동사	규모를 늘리다				개념	양
중급	늘리다	동사	일자리를 늘리다				개념	양
중급	늘리다	동사	기술을 늘리다					
중급	늘리다	동사	재산을 늘리다				개념	양
중급	늘어나다	동사	사람이 늘어나다		줄어들다			
중급	늘어나다	동사	옷이 늘어나다		줄어들다			
중급	늘어놓다	동사	변명을 늘어놓다					
고급	늘어뜨리다	동사	머리를 늘어뜨리다	늘어트리다00			개념	모양
중급	늘어서다	동사	차가 늘어서다					
고급	늘어지다	동사	피부가 늘어지다				개념	모양
고급	늘어지다	동사	몸이 늘어지다					
중급	늘이다	동사	고무줄을 늘이다				개념	모양
초급	늙다	동사	젊다			외모 표현하기	인간	신체 변화
고급	늠름하다	형용사	자세가 늠름하다				인간	태도
고급	능동적01∙능동적	관형사∙명사	능동적 참여			심리	인간	태도
초급	능력	명사	능력이 있다			성격 표현하기	인간	능력
고급	능률	명사	능률이 오르다			직장생활	인간	능력
고급	능사	명사	능사로 알다					
고급	능숙하다	형용사	솜씨가 능숙하다			언어	인간	능력
고급	능통하다	형용사	외국어에 능통하다			언어	인간	능력
고급	능하다	형용사	임기응변에 능하다				인간	능력
중급	늦가을	명사	늦가을 낙엽	만추	초가을	날씨와 계절	개념	시간
중급	늦겨울	명사	늦겨울이 지나다		초겨울	날씨와 계절	개념	시간
초급	늦다02/늦다	형용사/동사	약속 시간에 늦다		이르다03	시간 표현하기	개념	시간
초급	늦다02/늦다	형용사/동사	시간이 늦다				개념	시간
초급	늦다02/늦다	형용사/동사	박자가 늦다				개념	시간
중급	늦봄	명사	늦봄이 지나다		초봄	날씨와 계절	개념	시간
중급	늦어지다	동사	일이 늦어지다				개념	시간
중급	늦여름	명사	늦여름이 지나다		초여름	날씨와 계절	개념	시간
중급	늦잠	명사	늦잠을 자다					
중급	늦추다	동사	시기를 늦추다				개념	시간
중급	늦추다	동사	시계를 늦추다				개념	시간
중급	늦추다	동사	긴장을 늦추다					
중급	님	의존명사	홍길동 님				인간	사람의 종류
고급	다-	접사	다방면					
초급	다01/다	부사/명사	모두				개념	양
중급	다가가다	동사	문 쪽으로 다가가다		다가오다		인간	신체 행위
중급	다가서다	동사	가까이에 다가서다				인간	신체 행위
중급	다가오다	동사	나에게 다가오다		다가가다		인간	신체 행위
중급	다가오다	동사	새해가 다가오다					
고급	다국적	명사	다국적 기업			경제 경영	정치와 행정	정치 및 치안 상태
고급	다그치다	동사	잘못을 다그치다			인간관계		
고급	다그치다	동사	범죄자를 다그치다					
고급	다급하다	형용사	상황이 다급하다	박절하다		심리	개념	속도
중급	다녀가다	동사	집에 다녀가다					
초급	다녀오다	동사	학교에 다녀오다				삶	일상 행위
초급	다니다	동사	회사에 다니다			개인정보 교환하기	삶	일상 행위
초급	다니다	동사	여행을 다니다					
고급	다다르다	동사	정상에 다다르다					
고급	다다르다	동사	결론에 다다르다					
고급	다다익선	명사				사회제도	개념	정도
중급	다듬다	동사	콩나물을 다듬다					
중급	다듬다	동사	머리를 다듬다					
고급	다량	명사	다량으로 구입하다		소량	경제 경영	개념	양
중급	다루다	동사	업무를 다루다					
중급	다루다	동사	컴퓨터를 다루다					
중급	다루다	동사	특집으로 다루다					
초급	다르다	형용사	모양이 다르다		같다	물건사기	개념	모양
초급	다른	관형사	다른 나라	딴02				
중급	다름없다	형용사	전과 다름없다					
고급	다름없이	부사	평소와 다름없이				개념	모양
초급	다리	명사	다리가 길다			외모 표현하기	인간	신체 부위
초급	다리	명사	다리를 건너다			교통 이용하기	사회생활	교통 이용 장소
중급	다리다	동사	옷을 다리다			집안일	주생활	가사 행위
중급	다리미	명사	다리미로 옷을 다리다			집안일	주생활	생활용품
중급	다림질	명사	바지를 다림질하다			집안일	주생활	가사 행위
중급	다만	부사		단지03|오직				
중급	다물다	동사	입을 다물다				인간	신체 행위
고급	다발	명사	장미 꽃 한 다발					
고급	다발	명사	다발로 묶다					
중급	다방	명사	다방 커피					
고급	다방면	명사	다방면에서 활약하다	다면				
고급	다분히	부사	다분히 고의적이다					
초급	다섯02/다섯	수사/관형사	숫자				개념	수
초급	다섯째02∙다섯째01/다섯째	수사∙관형사/명사	순서				개념	순서
중급	다소02/다소	부사/명사	다소 빠르다				개념	양
중급	다수	명사	다수 의견		소수02		개념	수
고급	다스리다	동사	나라를 다스리다			정치	정치와 행정	정치 및 행정 행위
고급	다스리다	동사	건강을 다스리다					
고급	다스리다	동사	마음을 다스리다					
초급	다시	부사	다시 시작하다			시간 표현하기		
고급	다시금	부사	다시금 시작하다				개념	빈도
고급	다시다	동사	입맛을 다시다			식문화	인간	신체 행위
초급	다양	명사	다양한 방법				개념	모양
고급	다양성	명사	다양성을 띠다			사회제도		
고급	다양화	명사	다양화를 추구하다			사회제도		
중급	다운로드	명사	다운로드를 받다	내려받기		컴퓨터와 인터넷		
초급	다음	명사	다음 날				개념	순서
초급	다음날	명사	다음날 아침			날짜 표현하기	개념	시간
고급	다이빙	명사	다이빙 선수			스포츠		
고급	다이아몬드	명사	보석	금강석|다이아		외양	자연	자원
초급	다이어트	명사	다이어트에 성공하다			외모 표현하기	삶	일상 행위
중급	다정	명사	다정한 연인		$박정하다	성격 표현하기	인간	성격
고급	다지다	동사	땅을 다지다				식생활	식사 및 조리 행위
고급	다지다	동사	각오를 다지다					
고급	다지다	동사	기초를 다지다					
중급	다지다	동사	마늘을 다지다				식생활	식사 및 조리 행위
중급	다짐	명사	다짐을 받다			감정/기분 표현하기		
고급	다짜고짜	부사	다짜고짜 따지다	다짜고짜로			인간	태도
고급	다채롭다	형용사	행사가 다채롭다			예술	개념	모양
초급	다치다	동사	팔을 다치다				삶	병과 증상
고급	다큐멘터리	명사	다큐멘터리를 제작하다			대중문화	문화	대중문화
중급	다투다	동사	친구와 다투다			인간관계	사회생활	사회 활동
중급	다투다	동사	우승을 다투다					
초급	다하다	동사	기력이 다하다					
중급	다행	명사	다행으로 생각하다	행02		감정/기분 표현하기		
중급	다행스럽다	형용사	참 다행스럽다			감정/기분 표현하기		
중급	다행히	부사	다행히 찾다			감정/기분 표현하기		
고급	닥치다	동사	불행이 닥치다			역사		
초급	닦다	동사	구두를 닦다				삶	일상 행위
고급	단	접사	무용단					
중급	단	관형사	단 하루					
고급	단	부사						
고급	단가	명사	단가가 싸다			경제 경영	경제생활	경제 수단
고급	단거리	명사	단거리와 장거리				개념	위치 및 방향
고급	단결	명사	단결을 다지다	단합		인간관계	사회생활	사회 생활 상태
중급	단계	명사	마무리 단계	계단				
고급	단계적01∙단계적	관형사∙명사	단계적 절차					
중급	단골	명사	단골 고객	단골손님		물건사기		
고급	단군	명사	단군 신화			역사		
중급	단기	명사	단기 교육	단기간			개념	시간
고급	단기간	명사	단기간과 장기간	단기01			개념	시간
고급	단념	명사	단념이 빠르다			심리	인간	인지 행위
중급	단단하다	형용사	뼈가 단단하다				개념	성질
중급	단단하다	형용사	근육이 단단하다				개념	성질
중급	단단하다	형용사	의지가 단단하다					
고급	단단히	부사	단단히 다지다				개념	모양
고급	단단히	부사	단단히 매다					
고급	단단히	부사	단단히 결심하다					
중급	단독	명사	단독 결정					
고급	단돈	명사	단돈 천 원			경제 경영	경제생활	경제 수단
고급	단락	명사	단락을 짓다			언어		
고급	단락	명사	단락을 나누다					
고급	단란하다	형용사	가정이 단란하다					
고급	단련	명사	심신 단련	연마		스포츠		
고급	단말기	명사	단말기를 구입하다	단말 장치		과학과 기술		
중급	단맛	명사	단맛을 느끼다		쓴맛	음식 설명하기	식생활	맛
중급	단발머리	명사	단발머리로 자르다			외모 표현하기	의생활	미용 행위
고급	단백질	명사	단백질이 부족하다			식문화		
고급	단번에	부사	단번에 이해하다				개념	시간
고급	단서	명사	단서를 찾다	실마리		사회문제		
중급	단속	명사	단속을 피하다			교통 이용하기	정치와 행정	사법 및 치안 행위
초급	단순	명사	단순 노동				개념	모양
중급	단순히	부사	단순히 생각하다					
고급	단숨에	부사	단숨에 마시다	한숨에|단걸음에00				
고급	단시간	명사	단시간에 끝내다				개념	시간
초급	단어	명사	단어를 외우다	낱말		학교생활	사회생활	말
고급	단연	부사	단연 으뜸이다	단연코|단연히				
중급	단위	명사	화폐 단위				개념	세는 말
중급	단위	명사	가족 단위				개념	세는 말
고급	단일	명사	단일 국가					
고급	단일	명사	단일 성분					
고급	단적01∙단적	관형사∙명사	단적인 예					
고급	단절	명사	대화 단절	절단			사회생활	사회 생활 상태
중급	단점	명사	단점을 극복하다	결점	장점			
고급	단정	명사	단정을 짓다				인간	인지 행위
중급	단정하다	형용사	옷차림이 단정하다			외모 표현하기	의생활	의복 착용 상태
고급	단조롭다	형용사	생활이 단조롭다				개념	모양
중급	단지	부사		다만				
중급	단지	명사	단지를 조성하다			집 구하기		
중급	단체	명사	단체에 가입하다			여행		
초급	단추	명사	단추를 달다			복장 표현하기	의생활	옷의 부분
초급	단추	명사	단추를 누르다					
고급	단축	명사	단축 수업		연장02			
초급	단풍	명사	단풍이 들다			여행	삶	여가 활동
고급	단합	명사	국민 단합	단결		직장생활		
고급	단호하다	형용사	태도가 단호하다			심리	인간	태도
초급	닫다	동사	문을 닫다		열다			
중급	닫히다	동사	창문이 닫히다		열리다02			
초급	달01/달	명사/의존명사	다음 달			날짜 표현하기	개념	세는 말
초급	달걀	명사	달걀을 삶다	계란		음식 주문하기	식생활	식재료
고급	달구다	동사	프라이팬을 달구다					
고급	달구다	동사	분위기를 달구다					
중급	달다	동사	단추를 달다				의생활	의복 착용 행위
중급	달다	동사	에어컨을 달다			집 구하기	주생활	가사 행위
고급	달다	동사	무게를 달다			경제 경영		
중급	달다	동사	달라고 하다					
초급	달다	형용사	맛이 달다		쓰다04	음식 주문하기	식생활	맛
고급	달라붙다	동사	스티커가 달라붙다	들붙다		외양		
고급	달라붙다	동사	옆으로 달라붙다					
중급	달라지다	동사	장소가 달라지다					
중급	달래다	동사	아이를 달래다			인간관계	사회생활	언어 행위
중급	달래다	동사	슬픔을 달래다					
중급	달러02/달러	의존명사/명사	일 달러	불02		물건사기	경제생활	경제 수단
중급	달려가다	동사	운동장으로 달려가다				인간	신체 행위
중급	달려들다	동사	버스로 달려들다				인간	신체 행위
중급	달려오다	동사	먼 길을 달려오다				인간	신체 행위
초급	달력	명사	달력을 걸다			집 구하기	주생활	생활용품
중급	달리	부사	달리 보이다					
중급	달리	부사	달리 -이/가 없다					
초급	달리기	명사	달리기가 빠르다					
중급	달리다	동사	벽에 달린 액자			집안일		
중급	달리다	동사	거실에 주방이 달리다					
중급	달리다	동사	식구가 달리다					
초급	달리다	동사	말이 달리다				인간	신체 행위
고급	달리하다	동사	생각을 달리하다		같이하다			
중급	달빛	명사	달빛이 비치다	월광		날씨와 계절	자연	천체
중급	달성	명사	목표 달성					
중급	달아나다	동사	범인이 달아나다					
중급	달아나다	동사	기회가 달아나다					
중급	달아나다	동사	잠이 달아나다					
중급	달아나다	동사	세월이 달아나다					
고급	달아오르다	동사	냄비가 달아오르다					
고급	달아오르다	동사	얼굴이 달아오르다					
고급	달아오르다	동사	분위기가 달아오르다					
중급	달콤하다	형용사	케이크가 달콤하다				식생활	맛
중급	달콤하다	형용사	낮잠이 달콤하다			음식 설명하기		
중급	달하다	동사	한계에 달하다					
초급	닭	명사	닭이 울다				동식물	동물류
초급	닭고기	명사	닭고기 요리			음식 주문하기	식생활	식재료
초급	닮다	동사	아빠를 닮다			소개하기(가족소개)	개념	모양
중급	닳다	동사	신발이 닳다					
중급	담	명사	담을 쌓다	담장		집 구하기	주생활	주택 구성
중급	담	명사	담날				개념	시간
중급	담그다	동사	발을 담그다					
중급	담그다	동사	김치를 담그다			요리 설명하기	식생활	식사 및 조리 행위
중급	담기다	동사	그릇에 담기다					
중급	담기다	동사	정성이 담기다					
중급	담다	동사	쌀을 담다					
중급	담다	동사	마음을 담다					
고급	담담하다	형용사	마음이 담담하다			심리	인간	태도
중급	담당	명사	담당 부서			직장생활		
중급	담당자	명사	업무 담당자	담당		직장생활	인간	사람의 종류
초급	담배	명사	담배를 피우다				식생활	음식
중급	담백하다	형용사	맛이 담백하다	담담하다		음식 설명하기	식생활	맛
고급	담보	명사	담보로 잡히다			경제 경영	경제생활	경제 수단
고급	담보	명사	담보를 잡히다					
중급	담요	명사	담요를 덮다			집안일	주생활	생활용품
중급	담임	명사	담임을 맡다			학교생활		
고급	담장	명사	담장을 넘다	담01		건축	주생활	주택 구성
초급	답	명사	답이 없다	대답|회답		학교생활	사회생활	언어 행위
초급	답	명사	답이 틀리다	해답				
초급	답답하다	형용사	가슴이 답답하다			감정/기분 표현하기	인간	감정
고급	답례	명사	답례를 받다	답인사00				
중급	답변	명사	답변을 듣다			인간관계	사회생활	언어 행위
고급	답사	명사	현장 답사			여가생활		
초급	답장	명사	답장을 보내다			전화하기	사회생활	소통 수단
중급	닷새	명사	닷새가 걸리다	닷샛날			개념	시간
고급	당	명사	당을 조직하다	정당		정치	정치와 행정	정치 및 행정 주체
고급	당구	명사	당구를 치다			여가생활	삶	여가 활동
고급	당국	명사	정부 당국	당사국		정치	정치와 행정	정치 및 행정 주체
중급	당근	명사	당근 주스	홍당무		요리 설명하기	식생활	채소
중급	당기다	동사	의자를 당기다					
중급	당기다	동사	식욕이 당기다					
중급	당기다	동사	날짜를 당기다		미루다			
고급	당뇨병	명사	당뇨병에 걸리다	당뇨		보건과 의료	삶	병과 증상
중급	당당하다	형용사	태도가 당당하다				인간	태도
고급	당당히	부사	당당히 맞서다				인간	태도
고급	당락	명사	당락이 좌우되다			교육		
고급	당면	명사	당면 과제			사회문제		
고급	당부	명사	당부 말씀			언어	사회생활	언어 행위
중급	당분간02/당분간	부사/명사	당분간 쉬다				개념	시간
고급	당사자	명사	사건 당사자	본인01		사회문제	인간	사람의 종류
고급	당선	명사	정치인 당선		낙선	정치	정치와 행정	정치 및 행정 행위
고급	당선	명사	당선 작품	입선	낙선			
중급	당시	명사	그 당시				개념	시간
중급	당신	대명사					개념	인칭
중급	당연하다	형용사	당연한 결과	응당하다				
중급	당연히	부사	당연히 다르다	응당		감정/기분 표현하기	인간	감정
중급	당일	명사	당일 여행				개념	시간
중급	당장	명사	지금 당장				개념	시간
중급	당첨	명사	복권 당첨					
중급	당하다	동사	사기꾼에게 당하다					
중급	당하다	동사	위기를 당하다					
중급	당하다	동사	놀림을 당하다					
중급	당하다	동사	사고를 당하다					
고급	당혹	명사	당혹을 금치 못하다			심리	인간	태도
중급	당황	명사	당황을 감추지 못하다			감정/기분 표현하기	인간	태도
중급	닿다	동사	손에 닿다					
중급	닿다	동사	연락이 닿다					
중급	닿다	동사	기회가 닿다					
중급	대-	접사	대가족					
고급	대	접사	만 원대			경제 경영	개념	수
고급	대00/대	명사/의존명사	남자 대 남자			스포츠		
중급	대01/대	명사/의존명사	대가 굵다					
중급	대01/대	명사/의존명사	담배 한 대					
중급	대01/대	명사/의존명사	주먹 한 대					
고급	대	명사	대와 소				개념	모양
고급	대	명사	오 대 미인					
고급	대06/대	명사/의존명사	대를 잇다	세대01		인간관계		
초급	대	의존명사	자동차 한 대			교통 이용하기	개념	세는 말
중급	대가	명사	대금	대금02				
중급	대가	명사	대가를 치르다			직장생활		
고급	대가족	명사	대가족을 이루다			사회제도	삶	친족 관계
중급	대강02/대강	부사/명사	대강 정리하다	대체로|대충|대략02				
중급	대개02/대개	부사/명사	대개의 경우	대부분01|대부분02|대체로				
고급	대거02/대거	부사/명사	대거 투입				개념	수
고급	대견하다	형용사	자식이 대견하다			심리	인간	감정
고급	대결	명사	대결을 벌이다			스포츠	사회생활	사회 활동
초급	대구	명사	대구 사람				개념	지역
중급	대규모	명사	대규모 행사				개념	모양
고급	대금	명사	공사 대금	값|대가02|대료00		경제 경영	경제생활	경제 수단
중급	대기	명사	대기가 오염되다			날씨와 계절		
중급	대기	명사	대기 장소					
고급	대기만성	명사				교육		
중급	대기업	명사	대기업에 취직하다			직업과 진로	경제생활	경제 행위 주체
고급	대꾸	명사	대꾸를 피하다	말대꾸		언어	사회생활	언어 행위
고급	대나무	명사	대나무 숲	대03			동식물	식물류
중급	대낮	명사	대낮처럼 밝다	백주		날씨와 계절	개념	시간
중급	대다	동사	열차 시간에 대다					
중급	대다	동사	벽에 대다					
중급	대다	동사	차를 대다					
중급	대다	동사	귀에 대다					
중급	대다	동사	핑계를 대다					
중급	대다수	명사	대다수가 찬성하다	대부분01			개념	수
중급	대단하다	형용사	추위가 대단하다					
중급	대단하다	형용사	일이 대단하다					
중급	대단히	부사	대단히 좋다	몹시			개념	정도
고급	대담	명사	대담을 나누다	대화		언어	사회생활	언어 행위
고급	대담하다	형용사	대담한 행동	담대하다		심리	인간	태도
초급	대답	명사	대답이 없다	답		전화하기	사회생활	언어 행위
고급	대대로	부사	자손 대대로	대대03		역사		
고급	대대손손	명사		자자손손|자손만대		역사		
고급	대대적01∙대대적	관형사∙명사	대대적으로 보도하다					
중급	대도시	명사	대도시에 살다			지리정보	개념	지역
고급	대두	명사	문제의 대두					
고급	대들다	동사	어른에게 대들다	받다02		인간관계	사회생활	사회 활동
고급	대등	명사	대등 관계			인간관계	사회생활	사회 생활 상태
고급	대뜸	부사	대뜸 말하다					
중급	대략02/대략	부사/명사	대략 설명하다	대체로|대충|대강02				
고급	대략적01∙대략적	관형사∙명사	대략적으로 설명하다	개략적01|개략적02				
고급	대략적01∙대략적	관형사∙명사	대략적 비용					
중급	대량	명사	대량 주문		소량	요리 설명하기	개념	양
중급	대로	명사	큰길	큰길	소로	교통 이용하기	사회생활	교통 이용 장소
고급	대륙	명사	아프리카 대륙			지리정보	개념	지역
중급	대리	명사	대리 운전			직장생활	사회생활	직위
고급	대리점	명사	휴대폰 대리점			경제 경영	경제생활	경제 행위 장소
중급	대립	명사	대립을 벌이다	대치02				
고급	대머리	명사	대머리 아저씨			외양	인간	용모
고급	대명사	명사	명사와 대명사			언어	사회생활	말
고급	대목	명사	설날 대목			문화차이	경제생활	경제 상태
중급	대문	명사	대문을 열다			집 구하기	주생활	주택 구성
고급	대박	명사	대박이 나다			경제 경영	경제생활	경제 상태
중급	대변	명사	대변이 마렵다			건강	인간	생리 현상
고급	대변	명사	의견 대변				사회생활	언어 행위
고급	대보름	명사	정월 대보름			문화차이	문화	전통문화
고급	대본	명사	드라마 대본			대중문화	문화	대중문화
초급	대부분01/대부분	명사/부사	대부분의 시간	대개01|대개02			개념	양
고급	대북	명사	대북 정책			정치		
중급	대비	명사	대비를 이루다					
중급	대비	명사	노후 대비					
중급	대사	명사	미국 대사			공공기관 이용하기	정치와 행정	정치 및 행정 주체
중급	대사	명사	대사를 외우다			공연과 감상		
초급	대사관	명사	미국 대사관				정치와 행정	공공 기관
고급	대상	명사	대상을 받다			예술		
중급	대상	명사	연구 대상					
중급	대상자	명사	합격 대상자				인간	사람의 종류
고급	대성통곡	명사				심리		
고급	대수롭다	형용사	대수로운 일			심리	인간	태도
중급	대신	명사	나 대신 너					
고급	대안	명사	대안을 세우다			사회문제		
고급	대안	명사	대안을 내놓다			사회문제		
고급	대양	명사	태평양			지리정보		
고급	대여	명사	도서 대여			경제 경영	경제생활	경제 행위
중급	대여섯02·대여섯	수사·관형사	숫자				개념	수
고급	대외	명사	대외 무역		대내		개념	위치 및 방향
고급	대우	명사	차별 대우			직장생활	사회생활	사회 활동
고급	대우	명사	대우가 좋다					
고급	대원	명사	탐험대 대원				인간	사람의 종류
중급	대응	명사	법적 대응					
중급	대응	명사	일대일 대응					
고급	대인	명사	대인 관계			인간관계	사회생활	사회 활동
고급	대입	명사	대입 시험			교육	교육	교수 학습 행위
고급	대장	명사	대장 노릇			인간관계	사회생활	직위
고급	대장	명사	대장 내시경	큰창자		보건과 의료	인간	신체 내부 구성
초급	대전	명사	지명				개념	지역
고급	대접	명사	대접에 담다			식문화	식생활	조리 도구
중급	대접	명사	손님 대접	대우		인간관계	사회생활	사회 활동
중급	대접	명사	식사 대접				사회생활	사회 활동
중급	대조	명사	지문 대조					
중급	대조	명사	대조를 이루다					
고급	대조적01∙대조적	관형사∙명사	대조적 관점			언어		
고급	대졸	줄어든 말	대졸 학력			교육	교육	교수 학습 행위
중급	대중	명사	대중과 소통하다			대중매체		
중급	대중	명사	대중 매체					
중급	대중가요	명사	대중가요를 부르다	가요		대중매체	문화	대중문화
중급	대중교통	명사	대중교통을 타다			대중매체	사회생활	교통수단
중급	대중문화	명사	대중문화가 발전하다			대중매체	문화	대중문화
고급	대중성	명사	대중성이 있다			대중문화		
고급	대중적01∙대중적	관형사∙명사	대중적 지지			대중문화		
고급	대중화	명사	문화의 대중화			과학과 기술		
중급	대책	명사	대책을 마련하다			공공기관 이용하기		
중급	대처	명사	대처 방안					
중급	대청소	명사	집안 대청소			집안일	주생활	가사 행위
고급	대체00/대체	명사/부사	대체 왜 그래?	도대체				
중급	대체	명사	대체 방안	교체				
중급	대체로	부사	대략	대충|대강02|대략02				
중급	대체로	부사	대개	대개02				
고급	대추	명사	대추를 먹다			식문화	식생활	과일
중급	대출	명사	도서 대출			공공기관 이용하기		
중급	대충	부사	대충 읽다	대체로|대강02|대략02			개념	정도
중급	대통령	명사	대통령을 선출하다			공공기관 이용하기	정치와 행정	정치 및 행정 주체
고급	대폭01/대폭	명사/부사	대폭 늘리다		소폭01|소폭02		개념	양
중급	대표	명사	대표 작품					
중급	대표	명사	대표를 선출하다	대표자				
중급	대표적01∙대표적	관형사∙명사	대표적 작품					
고급	대피	명사	대피 시설			사회문제		
중급	대하다	동사	얼굴을 대하다				사회생활	사회 활동
중급	대하다	동사	가족으로 대하다				사회생활	사회 활동
중급	대하다	동사	일에 대한	관하다			사회생활	사회 활동
초급	대학	명사	대학에 들어가다			학교생활	교육	교육 기관
초급	대학	명사	문과 대학	단과대학				
고급	대학가	명사	대학가가 번화하다			교육	개념	지역
초급	대학교	명사	대학교에 입학하다			학교생활	교육	교육 기관
초급	대학생	명사	대학생이 되다			학교생활	교육	교수 학습 주체
초급	대학원	명사	대학원을 다니다			학교생활	교육	교육 기관
중급	대한민국	명사	나라	한국		지리정보	개념	지역
고급	대항	명사	대항 세력			역사	사회생활	사회 활동
고급	대항	명사	대항 경기					
중급	대형	명사	대형 냉장고			집 구하기	개념	모양
고급	대형차	명사	대형차 수리	대형 자동차00			사회생활	교통수단
초급	대화	명사	대화를 나누다	대담02			사회생활	언어 행위
초급	대회	명사	대회가 열리다			취미		
초급	댁02/댁	대명사/명사	선생님 댁			집 구하기		
중급	댐	명사	댐을 건설하다			지리정보		
고급	댓글	명사	댓글을 달다			언론	사회생활	소통 수단
고급	댕기다	동사	불을 댕기다					
초급	더	부사	하나 더				개념	양
초급	더	부사	훨씬 더		덜		개념	양
중급	더구나	부사		더군다나			개념	접속
고급	더군다나	부사		더구나				
고급	더더욱	부사						
고급	더듬거리다	동사	말을 더듬거리다	더듬대다|더듬더듬하다		언어		
고급	더듬다	동사	손을 더듬다			언어	인간	신체 행위
고급	더듬다	동사	기억을 더듬다					
고급	더듬다	동사	말을 더듬다					
고급	더디다	형용사	시간이 더디다				개념	속도
고급	더러	부사	더러 보이다				개념	빈도
중급	더러워지다	동사	옷이 더러워지다			집안일		
중급	더러워지다	동사	성질이 더러워지다					
초급	더럽다	형용사	손이 더럽다			집안일	주생활	주거 상태
중급	더럽히다	동사	옷을 더럽히다			집안일		
중급	더럽히다	동사	명예를 더럽히다					
고급	더미	명사	서류 더미					
고급	더부룩하다	형용사	속이 더부룩하다			보건과 의료	삶	병과 증상
중급	더불다	동사	더불어 살다				사회생활	사회 활동
고급	더없이	부사	더없이 만족하다				개념	정도
초급	더욱	부사	더욱 좋다				개념	정도
중급	더욱더	부사					개념	정도
중급	더욱이	부사					개념	정도
중급	더위	명사	더위를 피하다		추위	날씨와 계절	자연	기상 및 기후
중급	더하다	동사	숫자를 더하다				개념	양
중급	더하다	동사	의견을 더하다				개념	양
중급	덕	명사	덕이 높다					
중급	덕	명사	부모님 덕	덕분				
고급	덕목	명사	덕목을 배우다			철학, 윤리		
초급	덕분	명사	부모님 덕분	덕|덕택			사회생활	사회 활동
중급	덕택	명사	부모님 덕택	덕분				
초급	던지다	동사	공을 던지다		받다01		인간	신체 행위
중급	덜	부사	덜 익다		더		개념	정도
중급	덜다	동사	밥을 덜다			음식 설명하기	개념	양
중급	덜다	동사	걱정을 덜다				개념	양
고급	덜렁대다	동사	성격이 덜렁대다	덜렁거리다		심리	인간	성격
고급	덜컥	부사	겁이 덜컥 나다					
고급	덜컥	부사	덜컥 사 버리다					
고급	덜하다	형용사	고생이 덜하다		더하다01		개념	정도
고급	덤	명사	덤으로 주다			경제 경영	경제생활	경제 수단
고급	덤벼들다	동사	적에게 덤벼들다				사회생활	사회 활동
고급	덤비다	동사	상대방에게 덤비다					
초급	덥다	형용사	날씨가 덥다		춥다	날씨와 계절	자연	기상 및 기후
고급	덥히다	동사	물을 덥히다			식문화		
고급	덧나다	동사	상처가 덧나다			보건과 의료	삶	병과 증상
중급	덧붙이다	동사	벽지를 덧붙이다					
중급	덧붙이다	동사	설명을 덧붙이다					
고급	덩달다	동사	덩달아 웃다					
중급	덩어리	명사	고기 덩어리					
중급	덩어리	명사	여러 덩어리				개념	세는 말
고급	덩치	명사	덩치가 크다	몸집		외양	인간	용모
중급	덮다	동사	이불을 덮다					
중급	덮다	동사	뚜껑을 덮다					
중급	덮다	동사	책을 덮다					
중급	덮다	동사	잘못을 덮다					
중급	덮이다	동사	뚜껑이 덮이다					
중급	덮이다	동사	눈이 덮이다					
고급	덮치다	동사	불행이 덮치다					
중급	데	의존명사	장소가 달라지다				개념	지역
중급	데	의존명사	것					
중급	데	의존명사	상황					
중급	데다	동사	불에 데다				삶	병과 증상
초급	데려가다	동사	아이를 데려가다				사회생활	사회 활동
초급	데려오다	동사	친구를 데려오다		데려가다		사회생활	사회 활동
중급	데리다	동사	데리고 가다				사회생활	사회 활동
고급	데모	명사	데모가 일어나다	시위02|시위운동00		사회문제	사회생활	사회 활동
중급	데우다	동사	찌개를 데우다	가열하다01		요리 설명하기	식생활	식사 및 조리 행위
초급	데이트	명사	데이트를 신청하다				사회생활	사회 활동
중급	데치다	동사	채소를 데치다			요리 설명하기	식생활	식사 및 조리 행위
고급	도	명사	도가 지나치다			사회문제	개념	정도
초급	도	의존명사	영상 일 도				개념	세는 말
고급	도	명사	도를 깨우치다					
중급	도	명사	행정 구역					
중급	도구	명사	청소 도구			요리 설명하기		
중급	도구	명사	소통의 도구					
고급	도깨비	명사	도깨비 이야기			문화차이		
고급	도끼	명사	도끼로 찍다					
중급	도난	명사	도난을 당하다			공공기관 이용하기		
고급	도달	명사	목표 도달	당도00		경제 경영		
중급	도대체	부사	대관절	대관절|대체01				
중급	도대체	부사	도대체 알 수 없다					
고급	도덕	명사	도덕을 지키다			철학, 윤리		
고급	도덕	명사	도덕 과목				교육	전공과 교과목
고급	도덕성	명사	도덕성을 갖추다			철학, 윤리		
고급	도덕적01∙도덕적	관형사∙명사	도덕적 관념			철학, 윤리	사회생활	사회 생활 상태
중급	도둑	명사	도둑을 잡다	도적		사건, 사고, 재해 기술하기	정치와 행정	사법 및 치안 주체
고급	도둑맞다	동사	물건을 도둑맞다			사회문제		
고급	도래	명사	정보화 시대의 도래					
중급	도로	부사	도로 돌아가다			교통 이용하기		
중급	도로	부사	도로 갖다 놓다					
초급	도로	명사	도로를 건너다	길01		교통 이용하기		
고급	도리	명사	도리에 어긋나다			철학, 윤리		
고급	도리	명사	도리가 있다					
중급	도리어	부사						
고급	도립	명사	도립 도서관			사회제도	사회생활	사회 생활 상태
중급	도마	명사	도마에 놓고 썰다			요리 설명하기	식생활	조리 도구
중급	도망	명사	도망을 다니다	도주				
중급	도망가다	동사	도둑이 도망가다	도망치다				
중급	도망치다	동사	감옥에서 도망치다	도망가다				
고급	도맡다	동사	역할을 도맡다					
고급	도매	명사	도매로 팔다			경제 경영		
고급	도모	명사	친목 도모					
중급	도무지	부사	도무지 모르다	도통			개념	정도
중급	도무지	부사	도무지 관심이 없다	도통			개념	정도
고급	도박	명사	도박에 빠지다	노름		사회문제	삶	여가 활동
고급	도보	명사	도보 여행	보행				
중급	도서	명사	도서 대출	책		한국의 문학		
초급	도서관	명사	도서관에서 공부하다			공공기관 이용하기(도서관)	교육	학교 시설
초급	도시	명사	도시에서 살다	도회지		위치 표현하기	개념	지역
중급	도시락	명사	도시락을 싸다			학교생활		
고급	도시화	명사	도시화가 이루어지다			사회문제		
중급	도심	명사	도심에 위치하다			교통 이용하기	개념	지역
고급	도약	명사	도약 자세					
고급	도약	명사	경제적 도약			경제 경영		
초급	도와주다	동사	일을 도와주다			감사하기	사회생활	사회 활동
고급	도우미	명사	가사 도우미			사회제도	사회생활	직업
초급	도움	명사	도움을 받다			감사하기	사회생활	사회 활동
중급	도입	명사	기술 도입					
중급	도입	명사	도입 부분					
중급	도자기	명사	도자기를 빚다			문화 비교하기	문화	미술
중급	도장	명사	도장을 찍다	인장|인		직장생활		
중급	도저히	부사	도저히 안 되다				개념	정도
중급	도전	명사	도전을 계속하다			직업과 진로		
중급	도중	명사	도중에 끼어들다	중도01			개념	시간
초급	도착	명사	도착 시간		출발	길찾기	사회생활	교통 이용 행위
고급	도처	명사	도처에 널리다	곳곳|여기저기			개념	위치 및 방향
고급	도태	명사	도태를 겪다			사회문제	사회생활	사회 활동
고급	도표	명사	도표를 그리다			사회문제		
고급	도피	명사	도피 생활			사회문제	사회생활	사회 활동
고급	도피	명사	현실 도피					
중급	독	명사	독이 퍼지다					
중급	독	명사	독을 타다	독약				
중급	독감	명사	독감에 걸리다	유행성감기		건강	삶	병과 증상
고급	독거노인	명사	독거노인을 돕다			사회문제	인간	사람의 종류
중급	독립	명사	경제적 독립					
중급	독립	명사	독립 기념일					
고급	독립적01∙|독립적	관형사∙명사	독립적 존재				인간	태도
고급	독방	명사	독방을 쓰다	독실00		건축	주생활	주거 형태
고급	독사	명사	독사에 물리다	독뱀		사회문제	동식물	동물류
초급	독서	명사	독서를 즐기다			취미	삶	여가 활동
고급	독선적01∙|독선적	관형사∙명사	독선적 성격			심리	인간	태도
고급	독성	명사	독성 물질			사회문제		
고급	독신	명사	독신 여성			사회제도	인간	사람의 종류
초급	독일	명사	나라			위치 표현하기	개념	지역
중급	독일어	명사	독일어를 가르치다	독어		언어	사회생활	말
중급	독자	명사	독자와 작가			취미	인간	사람의 종류
고급	독자적01∙|독자적	관형사∙명사	독자적 행동				인간	태도
고급	독자적01∙|독자적	관형사∙명사	독자적 성격					
고급	독재	명사	독재 정권			정치	정치와 행정	정치 및 행정 행위
고급	독재	명사	장기 독재	독재 정치				
고급	독재자	명사	독재자가 되다			사회제도		
고급	독점	명사	독점 광고	독차지		경제 경영		
고급	독점	명사	독점 판매					
고급	독창성	명사	예술적 독창성			예술	인간	능력
고급	독창적01∙|독창적	관형사∙명사	독창적 사고			예술	인간	능력
중급	독특하다	형용사	취향이 독특하다					
중급	독하다	형용사	냄새가 독하다					
중급	독하다	형용사	성격이 독하다					
초급	돈	명사	돈을 벌다	금전|화폐		물건사기	경제생활	경제 수단
초급	돈	명사	돈이 들다					
초급	돈가스	명사	돈가스를 먹다			음식 주문하기	식생활	음식
고급	돈독하다	형용사	우애가 돈독하다			인간관계	사회생활	사회 생활 상태
고급	돋보이다	동사	실력이  돋보이다					
고급	돋우다	동사	화를 돋우다					
중급	돌01/돌	명사/의존명사	돌잔치			가족행사	개념	시간
초급	돌	명사	돌을 던지다			여행	자연	지표면 사물
초급	돌다	동사	빙글빙글 돌다					
중급	돌려받다	동사	책을 돌려받다					
중급	돌려보내다	동사	물건을 돌려보내다					
초급	돌려주다	동사	책을 돌려주다				사회생활	사회 활동
초급	돌리다	동사	바퀴를 돌리다				인간	신체 행위
중급	돌멩이	명사	돌멩이를 던지다			지리정보	자연	지표면 사물
중급	돌보다	동사	아이를 돌보다				사회생활	사회 활동
중급	돌보다	동사	가정을 돌보다	돌아보다			사회생활	사회 활동
초급	돌아가다	동사	바퀴가 돌아가다					
초급	돌아가다	동사	고향에 돌아가다		돌아오다			
중급	돌아다니다	동사	거리를 돌아다니다					
고급	돌아다보다	동사	뒤를 돌아다보다				인간	신체 행위
중급	돌아보다	동사	주변을 돌아보다					
중급	돌아보다	동사	마을을 돌아보다					
중급	돌아서다	동사	마음이 돌아서다					
초급	돌아오다	동사	학교에서 돌아오다		돌아가다			
고급	돌연변이	명사	돌연변이 유전자			환경문제		
고급	돌이키다	동사	발걸음을 돌이키다					
고급	돌이키다	동사	과거를 돌이키다					
고급	돌파	명사	정면 돌파			경제 경영		
고급	돌파	명사	기록 돌파					
고급	돌파	명사	역경 돌파					
초급	돕다	동사	아버지를 돕다			감사하기	사회생활	사회 활동
초급	돕다	동사	불우한 이웃을 돕다					
중급	동	명사	동쪽	동쪽		집 구하기	개념	위치 및 방향
중급	동	명사	동과 서의 교류				개념	위치 및 방향
중급	동	명사	행정 구역					
중급	동	명사	주민 센터	동사무소		공공기관 이용하기		
고급	동	의존명사	두 동짜리 아파트					
고급	동감	명사	전적인 동감	공감		심리		
고급	동거	명사	동거 생활		별거02	사회제도	삶	삶의 행위
고급	동거	명사	혼전 동거					
고급	동경	명사	동경의 대상			심리	인간	인지 행위
고급	동굴	명사	동굴로 들어가다			여가생활	자연	지형
중급	동그라미	명사	동그라미를 그리다				개념	모양
중급	동그랗다	형용사	얼굴이 동그랗다			외모 표현하기	개념	모양
중급	동기	명사	대학 동기	동기생		학교생활		
중급	동기	명사	동기를 유발하다			직장생활		
중급	동남아	명사	동남아 여행			지리정보	개념	지역
초급	동네	명사	동네 사람들	마을		위치 표현하기	주생활	주거 지역
초급	동대문	명사	고적			위치 표현하기	개념	지역
고급	동동	부사	발을 동동 구르다					
고급	동등	명사	기회 동등			인간관계	사회생활	사회 생활 상태
고급	동력	명사	동력 장치			과학과 기술		
고급	동력	명사	역사의 동력					
중급	동료	명사	직장 동료			직장생활	사회생활	인간관계
고급	동맥	명사	동맥 경화			보건과 의료	인간	신체 내부 구성
고급	동메달	명사	동메달을 따다			스포츠		
고급	동문	명사	중학교 동문	동창|동학01		직업과 진로	사회생활	인간관계
고급	동문서답	명사				언어	사회생활	언어 행위
초급	동물	명사	동물을 키우다			취미	동식물	동물류
초급	동물원	명사	동물원에 가다			위치 표현하기	삶	여가 시설
고급	동반	명사	부부 동반	동행		기후		
고급	동반	명사	동반 상승					
고급	동병상련	명사				심리	인간	감정
중급	동부	명사	동부 유럽			지리정보	개념	지역
고급	동사	명사	동사와 형용사			언어	사회생활	말
고급	동상	명사	동상을 세우다			예술	문화	미술
고급	동상이몽	명사						
초급	동생	명사	동생이 태어나다			소개하기(가족소개)	삶	친족 관계
중급	동서남북	명사	동서남북으로 찾다			지리정보	개념	위치 및 방향
고급	동성	명사	동성 친구			인간관계		
초급	동시	명사	동시에 일어나다			시간 표현하기	개념	시간
고급	동시통역	명사	동시통역 기능			언어	사회생활	언어 행위
고급	동식물	명사	희귀 동식물					
중급	동아리	명사	동아리에 가입하다			인간관계		
초급	동안	명사	며칠 동안			시간 표현하기	개념	시간
중급	동양	명사	동양 사상			문화 비교하기	개념	지역
중급	동양인	명사	서양인과 동양인			문화 비교하기	인간	사람의 종류
중급	동영상	명사	동영상을 보다			대중매체		
고급	동요	명사	건물의 동요			심리		
고급	동요	명사	감정의 동요				인간	감정
중급	동요	명사	동요를 부르다			한국의 문학	문화	음악
고급	동원	명사	자금 동원					
중급	동의	명사	동의를 구하다		이의01			
중급	동일	명사	동일 조건					
중급	동작	명사	동작이 느리다					
고급	동적01∙|동적	관형사∙명사	동적 활동		정적01|정적02		개념	성질
초급	동전	명사	동전 지갑			물건사기	경제생활	경제 수단
고급	동정	명사	동정을 느끼다			심리	인간	감정
고급	동지	명사	동지를 만나다				인간	사람의 종류
고급	동질성	명사	문화적 동질성		이질성	심리	인간	감정
초급	동쪽	명사	동쪽 방향	동녘		위치 표현하기	개념	위치 및 방향
고급	동참	명사	시민들의 동참				사회생활	사회 활동
중급	동창	명사	동창 모임	동문01|동학01		학교생활		
중급	동창회	명사	동창회를 열다	동문회		학교생활	사회생활	사회 행사
중급	동포	명사	재미 동포			문화 비교하기		
고급	동행	명사	동행을 청하다	동반		인간관계	사회생활	사회 활동
고급	동향	명사	동향 건물			건축	개념	위치 및 방향
고급	동향	명사	연구 동향	경향				
고급	동호인	명사	여행 동호인			여가생활	사회생활	인간관계
중급	동호회	명사	동호회에 가입하다			취미	사회생활	사회 행사
고급	동화	명사	동화 작용		이화00	언어		
중급	동화	명사	동화를 읽다			한국의 문학		
중급	동화책	명사	동화책을 읽다	동화집		한국의 문학		
초급	돼지	명사	돼지를 기르다				동식물	동물류
초급	돼지고기	명사	돼지고기를 먹다			음식 주문하기	식생활	식재료
중급	되게	부사	되게 크다	된통			개념	정도
고급	되뇌다	동사	입버릇처럼 되뇌다			언어	사회생활	언어 행위
초급	되다	동사	배우가 되다					
초급	되다	동사	가을이 되다					
초급	되다	동사	걱정이 되다					
초급	되다	동사	친구가 되다					
초급	되다	동사	결정이 되다					
중급	되도록	부사	되도록 빨리	가급적02			개념	정도
중급	되돌리다	동사	시간을 되돌리다					
중급	되돌리다	동사	원래대로 되돌리다					
중급	되돌리다	동사	되돌려 주다					
중급	되돌아가다	동사	집으로 되돌아가다					
고급	되돌아보다	동사	뒤를  되돌아보다				인간	인지 행위
고급	되돌아보다	동사	과거를 되돌아보다					
중급	되돌아오다	동사	편지가 되돌아오다					
중급	되돌아오다	동사	기억이 되돌아오다					
고급	되묻다	동사	몇 번이고 되묻다			언어	사회생활	언어 행위
고급	되묻다	동사	도리어 되묻다	반문하다				
중급	되살리다	동사	생명을 되살리다					
중급	되살리다	동사	기억을 되살리다					
중급	되살아나다	동사	입맛이 되살아나다					
중급	되살아나다	동사	기억이 되살아나다					
고급	되새기다	동사	말씀을 되새기다	곱씹다|되씹다|되새김질하다				
중급	되찾다	동사	안정을 되찾다					
중급	되풀이	명사	되풀이가 계속되다					
고급	된소리	명사	된소리 발음	경음		언어	사회생활	말
초급	된장	명사	된장을 담그다			음식 주문하기	식생활	식재료
초급	된장찌개	명사	된장찌개를 끓이다			음식 주문하기	식생활	음식
초급	두	관형사	숫자				개념	수
고급	두각	명사	두각을 나타내다					
고급	두근거리다	동사	가슴이 두근거리다	두근대다|두근두근하다		심리	인간	감각
고급	두꺼비	명사	동물				동식물	동물류
초급	두껍다	형용사	두꺼운 책		얇다		개념	모양
중급	두께	명사	두께가 얇다				개념	모양
중급	두뇌	명사	두뇌 발달	뇌			인간	신체 부위
중급	두뇌	명사	두뇌가 명석하다	머리			인간	신체 부위
초급	두다	동사	책을 책상 위에 두다					
중급	두드러지다	동사	이마가 두드러지다					
중급	두드러지다	동사	두드러진 변화					
중급	두드리다	동사	방문을 두드리다					
고급	두들기다	동사	망치를 두들기다					
중급	두려움	명사	두려움을 극복하다			감정/기분 표현하기	인간	감정
중급	두려워하다	동사	변화를 두려워하다			감정/기분 표현하기	인간	감정
중급	두렵다	형용사	두려운 마음			감정/기분 표현하기	인간	감정
고급	두루	부사	두루 갖추다				개념	모양
중급	두르다	동사	목도리를 두르다			복장 표현하기		
중급	두르다	동사	울타리를 두르다					
중급	두르다	동사	식용유를 두르다					
중급	두리번거리다	동사	주위를 두리번거리다	두리번대다|두리번두리번하다			인간	신체 행위
초급	두부	명사	두부 한 모			음식 주문하기	식생활	식재료
초급	두세	관형사	두세 개				개념	수
중급	두어	관형사	두어 마리				개념	수
고급	두텁다	형용사	친분이 두텁다			외양	개념	모양
초급	두통	명사	두통을 앓다				삶	병과 증상
중급	두통약	명사	두통약을 복용하다			건강	삶	약품류
고급	두툼하다	형용사	고기가 두툼하다			외양	개념	모양
고급	둑	명사	둑을 쌓다			지리정보	자연	지형
고급	둔하다	형용사	머리가 둔하다			심리	인간	감각
초급	둘	수사	숫자				개념	수
중급	둘러보다	동사	주위를 둘러보다				인간	신체 행위
중급	둘러싸다	동사	겹겹이 둘러싸다					
중급	둘러싸다	동사	산이 마을을 둘러싸다					
중급	둘러싸다	동사	돈을 둘러싼 시비					
중급	둘러싸이다	동사	겹겹이 둘러싸이다					
중급	둘러싸이다	동사	산으로 둘러싸이다					
고급	둘러앉다	동사	밥상에 둘러앉다					
중급	둘레	명사	머리 둘레				개념	모양
초급	둘째02∙둘째01/둘째	수사∙관형사/명사	순서				개념	순서
고급	둥그렇다	형용사	보름달이 둥그렇다			외양	개념	모양
중급	둥글다	형용사	지구가 둥글다			외모 표현하기	개념	모양
고급	둥둥	부사	둥둥 떠내려가다				개념	모양
중급	둥지	명사	둥지를 틀다	보금자리				
초급	뒤	명사	뒤에 있다		앞	위치 표현하기	개념	위치 및 방향
초급	뒤	명사	회의 뒤		전02|전03		개념	시간
중급	뒤늦다	형용사	뒤늦은 후회					
고급	뒤덮다	동사	눈이 산을 뒤덮다					
고급	뒤덮이다	동사	눈으로 뒤덮이다					
고급	뒤돌아보다	동사	휙 뒤돌아보다				인간	신체 행위
고급	뒤돌아보다	동사	삶을 뒤돌아보다					
중급	뒤따르다	동사	앞사람을 뒤따르다					
중급	뒤따르다	동사	책임이 뒤따르다					
중급	뒤따르다	동사	아버지를 뒤따르다					
중급	뒤떨어지다	동사	열 걸음 뒤떨어지다					
중급	뒤떨어지다	동사	능력이 뒤떨어지다					
중급	뒤떨어지다	동사	시대에 뒤떨어지다					
고급	뒤바뀌다	동사	순서가 뒤바뀌다	도치되다				
고급	뒤바뀌다	동사	인생이 뒤바뀌다					
고급	뒤섞이다	동사	여러 가지가 뒤섞이다					
고급	뒤엉키다	동사	차들이 뒤엉키다					
고급	뒤엎다	동사	카드를 뒤엎다	뒤집어엎다				
고급	뒤엎다	동사	예상을 뒤엎다	뒤집어엎다				
고급	뒤적이다	동사	주머니를 뒤적이다					
고급	뒤죽박죽	명사	뒤죽밖죽으로 섞이다				개념	모양
중급	뒤지다	동사	십 미터쯤 뒤지다					
중급	뒤지다	동사	실력이 뒤지다	뒤서다		문화 비교하기		
중급	뒤지다	동사	삼 년 뒤지다					
중급	뒤지다	동사	가방을 뒤지다					
중급	뒤지다	동사	집안을 뒤지다					
중급	뒤지다	동사	책을 뒤지다					
중급	뒤집다	동사	옷을 뒤집다					
중급	뒤집다	동사	고기를 뒤집다					
중급	뒤집다	동사	순서를 뒤집다					
중급	뒤집다	동사	계획을 뒤집다					
중급	뒤집다	동사	상식을 뒤집다					
고급	뒤집어쓰다	동사	모자를 뒤집어쓰다	둘러쓰다				
고급	뒤집히다	동사	옷이 뒤집히다					
고급	뒤집히다	동사	결과가 뒤집히다					
초급	뒤쪽	명사	뒤쪽으로 가다	후방	앞쪽	위치 표현하기	개념	위치 및 방향
고급	뒤쫓다	동사	범인을 뒤쫓다					
고급	뒤처지다	동사	실력이 뒤처지다					
고급	뒤척이다	동사	몸을 뒤척이다			심리	인간	신체 행위
고급	뒤통수	명사	뒤통수를 긁다	뒷골|뒷머리			인간	신체 부위
고급	뒤틀리다	동사	몸이 뒤틀리다					
고급	뒤틀리다	동사	계획이 뒤틀리다					
중급	뒤편	명사	뒤편에 놓다	뒤편짝		지리정보	개념	위치 및 방향
고급	뒤풀이	명사	뒤풀이 장소			직장생활	사회생활	사회 행사
고급	뒤흔들다	동사	바람이 뒤흔들다					
고급	뒤흔들다	동사	세계를 뒤흔들다					
고급	뒷걸음	명사	뒷걸음을 치다				인간	신체 행위
중급	뒷골목	명사	동네 뒷골목			집 구하기	개념	지역
중급	뒷모습	명사	처량한 뒷모습		앞모습	외모 표현하기		
중급	뒷문	명사	뒷문을 닫다	후문	앞문	집 구하기	주생활	주택 구성
고급	뒷바라지	명사	아들 뒷바라지	뒤치다꺼리|치다꺼리		인간관계	사회생활	사회 활동
고급	뒷받침	명사	부모의 뒷받침	지원01				
중급	뒷산	명사	뒷산에 오르다		앞산	집 구하기		
고급	뒷일	명사	뒷일을 부탁하다	후사02|훗일00				
고급	뒷전	명사	뒷전에 서다				개념	순서
고급	뒷전	명사	뒷전으로 밀리다					
고급	뒹굴다	동사	진흙탕을 뒹굴다				인간	신체 행위
고급	뒹굴다	동사	집안을 뒹굴다					
중급	드나들다	동사	차량이 드나들다	나들다				
중급	드나들다	동사	술집을 드나들다	나들다				
초급	드디어	부사	드디어 끝나다			시간 표현하기	개념	시간
초급	드라마	명사	드라마를 보다				사회생활	매체
중급	드라이	명사	드라이가 잘 되다			외모 표현하기	의생활	미용 행위
중급	드라이	명사	드라이를 맡기다	드라이클리닝				
중급	드라이브	명사	드라이브를 나가다			주말 및 휴가	사회생활	교통 이용 행위
중급	드라이어	명사	드라이어로 말리다			집 구하기	의생활	미용 행위
중급	드라이클리닝	명사	드라이클리닝을 맡기다	드라이		복장 표현하기	주생활	가사 행위
중급	드러나다	동사	사실이 드러나다					
중급	드러나다	동사	감정이 드러나다					
중급	드러내다	동사	본색을 드러내다					
고급	드러눕다	동사	바닥에 드러눕다				인간	신체 행위
고급	드러눕다	동사	병상에 드러눕다					
중급	드레스	명사	드레스를 입다			복장 표현하기	의생활	옷 종류
초급	드리다	동사	용돈을 드리다				사회생활	사회 활동
초급	드리다	동사	말씀을 드리다			초대와 방문	사회생활	언어 행위
고급	드리우다	동사	커튼이 드리우다					
고급	드리우다	동사	그림자가 드리우다					
중급	드물다	형용사	인적이 드물다					
고급	드세다	형용사	고집이 드세다				인간	태도
고급	득점	명사	득점과 실점		실점	스포츠		
중급	든든하다	형용사	든든한 기분			감정/기분 표현하기	인간	감정
중급	든든하다	형용사	뱃속이 든든하다					
중급	듣기	명사	듣기 평가			학교생활		
초급	듣다	동사	음악을 듣다				인간	신체 행위
고급	들	명사	들에 나가다				경제생활	경제 행위 장소
고급	들끓다	동사	벌레로 들끓다	뒤끓다				
초급	들다	동사	돈이 들다			물건사기	경제생활	경제 행위
초급	들다	동사	마음에 들다					
초급	들다	동사	나이가 들다					
초급	들다	동사	가방을 들다				인간	신체 행위
초급	들다	동사	예를 들다					
초급	들다	동사	식사를 들다					
고급	들뜨다	동사	들뜬 기분			심리		
고급	들락거리다	동사	화장실을 들락거리다	들락대다|들랑거리다|들랑대다				
고급	들락날락하다	동사	이곳저곳 들락날락하다	들랑날랑하다				
중급	들려오다	동사	소식이 들려오다				인간	감각
중급	들려주다	동사	노래를 들려주다				인간	감각
초급	들르다	동사	잠시 들르다			초대와 방문		
중급	들리다	동사	감기에 들리다				삶	병과 증상
초급	들리다	동사	소리가 들리다				인간	감각
중급	들리다	동사	손에 들린 책					
고급	들먹이다	동사	약점을 들먹이다					
고급	들썩이다	동사	어깨가 들썩이다				인간	신체 행위
초급	들어가다	동사	방으로 들어가다				인간	신체 행위
초급	들어가다	동사	학교를 들어가다					
고급	들어맞다	동사	예상이 들어맞다					
중급	들어서다	동사	집에 들어서다					
중급	들어서다	동사	노년기에 들어서다					
중급	들어서다	동사	아파트가 들어서다					
고급	들어앉다	동사	방 안에 들어앉다					
초급	들어오다	동사	일찍 들어오다		나가다01		인간	신체 행위
초급	들어오다	동사	동아리에 들어오다					
중급	들어주다	동사	부탁을 들어주다					
고급	들어차다	동사	물이 들어차다					
고급	들여놓다	동사	안으로 들여놓다	들놓다00				
고급	들여놓다	동사	가구를 들여놓다					
중급	들여다보다	동사	안을 들여다보다				인간	신체 행위
중급	들여다보다	동사	자세히 들여다보다				인간	신체 행위
고급	들여다보이다	동사	집 안이 들여다보이다					
고급	들여오다	동사	물건을 들여오다					
중급	들이다	동사	손님을 들이다					
중급	들이다	동사	며느리를 들이다					
중급	들이다	동사	버릇을 들이다					
고급	들이닥치다	동사	경찰들이 들이닥치다			역사		
고급	들이대다	동사	총을 들이대다					
고급	들이마시다	동사	숨을 들이마시다		내뿜다		인간	신체 행위
고급	들이밀다	동사	얼굴을 들이밀다					
고급	들이켜다	동사	물을 들이켜다			식문화	인간	신체 행위
고급	들추다	동사	이불을 들추다					
고급	들추다	동사	약점을 들추다					
중급	들키다	동사	몰래 하다가 들키다					
중급	들키다	동사	속마음을 들키다					
고급	들통	명사	들통이 나다					
고급	들판	명사	넓은 들판			지리정보	자연	지형
고급	듬뿍	부사	듬뿍 담다	듬뿍이00			개념	양
초급	등	명사	등을 긁다				인간	신체 부위
중급	등02/등	의존명사/명사	일 등	위03				
중급	등	의존명사	딸기, 사과 등의 과일	따위|들02				
고급	등	명사	등을 밝히다			주거 생활		
고급	등골	명사	등골이 서늘하다			심리	인간	신체 부위
고급	등교	명사	등교 시간		하교	교육	교육	교수 학습 행위
고급	등급/|등급	명사/의존명사	등급을 나누다	등위			개념	순서
중급	등기	명사	등기 서류			공공기관 이용하기	사회생활	소통 수단
중급	등록	명사	등록 기간			학교생활		
중급	등록금	명사	등록금을 내다			학교생활		
중급	등록증	명사	등록증을 발급받다			학교생활		
고급	등반	명사	설악산 등반			여가생활	삶	여가 활동
초급	등산	명사	등산을 가다			취미	삶	여가 활동
중급	등산복	명사	등산복을 입다	등산옷		취미	의생활	옷 종류
고급	등용문	명사	등용문을 거치다			대중문화		
중급	등장	명사	주인공의 등장		퇴장	공연과 감상		
고급	등장인물	명사	등장인물 소개			예술		
고급	등재	명사	잡지 등재					
고급	등지	의존명사	서울, 부산 등지				개념	위치 및 방향
고급	등지다	동사	친구와 등지다			인간관계		
고급	등지다	동사	벽을 등지다					
고급	디디다	동사	잘못 디디다				인간	신체 행위
고급	디디다	동사	가난을 디디고 서다					
중급	디자이너	명사	패션 디자이너				사회생활	직업
초급	디자인	명사	디자인이 예쁘다				개념	모양
중급	디지털	명사	디지털 방송			컴퓨터와 인터넷		
고급	딛다	동사	땅에 발을 딛다				인간	신체 행위
고급	딛다	동사	슬픔을 딛다					
고급	따갑다	형용사	따가운 햇볕					
고급	따갑다	형용사	따가운 상처				인간	감각
고급	따갑다	형용사	따가운 비난					
중급	따님	명사	둘째 따님				삶	친족 관계
중급	따다	동사	사과를 따다			직업과 진로		
중급	따다	동사	면허를 따다					
고급	따돌리다	동사	친구를 따돌리다			인간관계	사회생활	사회 활동
고급	따돌림	명사	따돌림을 당하다			인간관계	사회생활	사회 활동
초급	따뜻하다	형용사	날씨가 따뜻하다			날씨와 계절	자연	기상 및 기후
초급	따뜻하다	형용사	마음이 따뜻하다					
중급	따라가다	동사	앞사람을 따라가다					
중급	따라가다	동사	유행을 따라가다					
고급	따라나서다	동사	친구를 따라나서다					
중급	따라다니다	동사	졸졸 따라다니다					
중급	따라서	부사		그러므로|그래서01			개념	접속
중급	따라오다	동사	뒤를 따라오다					
고급	따라잡다	동사	앞 사람을 따라잡다					
초급	따로	부사	따로 분리하다					
중급	따로따로	부사	따로따로 움직이다	각각02				
중급	따르다	동사	뒤를 따르다					
중급	따르다	동사	선생님을 따르다			학교생활		
중급	따르다	동사	유행을 따르다					
중급	따르다	동사	상황에  따라 바뀌다					
중급	따르다	동사	물을 따르다					
중급	따르릉	부사	따르릉 울리다					
고급	따위	의존명사	사과, 배, 복숭아 따위의 과일	들02|등03				
중급	따지다	동사	원인을 따지다			성격 표현하기	사회생활	언어 행위
중급	따지다	동사	비용을 따져 보다				경제생활	경제 행위
고급	딱	부사	딱 그치다					
고급	딱	부사	딱 싫다					
중급	딱	부사	딱 알맞다					
중급	딱딱하다	형용사	딱딱한 껍질				개념	성질
고급	딱하다	형용사	사정이 딱하다			심리	삶	삶의 상태
고급	딱히	부사	딱히 갈 곳이 없다					
중급	딴	관형사	딴 생각				개념	성질
중급	딴	관형사	딴 집	다른			개념	성질
초급	딸	명사	딸이 태어나다	여식	아들	소개하기(가족소개)	삶	친족 관계
초급	딸기	명사	딸기 잼			음식 주문하기	식생활	과일
고급	딸리다	동사	마당이 딸린 집					
초급	땀	명사	땀이 나다				인간	생리 현상
초급	땅	명사	땅에 떨어지다	육지		여행	자연	지형
중급	땅바닥	명사	땅바닥에 내려놓다	지면01		지리정보		
중급	땅속	명사	땅속에 묻다			지리정보		
중급	땅콩	명사	고소한 땅콩			음식 설명하기	식생활	곡류
초급	때	의존명사	어릴 때			시간 표현하기	개념	시간
중급	때	명사	때가 타다					
고급	때다	동사	방에 불을 때다					
중급	때때로	부사	때때로 변하다	간간이			개념	시간
중급	때로	부사	때로는 한계를 느끼다				개념	시간
중급	때리다	동사	종아리를 때리다				인간	신체에 가하는 행위
고급	때마침	부사	때마침 만나다				개념	시간
고급	때우다	동사	구멍을 때우다					
고급	때우다	동사	끼니를 때우다					
중급	떠나가다	동사	고향을 떠나가다					
초급	떠나다	동사	멀리 떠나다			한국생활		
중급	떠나오다	동사	집을 떠나오다					
고급	떠내려가다	동사	물 위에 떠내려가다					
고급	떠넘기다	동사	책임을 떠넘기다					
고급	떠다니다	동사	둥둥 떠다니다					
고급	떠다니다	동사	떠다니는 생활					
고급	떠돌다	동사	여기저기 떠돌다	유랑하다				
고급	떠돌아다니다	동사	정처 없이 떠돌아다니다					
초급	떠들다	동사	떠드는 소리			학교생활		
고급	떠들썩하다01/|떠들썩하다	동사/형용사	동네가 떠들썩하다					
고급	떠맡다	동사	일을 떠맡다					
고급	떠밀리다	동사	밖으로 떠밀리다					
중급	떠오르다	동사	하늘에 떠오르다					
중급	떠오르다	동사	좋은 생각이 떠오르다					
중급	떠올리다	동사	추억을 떠올리다					
초급	떡	명사	떡을 찌다			음식 주문하기	식생활	음식
고급	떡	부사	떡 벌어진 어깨				개념	모양
초급	떡국	명사	떡국 한 그릇			가족행사	식생활	음식
초급	떡볶이	명사	떡볶이 일 인분			음식 주문하기	식생활	음식
고급	떨구다	동사	고개를 떨구다	떨어뜨리다|떨어트리다			인간	신체 행위
중급	떨다	동사	무서움에 떨다					
중급	떨다	동사	사시나무처럼 떨다				인간	신체 행위
중급	떨다	동사	목소리를 떨다				인간	신체 행위
중급	떨다	동사	애교를 떨다					
중급	떨리다	동사	온몸이 떨리다				인간	신체 행위
중급	떨리다	동사	목소리가 떨리다				인간	신체 행위
중급	떨어뜨리다	동사	바닥에 떨어뜨리다	떨구다|떨어트리다				
중급	떨어뜨리다	동사	시험에서 떨어뜨리다	떨구다|떨어트리다				
중급	떨어뜨리다	동사	명예를 떨어뜨리다	떨구다|떨어트리다				
초급	떨어지다	동사	벼락이 떨어지다					
초급	떨어지다	동사	대학에 떨어지다					
초급	떨어지다	동사	성적이 떨어지다					
고급	떨치다	동사	이름을 떨치다					
고급	떨치다	동사	걱정을 떨치다	떨구다				
고급	떫다	형용사	감이 떫다			식문화	식생활	맛
고급	떳떳하다	형용사	행동이 떳떳하다			심리	인간	태도
중급	떼	명사	떼를 지어 다니다					
중급	떼다	동사	스티커를 떼다					
중급	떼다	동사	정을 떼다					
중급	떼다	동사	진단서를 떼다					
초급	또	부사	또 생기다					
초급	또는	부사	남자 또는 여자					
중급	또다시	부사	또다시 반복하다	재차02			개념	시간
고급	또래	명사	또래 친구			인간관계	인간	사람의 종류
고급	또렷하다	형용사	기억이 또렷하다			외양	개념	모양
중급	또한	부사	나 또한	역시			개념	접속
고급	똑	부사	똑 닮다				개념	모양
초급	똑같다	형용사	모양이 똑같다			외모 표현하기	개념	모양
초급	똑같이	부사	똑같이 나누다			외모 표현하기	개념	모양
고급	똑똑	부사	똑똑 두드리다					
초급	똑똑하다	형용사	머리가 똑똑하다			성격 표현하기	인간	능력
중급	똑똑히	부사	똑똑히 기억하다				인간	태도
초급	똑바로	부사	똑바로 가다				개념	모양
중급	똥	명사	똥을 싸다					
중급	뚜껑	명사	뚜껑을 닫다	덮개		요리 설명하기		
고급	뚜렷이	부사	뚜렷이 구별되다	역력히			개념	모양
중급	뚜렷하다	형용사	의식이 뚜렷하다	역력하다				
고급	뚝	부사	울음을 뚝 그치다					
고급	뚝뚝	부사	뚝뚝 떨어지다					
중급	뚫다	동사	구멍을 뚫다			문제 해결하기(분실 및 고장)		
중급	뚫다	동사	경쟁을 뚫다					
중급	뚫리다	동사	구멍이 뚫리다			문제 해결하기(분실 및 고장)		
초급	뚱뚱하다	형용사	뚱뚱한 몸집			외모 표현하기	인간	용모
중급	뛰다	동사	빨리 뛰다					
중급	뛰다	동사	높이 뛰다				인간	신체 행위
중급	뛰다	동사	심장이 뛰다				인간	신체 행위
중급	뛰다	동사	값이 뛰다					
초급	뛰다	동사	운동장을 뛰다				인간	신체 행위
초급	뛰어가다	동사	학교로 뛰어가다				인간	신체 행위
초급	뛰어가다	동사	운동장을 뛰어가다				인간	신체 행위
중급	뛰어나다	형용사	솜씨가 뛰어나다				인간	능력
중급	뛰어나오다	동사	거리로 뛰어나오다				인간	신체 행위
중급	뛰어내리다	동사	아래로 뛰어내리다				인간	신체 행위
중급	뛰어넘다	동사	담을 뛰어넘다				인간	신체 행위
중급	뛰어넘다	동사	시간을 뛰어넘다					
중급	뛰어넘다	동사	국경을 뛰어넘다					
중급	뛰어놀다	동사	운동장에서 뛰어놀다	뛰놀다			인간	신체 행위
중급	뛰어다니다	동사	집안을 뛰어다니다				인간	신체 행위
중급	뛰어들다	동사	바다에 뛰어들다				인간	신체 행위
중급	뛰어들다	동사	불 속에 뛰어들다				인간	신체 행위
중급	뛰어들다	동사	연예계에 뛰어들다					
고급	뛰어오다	동사	학교로 뛰어오다					
고급	뛰쳐나가다	동사	밖으로 뛰쳐나가다					
고급	뛰쳐나오다	동사	복도로 뛰쳐나오다					
초급	뜨겁다	형용사	뜨거운 국물			날씨와 계절	개념	온도
중급	뜨다	동사	달이 뜨다					
고급	뜨다	동사	자리에서 뜨다					
중급	뜨다	동사	물을 뜨다				식생활	식사 및 조리 행위
중급	뜨다	동사	한술 뜨다				식생활	식사 및 조리 행위
초급	뜨다	동사	눈을 뜨다		감다01		인간	신체 행위
고급	뜨이다	동사	눈이 번쩍 뜨이다					
고급	뜨이다	동사	눈에 뜨이다					
중급	뜯다	동사	봉투를 뜯다					
중급	뜯다	동사	나물을 뜯다					
고급	뜯어내다	동사	달력을 뜯어내다					
고급	뜯어보다	동사	포장을 뜯어보다					
중급	뜰	명사	뜰을 거닐다			집 구하기		
고급	뜸하다	형용사	소식이 뜸하다					
초급	뜻	명사	단어의 뜻	의미			인간	인지 행위
중급	뜻대로	부사	뜻대로 되다					
중급	뜻밖	명사	뜻밖의 사실	의외				
중급	뜻밖에	부사	뜻밖에 마주치다	의외로				
중급	띄다	동사	눈에 띄다					
고급	띄어쓰기	명사	띄어쓰기 규칙		붙여쓰기00	언어		
고급	띄우다	동사	물에 띄우다					
중급	띠	명사	띠를 매다					
중급	띠	명사	돼지띠			개인정보 교환하기		
중급	띠다	동사	허리띠를 띠다					
중급	띠다	동사	임무를 띠다					
중급	띠다	동사	미소를 띠다					
중급	띠다	동사	활기를 띠다					
초급	라디오	명사	라디오를 켜다			취미	주생활	생활용품
초급	라면	명사	라면을 끓이다			음식 주문하기	식생활	음식
고급	라일락	명사	라일락 향기			환경문제	동식물	식물류
고급	라켓	명사	테니스 라켓			스포츠	삶	여가 도구
고급	란	명사	독자란			언론		
중급	량	명사	작업량				개념	양
초급	러시아	명사	나라			개인정보 교환하기	개념	지역
중급	레몬	명사	레몬 차			음식 설명하기	식생활	과일
초급	레스토랑	명사	고급 레스토랑			음식 주문하기	식생활	식생활 관련 장소
고급	레슬링	명사	레슬링 경기			스포츠	삶	여가 활동
고급	레저	명사	레저 스포츠			여가생활	삶	여가 활동
중급	렌즈	명사	렌즈를 끼다	콘택트렌즈		취미		
중급	렌터카	명사	렌터카를 빌리다			여행	사회생활	교통수단
고급	로	접사	활주로				사회생활	교통 이용 장소
중급	로그인	명사	자동 로그인			컴퓨터와 인터넷	사회생활	통신 행위
고급	로맨틱	명사	로맨틱한 분위기			대중문화		
중급	로봇	명사	로봇 장난감	인조인간				
고급	론	접사	경제론				교육	전공과 교과목
고급	류	접사	금속류					
고급	리그	명사	축구 리그			스포츠		
고급	리더십	명사	리더십을 발휘하다			인간관계		
중급	리듬	명사	리듬에 맞추다					
중급	리모컨	명사	리모컨으로 켜다			집 구하기	주생활	생활용품
중급	리본	명사	리본으로 묶다			복장 표현하기		
중급	리터	의존명사	일 리터			요리 설명하기	개념	양
고급	리포터	명사	리포터로 활동하다			대중문화	사회생활	직업
고급	마감	명사	마감 뉴스			언론		
고급	마감	명사	마감 날짜					
중급	마구	부사	마구 때리다					
중급	마구	부사	마구 버리다					
중급	마냥	부사	마냥 기다리다					
중급	마냥	부사	마냥 좋다					
고급	마누라	명사	마누라를 얻다			인간관계	삶	친족 관계
중급	마늘	명사	마늘을 까다			요리 설명하기	식생활	식재료
고급	마다하다	동사	권유를 마다하다					
초급	마당	명사	마당 청소			집 구하기	주생활	주택 구성
중급	마디	명사	마디가 굵다				개념	세는 말
중급	마땅하다	형용사	마땅한 장소					
중급	마땅하다	형용사	잠자리가 마땅하지 않다					
중급	마땅히	부사	마땅히 해야 할 일	응당				
중급	마땅히	부사	마땅히 갈 곳이 없다	응당				
중급	마라톤	명사	마라톤을 완주하다	마라톤 경주		취미	삶	여가 활동
중급	마련01/마련	명사/의존명사	용돈 마련					
중급	마루	명사	마루를 닦다			집 구하기	주생활	주택 구성
초급	마르다	동사	목이 마르다			집안일		
초급	마르다	동사	강이 마르다					
초급	마르다	동사	몸이 마르다					
초급	마리	의존명사	토끼 한 마리				개념	세는 말
중급	마무리	명사	마무리를 짓다					
고급	마비	명사	심장 마비			보건과 의료	삶	병과 증상
고급	마비	명사	기능 마비					
중급	마사지	명사	마사지를 받다	안마		주말 및 휴가		
초급	마시다	동사	물을 마시다				식생활	식사 및 조리 행위
중급	마약	명사	마약 중독					
중급	마우스	명사	마우스 클릭			컴퓨터와 인터넷		
초급	마을	명사	마을 주민	동네|동리|촌락|촌02		개인정보 교환하기	주생활	주거 지역
초급	마음	명사	마음이 넓다			감정/기분 표현하기	인간	인지 행위
중급	마음가짐	명사	마음가짐을 가지다					
중급	마음껏	부사	마음껏 쓰다	실컷				
중급	마음대로	부사	마음대로 되다			성격 표현하기		
중급	마음먹다	동사	마음먹은 계기				인간	인지 행위
중급	마음속	명사	마음속으로 다짐하다	가슴속|심중|염두|의중		성격 표현하기		
중급	마음씨	명사	마음씨가 곱다	심정		성격 표현하기		
중급	마이크	명사	마이크를 잡다	마이크로폰		대중매체		
고급	마일리지	명사	마일리지 적립					
고급	마저	부사	마저 먹다			식문화	개념	양
중급	마주	부사	마주 서다					
중급	마주치다	동사	손바닥을 마주치다					
중급	마주치다	동사	우연히 마주치다					
중급	마주치다	동사	눈이 마주치다					
초급	마중	명사	마중을 나가다		배웅	초대와 방문	사회생활	사회 활동
초급	마지막	명사	마지막 시간			시간 표현하기	개념	순서
고급	마지못하다	형용사	마지못한 걸음을 하다				인간	태도
중급	마찬가지	명사	마찬가지의 결과					
중급	마찰	명사	피부 마찰					
중급	마찰	명사	의견 마찰					
고급	마취	명사	전신 마취			보건과 의료	삶	치료 행위
중급	마치	부사	마치 천사 같다					
초급	마치다	동사	준비를 마치다			하루생활		
중급	마침	부사					개념	시간
중급	마침내	부사		끝내				
고급	마케팅	명사	마케팅 전략			경제 경영		
초급	마트	명사	마트에서 사다			물건사기	경제생활	경제 행위 장소
초급	마흔02∙마흔	수사∙관형사	숫자				개념	수
중급	막	부사	막 잠들다				개념	시간
중급	막	부사	막 쓰다				인간	태도
고급	막03/|막	명사/의존명사	막을 열다					
고급	막강	명사	막강 체력			스포츠	개념	정도
초급	막걸리	명사	막걸리를 마시다			음식 주문하기	식생활	음료
중급	막내	명사	막내 동생		맏이		삶	친족 관계
중급	막내	명사	막내가 되다					
중급	막다	동사	귀를 막다					
중급	막다	동사	햇빛을 막다					
중급	막다	동사	공격을 막다					
고급	막다르다	형용사	막다른 길					
고급	막대	명사	나무 막대					
중급	막대기	명사	나무 막대기					
고급	막대하다	형용사	막대한 손실	심대하다 지대하다			개념	모양
고급	막론하다	동사	남녀노소를 막론하다					
고급	막막하다	형용사	앞길이 막막하다			심리	개념	성질
고급	막무가내	명사					인간	태도
고급	막바지	명사	막바지로 접어들다					
중급	막상	부사						
고급	막상막하	명사				스포츠		
중급	막연하다	형용사	앞날이 막연하다			감정/기분 표현하기		
중급	막연하다	형용사	막연한 추측				인간	감정
고급	막연히	부사	막연히 생각하다					
고급	막중하다	형용사	책임이 막중하다			심리	개념	성질
중급	막차	명사	막차를 놓치다		첫차	교통 이용하기	사회생활	교통수단
초급	막히다	동사	구멍이 막히다			교통 이용하기		
초급	막히다	동사	길이 막히다				사회생활	교통 이용 행위
고급	막힘없이	부사	막힘없이 말하다				개념	모양
초급	만04/만	수사/관형사	숫자				개념	수
중급	만05/만	관형사/명사	만 3주				개념	수
고급	만끽	명사	자유 만끽					
초급	만나다	동사	친구와 만나다				사회생활	사회 활동
중급	만남	명사	만남과 헤어짐			연애와 결혼	사회생활	사회 활동
초급	만두	명사	만두를 빚다			음식 주문하기	식생활	음식
초급	만들다	동사	음식을 만들다					
초급	만들다	동사	신문을 만들다					
중급	만만하다	형용사	만만한 상대			인간관계		
고급	만병	명사	만병의 원인	백병00		보건과 의료		
고급	만사	명사	만사가 귀찮다					
고급	만세00・|만세	감탄사・명사	만세 소리			역사		
초급	만약	명사	만약의 경우	만일				
고급	만연	명사	전염병 만연					
중급	만원	명사	만원 버스			교통 이용하기	개념	양
초급	만일	명사	만일의 경우	만약				
고급	만장일치	명사				정치	사회생활	사회 생활 상태
중급	만점	명사	만점을 받다			학교생활	개념	수
중급	만점	명사	매력 만점				개념	정도
중급	만족	명사	만족을 느끼다			감정/기분 표현하기	인간	감정
고급	만족도	명사	고객 만족도			경제 경영	인간	감정
중급	만족스럽다	형용사	만족스러운 결과		불만족스럽다	감정/기분 표현하기	인간	감정
초급	만지다	동사	손을 만지다				인간	신체 행위
초급	만화	명사	만화를 그리다			취미	문화	미술
초급	많다	형용사	돈이 많다		적다02		개념	양
중급	많아지다	동사	인구가 많아지다				개념	양
초급	많이	부사	많이 사다				개념	양
고급	맏이	명사	맏이로 태어나다	첫째03	막내	인간관계	삶	친족 관계
고급	맏형	명사	맏형 노릇	큰형	작은형	인간관계	삶	친족 관계
초급	말	명사	말을 더듬다			학교생활	사회생활	언어 행위
초급	말	명사	한국 말				사회생활	언어 행위
초급	말	명사	말 한 마리				동식물	동물류
초급	말	의존명사	학기 말		초02	시간 표현하기	개념	시간
중급	말기	명사	말기 환자	만기		건강	개념	시간
중급	말끔히	부사	말끔히 닦다					
고급	말끝	명사	말끝을 맺다	말꼬리		언어	사회생활	소통 수단
중급	말다	동사	김밥을 말다			요리 설명하기	인간	신체 행위
중급	말다	동사	국에 밥을 말다			음식 설명하기	식생활	식사 및 조리 행위
초급	말다	동사	잊지 말다					
중급	말다툼	명사	말다툼이 벌어지다	말싸움|설전|언쟁|입씨름		인간관계		
고급	말단	명사	말단 직원			직장생활	사회생활	직위
초급	말레이시아	명사	나라			개인정보 교환하기	개념	지역
중급	말리다	동사	싸움을 말리다			인간관계		
중급	말리다	동사	빨래를 말리다			집안일	주생활	가사 행위
고급	말문	명사	말문이 막히다			언어	사회생활	소통 수단
고급	말미암다	동사	부주의로 말미암다	기인하다				
고급	말솜씨	명사	말솜씨가 좋다	말재주|말주변|언변		언어	인간	능력
고급	말썽	명사	말썽을 부리다			사회문제	사회생활	사회 활동
초급	말씀	명사	감사의 말씀			학교생활	사회생활	언어 행위
중급	말없이	부사	말없이 사라지다			성격 표현하기	인간	태도
중급	말없이	부사	말없이 도와주다				인간	태도
고급	말재주	명사	말재주가 있다	말솜씨|말재간00|말주변|언변|화술			인간	능력
중급	말투	명사	거친 말투	어투		성격 표현하기		
중급	말하기	명사	말하기 평가			언어	사회생활	언어 행위
초급	맑다	형용사	물이 맑다			날씨와 계절	자연	기상 및 기후
초급	맑다	형용사	날씨가 맑다		흐리다02	날씨와 계절	자연	기상 및 기후
중급	맘	명사	맘이 따뜻하다			성격 표현하기		
중급	맘	명사	맘이 편하다					
중급	맘	명사	맘을 빼앗기다					
중급	맘	명사	맘이 앞서다					
중급	맘껏	부사	맘껏 놀다					
중급	맘대로	부사	맘대로 고르다					
초급	맛	명사	맛이 달다			음식 주문하기	식생활	맛
초급	맛없다	형용사	음식이 맛없다			음식 주문하기	식생활	맛
초급	맛있다	형용사	맛있는 음식			음식 주문하기	식생활	맛
고급	망	명사	망을 씌우다					
중급	망가지다	동사	컴퓨터가 망가지다			문제 해결하기(분실 및 고장)		
중급	망가지다	동사	건강이 망가지다					
중급	망설이다	동사	잠시 망설이다			감정/기분 표현하기	인간	인지 행위
고급	망신	명사	망신을 당하다			심리	사회생활	사회 활동
고급	망원경	명사	망원경으로 보다	만리경00|천리경00				
고급	망치	명사	망치로 두드리다			주거 생활		
중급	망치다	동사	일을 망치다			실수담 말하기		
중급	망하다	동사	쫄딱 망하다		흥하다			
초급	맞다	동사	답이 맞다			학교생활		
초급	맞다	동사	주소가 맞다					
초급	맞다	동사	치수가 맞다					
중급	맞다	동사	손님을 맞다					
중급	맞다	동사	생일을 맞다					
중급	맞다	동사	비를 맞다					
중급	맞다	동사	백점을 맞다					
중급	맞다	동사	아내로 맞다					
중급	맞다	동사	매를 맞다				인간	신체에 가하는 행위
중급	맞다	동사	주사를 맞다				인간	신체에 가하는 행위
고급	맞대다	동사	얼굴을 맞대다					
고급	맞들다	동사	짐을 맞들다					
고급	맞먹다	동사	맞먹는 거리					
중급	맞벌이	명사	맞벌이 부부				경제생활	경제 행위
고급	맞붙다	동사	서로 맞붙다					
중급	맞서다	동사	원수와 맞서다			인간관계		
중급	맞서다	동사	공격에 맞서다	대립하다|대적하다02				
고급	맞아떨어지다	동사	계산이 맞아떨어지다					
중급	맞은편	명사	맞은편에 앉다	맞은쪽		집 구하기	개념	위치 및 방향
중급	맞이하다	동사	새해를 맞이하다			초대와 방문	사회생활	사회 활동
중급	맞이하다	동사	아내로 맞이하다				사회생활	사회 활동
고급	맞장구	명사	맞장구를 치다			인간관계		
초급	맞추다	동사	부품을 맞추다					
초급	맞추다	동사	서로 맞추다			학교생활		
초급	맞추다	동사	날짜를 맞추다					
고급	맞춤	명사	맞춤 구두					
중급	맞춤법	명사	맞춤법이 틀리다	정서법|철자법		언어		
중급	맞히다	동사	정답을 맞히다			학교생활		
고급	맞히다	동사	비를 맞히다					
고급	맞히다	동사	바람을 맞히다					
중급	맡기다	동사	수리를 맡기다					
중급	맡기다	동사	짐을 맡기다			직장생활		
중급	맡다	동사	임무를 맡다	맡아보다		직장생활		
중급	맡다	동사	배역을 맡다					
중급	맡다	동사	소지품을 맡다					
중급	맡다	동사	자리를 맡다					
중급	맡다	동사	허락을 맡다					
중급	맡다	동사	냄새를 맡다				인간	신체 행위
중급	매	명사	매를 맞다					
고급	매	관형사	매 순간					
고급	매	의존명사	원고지 백 매	장02				
고급	매기다	동사	점수를 매기다					
고급	매끄럽다	형용사	피부가 매끄럽다				개념	성질
초급	매년02/매년	부사/명사	매년 증가하다			날짜 표현하기	개념	시간
고급	매니저	명사	연예인 매니저			대중문화	사회생활	직업
초급	매다	동사	신발 끈을 매다			복장 표현하기	의생활	의복 착용 행위
초급	매다	동사	넥타이를 매다				의생활	의복 착용 행위
고급	매다	동사	김을 매다					
초급	매달02/매달	부사/명사	매달 월요일	매월02		날짜 표현하기	개념	시간
중급	매달다	동사	문에 매달다					
중급	매달리다	동사	주렁주렁 매달리다					
고급	매듭	명사	매듭을 짓다					
중급	매력	명사	매력을 느끼다				인간	용모
고급	매력적01∙|매력적	관형사∙명사	매력적 인상			외양	인간	용모
고급	매료	명사	청중을 매료하다					
고급	매립	명사	매립 공사					
고급	매매	명사	부동산 매매	매수02		경제 경영	경제생활	경제 행위
중급	매번02/매번	부사/명사	매번 늦다	번번이				
고급	매사01/|매사	명사/부사	매사 성실하다					
고급	매섭다	형용사	눈초리가 매섭다	냉혹하다		심리	인간	성격
고급	매연	명사	매연을 배출하다			환경문제		
초급	매우	부사	매우 좋다	아주01			개념	정도
중급	매운맛	명사	매운맛이 나다			음식 설명하기	식생활	맛
중급	매운탕	명사	매운탕을 끓이다			음식 설명하기	식생활	음식
초급	매일02/매일	부사/명사	매일 만나다	일일03		날짜 표현하기	개념	시간
고급	매입	명사	부동산 매입		매출	경제 경영	경제생활	경제 행위
고급	매장	명사	시신 매장			문화차이		
고급	매장	명사	사회에서 매장되다					
중급	매장	명사	의류 매장			물건사기	경제생활	경제 행위 장소
중급	매점	명사	학교 매점			물건사기	경제생활	경제 행위 장소
초급	매주02/매주	부사/명사	매주 월요일			날짜 표현하기	개념	시간
중급	매진	명사	영화표의 매진			대중매체		
고급	매진	명사	학업에 매진을 하다					
중급	매체	명사	대중 매체			대중매체	사회생활	매체
고급	매출	명사	매출이 늘다		매입	경제 경영	경제생활	경제 상태
고급	매콤하다	형용사	맛이 매콤하다			식문화	식생활	맛
초급	매표소	명사	영화관 매표소			영화 보기	삶	여가 시설
고급	맥	명사	맥이 빠지다					
고급	맥락	명사	같은 맥락	맥		언어		
고급	맥박	명사	맥박이 뛰다	맥		보건과 의료		
초급	맥주	명사	맥주를 마시다			음식 주문하기	식생활	음료
중급	맨	관형사	맨 꼭대기				개념	정도
중급	맨발	명사	맨발로 걷다			복장 표현하기	인간	신체 부위
고급	맨손	명사	맨손으로 만지다	백수01			인간	신체 부위
고급	맨손	명사	맨손으로 시작하다	빈손				
고급	맴돌다	동사	주변을 맴돌다					
초급	맵다	형용사	고추가 맵다			음식 주문하기	식생활	맛
고급	맵시	명사	맵시가 나다	태				
고급	맹렬하다	형용사	맹렬한 기세					
고급	맹세	명사	맹세를 지키다				사회생활	사회 활동
중급	맺다	동사	이슬이 맺다					
중급	맺다	동사	인연을 맺다					
고급	맺히다	동사	열매가 맺히다					
고급	머금다	동사	물을 머금다				인간	신체 행위
초급	머리	명사	머리가 크다				인간	신체 부위
초급	머리	명사	머리를 자르다			외모 표현하기	인간	신체 부위
고급	머리기사	명사	머리기사로 다루다	톱02|톱기사00		언론		
고급	머리맡	명사	머리맡에 앉다			언어	개념	위치 및 방향
초급	머리카락	명사	긴 머리카락			외모 표현하기	인간	신체 부위
중급	머리칼	명사	까만 머리칼			외모 표현하기	인간	신체 부위
중급	머릿속	명사	머릿속에 떠오르다			감정/기분 표현하기		
중급	머무르다	동사	여관에 머무르다			여행	주생활	주거 행위
중급	머무르다	동사	버스가 머무르다					
중급	머물다	동사	오래 머물다			여행	주생활	주거 행위
중급	머뭇거리다	동사	말을 머뭇거리다	머뭇대다|머뭇머뭇하다		감정/기분 표현하기		
고급	머지않다	형용사	승리가 머지 않다				개념	시간
중급	먹고살다	동사	겨우 먹고 살다			직장생활	삶	삶의 행위
고급	먹구름	명사	먹구름이 끼다	먹장구름		기후	자연	기상 및 기후
초급	먹다	동사	아침을 먹다				식생활	식사 및 조리 행위
초급	먹다	동사	물을 먹다					
초급	먹다	동사	소화제를 먹다					
초급	먹다	동사	나이를 먹다					
고급	먹음직스럽다	형용사	음식이 먹음직스럽다			식문화	개념	모양
중급	먹이	명사	먹이를 주다					
중급	먹이다	동사	아기에게 밥을 먹이다				식생활	식사 및 조리 행위
중급	먹히다	동사	양이 늑대에게 먹히다				식생활	식사 및 조리 행위
초급	먼저02/먼저	부사/명사	먼저 가다			시간 표현하기	개념	순서
중급	먼지	명사	먼지를 닦다			집안일		
고급	멀다	동사	눈이 멀다				개념	위치 및 방향
초급	멀다	형용사	먼 나라		가깝다	위치 표현하기		
초급	멀리	부사	멀리 날다		가까이01	위치 표현하기	개념	위치 및 방향
중급	멀미	명사	멀미가 나다			여행	인간	생리 현상
중급	멀어지다	동사	친구와 멀어지다				개념	위치 및 방향
중급	멀쩡하다	형용사	팔다리가 멀쩡하다					
중급	멀쩡하다	형용사	정신이 멀쩡하다			외모 표현하기		
초급	멈추다	동사	피가 멈추다			교통 이용하기		
초급	멈추다	동사	시계가 멈추다					
초급	멈추다	동사	말을 멈추다					
초급	멈추다	동사	차를 멈추다					
초급	멈추다	동사	비가 멈추다					
초급	멋	명사	멋을 부리다			복장 표현하기	의생활	의복 착용 상태
중급	멋대로	부사	멋대로 살다			성격 표현하기		
고급	멋스럽다	형용사	옷차림이 멋스럽다			외양	인간	용모
초급	멋있다	형용사	멋있는 남자			외모 표현하기	개념	모양
중급	멋지다	형용사	경치가 멋지다			외모 표현하기	의생활	의복 착용 상태
중급	멍	명사	멍이 들다			건강	삶	병과 증상
고급	멍들다	동사	무릎이 멍들다			보건과 의료	삶	병과 증상
중급	멍멍	부사	개가 멍멍 짖다				동식물	동물 소리
고급	멍청하다	형용사	행동이 멍청하다			심리	인간	태도
고급	멍하니	부사	멍하니 바라보다			심리	인간	태도
고급	멍하다	형용사	정신이 멍하다			심리	인간	태도
중급	멎다	동사	바람이 멎다	멈추다				
초급	메뉴	명사	메뉴를 고르다	메뉴판      차림표		음식 주문하기		
중급	메뉴판	명사	메뉴판을 찾다	메뉴|차림표		음식 설명하기		
초급	메다	동사	가방을 메다			복장 표현하기	인간	감각
고급	메다	동사	목이 메다					
중급	메달	명사	메달을 따다			취미		
고급	메마르다	형용사	메마른 땅				개념	성질
초급	메모	명사	메모를 남기다			전화하기	사회생활	소통 수단
중급	메모지	명사	메모지에 쓰다					
초급	메시지	명사	문자 메시지			전화하기	사회생활	소통 수단
중급	메우다	동사	구멍을 메우다	메꾸다		문제 해결하기(분실 및 고장)		
중급	메우다	동사	사람들이 거리를 메우다					
초급	메일	명사	메일 주소	전자 우편		전화하기	사회생활	소통 수단
고급	멜로	명사	멜로 영화			대중문화		
중급	멜로디	명사	감미로운 멜로디			공연과 감상		
중급	며느리	명사	며느리를 맞다				삶	친족 관계
초급	며칠	명사	며칠 동안			날짜 표현하기	개념	의문
중급	면	명사	벽의 면					
중급	면	명사	긍정적인 면					
고급	면	명사	면 티셔츠			외양	의생활	옷감
고급	면	명사	면 음식	국수		식문화	식생활	음식
중급	면담	명사	면담을 요청하다				사회생활	사회 활동
중급	면도	명사	면도를 하다			외모 표현하기	의생활	미용 행위
중급	면도	명사	면도 자국	면도칼				
고급	면도기	명사	면도기로 수염을 깎다			외양		
고급	면모	명사	면모를 살피다	면목			개념	모양
고급	면세점	명사	공항 면세점			여가생활	경제생활	경제 행위 장소
고급	면역	명사	면역 체계			보건과 의료	삶	병과 증상
중급	면적	명사	면적이 넓다			지리정보|#집 구하기	개념	모양
중급	면접	명사	면접 장소			직업과 진로	사회생활	사회 활동
중급	면접	명사	면접에서 떨어지다	면접시험			사회생활	사회 활동
고급	면접시험	명사	면접시험을 보다	면접		직업과 진로	사회생활	사회 활동
고급	면제	명사	병역 면제					
중급	면하다	동사	책임을 면하다			직장생활		
중급	면하다	동사	죽음을 면하다					
중급	면허	명사	면허 시험			직업과 진로		
중급	면허증	명사	면허증을 따다			직업과 진로		
고급	면회	명사	면회를 가다				사회생활	사회 활동
고급	멸망	명사	지구 멸망			역사		
고급	멸종	명사	공룡의 멸종			환경문제		
중급	멸치	명사	멸치를 볶다			요리 설명하기	식생활	식재료
중급	명	명사	작품명					
초급	명	의존명사	한 명			소개하기(가족소개)	개념	세는 말
중급	명단	명사	합격자 명단					
고급	명당	명사	최고의 명당	명당자리00			개념	지역
고급	명랑	명사	명랑 소설			대중문화	인간	성격
중급	명령	명사	명령을 내리다	명04		직장생활	사회생활	언어 행위
고급	명료하다	형용사	명료한 표현				개념	성질
고급	명목	명사	명목을 유지하다					
고급	명목	명사	명목을 내세우다	명분|명색				
고급	명문	명사	명문 대학교			교육		
고급	명백하다	형용사	명백한 잘못				개념	성질
고급	명백히	부사	명백히 밝히다					
고급	명복	명사	명복을 빌다			문화차이		
고급	명분	명사	명분이 없다	명목|명색|이름				
고급	명사	명사	명사와 동사			언어	사회생활	말
고급	명상	명사	명상에 잠기다			종교	인간	인지 행위
고급	명성	명사	명성을 떨치다					
고급	명소	명사	관광 명소			여가생활	삶	여가 시설
고급	명승지	명사	명승지를 방문하다	명승|경승지00		여가생활	삶	여가 시설
고급	명실상부	명사						
고급	명심	명사	명심을 하다				인간	인지 행위
중급	명예	명사	명예 훼손	이름				
초급	명절	명사	명절 연휴			가족행사		
고급	명중	명사	과녁 명중			스포츠		
고급	명칭	명사	공식 명칭			언어	사회생활	언어 행위
고급	명품	명사	명품 가방			경제 경영	경제생활	경제 산물
중급	명함	명사	명함을 교환하다			직장생활		
중급	명확하다	형용사	근거가 명확하다					
고급	명확히	부사	명확히 밝히다				개념	성질
초급	몇01/몇	수사/관형사	몇 개				개념	의문
중급	몇몇02/몇몇	관형사/수사	몇몇 사람				개념	수
중급	모06/모	대명사/관형사	박 모 씨				개념	지시
고급	모국어	명사	모국어 화자	모어		언어	사회생활	말
고급	모금	의존명사	물 한 모금			식문화	개념	세는 말
중급	모금	명사	모금 운동					
초급	모기	명사	모기에 물리다				동식물	곤충류
중급	모니터	명사	컴퓨터의 모니터			컴퓨터와 인터넷	주생활	생활용품
중급	모니터	명사	모니터 요원					
고급	모닥불	명사	모닥불을 피우다			여가생활		
중급	모델	명사	최신 모델					
중급	모델	명사	표지 모델	패션모델			사회생활	직업
초급	모두01/모두	명사/부사	모두 함께	전부01|전부02			개념	수
초급	모든	관형사	모든 사람				개념	수
중급	모래	명사	모래 장난			지리정보	자연	지표면 사물
초급	모레02/모레	부사/명사	내일 모레	내일모레01|내일모레02		날짜 표현하기	개념	시간
초급	모르다	동사	규칙을 모르다		알다	학교생활	인간	인지 행위
초급	모르다	동사	할 줄 모르다		알다			
고급	모발	명사	모발 이식			외양	인간	신체 부위
고급	모방	명사	모방 범죄		창조	사회문제	인간	인지 행위
중급	모범	명사	모범이 되다					
고급	모범생	명사	모범생으로 인정받다			교육		
고급	모색	명사	방안의 모색				인간	인지 행위
고급	모서리	명사	탁자 모서리				개념	모양
고급	모순	명사	구조적인 모순			사회문제		
초급	모습	명사	웃는 모습			외모 표현하기	개념	모양
초급	모시다	동사	고객을 모시다			소개하기(가족소개)		
초급	모양	명사	별 모양			외모 표현하기	개념	모양
중급	모여들다	동사	구름처럼 모여들다					
고급	모욕	명사	모욕을 느끼다			심리	사회생활	언어 행위
고급	모유	명사	모유를 주다	어미젖00			식생활	음료
초급	모으다	동사	장난감을 모으다			취미		
고급	모음	명사	자음과 모음	홀소리		언어	교육	학문 용어
초급	모이다	동사	한데 모이다					
초급	모이다	동사	사람들이 모이다					
초급	모임	명사	모임에 나가다				사회생활	사회 활동
중급	모자	명사	모자가 닮다			인간관계	삶	친족 관계
초급	모자	명사	모자를 쓰다			복장 표현하기	의생활	모자, 신발, 장신구
초급	모자라다	동사	돈이 모자라다				개념	양
고급	모조리	부사	모조리 사라지다	남김없이			개념	양
고급	모질다	형용사	성격이 모질다					
중급	모집	명사	학생 모집			직업과 진로		
중급	모처럼	부사	모처럼 웃다					
고급	모친	명사	부친과 모친		부친	인간관계		
고급	모퉁이	명사	모퉁이를 돌다				개념	지역
고급	모티브	명사	작품의 모티브	모티프		예술		
중급	모험	명사	모험을 즐기다			직업과 진로		
고급	모형	명사	건물 모형			대중문화	개념	모양
고급	모호하다	형용사	설명이 모호하다				개념	성질
초급	목	명사	몸			외모 표현하기	인간	신체 부위
중급	목	명사	요일				개념	시간
초급	목걸이	명사	진주 목걸이			복장 표현하기	의생활	모자, 신발, 장신구
고급	목격	명사	사고 목격			사회문제	정치와 행정	사법 및 치안 행위
고급	목격자	명사	사고 목격자			사회문제	정치와 행정	사법 및 치안 주체
중급	목구멍	명사	몸	목01		건강	인간	신체 부위
고급	목덜미	명사	목덜미를 잡히다	덜미			인간	신체 부위
초급	목도리	명사	목도리를 두르다			복장 표현하기	의생활	모자, 신발, 장신구
고급	목돈	명사	목돈을 마련하다	뭉칫돈	푼돈	경제 경영	경제생활	경제 수단
중급	목록	명사	단어 목록	리스트				
중급	목마르다	형용사	목마른 사람			건강	인간	생리 현상
중급	목마르다	형용사	목마르게 기다리다					
중급	목사	명사	목사의 설교			직업과 진로	종교	종교인
초급	목소리	명사	낮은 목소리				인간	생리 현상
중급	목숨	명사	목숨을 다하다	명03				
초급	목요일	명사	요일			요일 표현하기	개념	시간
초급	목욕	명사	목욕 용품			주말 및 휴가	삶	일상 행위
초급	목욕탕	명사	목욕탕에서 씻다			집 구하기	주생활	주택 구성
고급	목장	명사	목장의 소			경제 경영	경제생활	경제 행위 장소
고급	목재	명사	목재 선반			건축		
초급	목적	명사	목적을 이루다					
고급	목적어	명사	주어와 목적어			언어	교육	학문 용어
중급	목적지	명사	목적지에 도착하다			여행	개념	지역
중급	목표	명사	목표를 세우다					
중급	몫	명사	몫을 챙기다			음식 설명하기		
중급	몫	명사	몫을 해내다					
중급	몰다	동사	구석으로 몰다					
중급	몰다	동사	차를 몰다			교통 이용하기		
중급	몰다	동사	범죄자로 몰다					
중급	몰다	동사	죽음으로 몰다					
고급	몰두하다	동사	연구에 몰두하다	골몰하다			인간	인지 행위
중급	몰라보다	동사	친구를 몰라보다			인간관계	인간	인지 행위
고급	몰락	명사	로마의 몰락			경제 경영	경제생활	경제 상태
중급	몰래	부사	몰래 도망가다					
고급	몰려가다	동사	우르르 몰려가다				인간	신체 행위
중급	몰려들다	동사	사람들이 몰려들다					
중급	몰려들다	동사	피로가 몰려들다					
중급	몰려오다	동사	피서객들이 몰려오다				인간	신체 행위
중급	몰려오다	동사	잠이 몰려오다					
중급	몰리다	동사	구석으로 몰리다					
중급	몰리다	동사	범인으로 몰리다					
중급	몰리다	동사	일이 몰리다					
중급	몰리다	동사	궁지에 몰리다					
고급	몰아가다	동사	기세를 몰아가다					
고급	몰아내다	동사	밖으로 몰아내다					
고급	몰아넣다	동사	궁지에 몰아넣다					
고급	몰아붙이다	동사	구석으로 몰아붙이다					
고급	몰아쉬다	동사	숨을 몰아쉬다				인간	신체 행위
고급	몰아치다	동사	눈보라가 몰아치다					
고급	몰이	명사	소떼 몰이					
고급	몰입	명사	감정 몰입			심리		
초급	몸	명사	몸이 건강하다			외모 표현하기	인간	신체 부위
중급	몸매	명사	몸매가 좋다			건강	인간	용모
중급	몸무게	명사	몸무게를 재다	체중		건강	인간	용모
중급	몸살	명사	몸살이 나다			건강	삶	병과 증상
중급	몸속	명사	몸속 노폐물			건강	인간	신체 부위
고급	몸집	명사	몸집이 크다	덩치|체구		외양		
중급	몸짓	명사	우아한 몸짓					
중급	몸통	명사	사람의 몸통				인간	신체 부위
중급	몹시	부사	몹시 춥다	대단히			개념	정도
중급	못	명사	못을 박다			집안일		
초급	못	부사	못 마시다					
중급	못나다	형용사	못난 얼굴		잘나다			
중급	못나다	형용사	못난 사람		잘나다		인간	능력
중급	못되다	형용사	성격이 못되다			성격 표현하기	인간	성격
중급	못되다	형용사	일이 못되다					
고급	못마땅하다	형용사	못마땅한 눈초리			심리	인간	감정
초급	못생기다	형용사	얼굴이 못생기다			외모 표현하기	인간	용모
중급	못지않다	형용사	전문가 못지 않다					
초급	못하다01/못하다	동사/형용사	노래를 못하다				인간	능력
초급	못하다01/못하다	동사/형용사	예전만 못하다					
초급	몽골	명사	나라			개인정보 교환하기	개념	지역
중급	몽땅	부사	몽땅 쓰다				개념	양
고급	묘	명사	묘를 벌초하다			문화차이		
고급	묘미	명사	여행의 묘미			심리	인간	감정
중급	묘사	명사	상황 묘사			한국의 문학		
고급	묘지	명사	묘지를 이장하다	무덤		종교		
고급	묘하다	형용사	기분이 묘하다				개념	성질
초급	무	명사	채소			음식 주문하기	식생활	채소
중급	무-	접사	무감각					
고급	무03/무	명사/의존명사	유무/일 승 이무		유02	스포츠		
초급	무겁다	형용사	무거운 가방		가볍다		개념	성질
초급	무게	명사	무게를 재다				개념	성질
고급	무공해	명사	무공해 농산물			환경문제	자연	기상 및 기후
중급	무관심	명사	무관심이 지나치다			인간관계		
중급	무관하다	형용사	사건과 무관하다	무관계하다				
고급	무궁무진	명사					개념	양
초급	무궁화	명사	꽃				동식물	식물류
중급	무기	명사	무기를 들고 싸우다	병기			정치와 행정	무기
중급	무기	명사	미모를 무기 삼다					
고급	무기력	명사	무기력한 태도			심리	인간	능력
고급	무난하다	형용사	무난한 승리			심리	인간	성격
고급	무난하다	형용사	무난한 색					
고급	무난하다	형용사	무난한 사람				인간	성격
고급	무너뜨리다	동사	성벽을 무너뜨리다	무너트리다00				
고급	무너뜨리다	동사	질서를 무너뜨리다					
중급	무너지다	동사	건물이 무너지다			사건, 사고, 재해 기술하기		
중급	무너지다	동사	질서가 무너지다					
중급	무늬	명사	나무의 무늬	문양		복장 표현하기		
중급	무늬	명사	체크무늬	문양				
중급	무대	명사	콘서트 무대			대중매체		
중급	무대	명사	세계를 무대로 하다					
고급	무더기	명사	쓰레기 무더기					
중급	무더위	명사	무더위가 꺾이다			날씨와 계절	자연	기상 및 기후
고급	무던히	부사	무던히 노력하다			심리		
중급	무덤	명사	무덤을 파다	묘지|분묘				
중급	무덥다	형용사	날씨가 무덥다			날씨와 계절	자연	기상 및 기후
고급	무뚝뚝하다	형용사	무뚝뚝한 표정	뚝뚝하다		심리	인간	성격
고급	무럭무럭	부사	무럭무럭 자라다					
중급	무려	부사	무려 오십 개가 넘다				개념	수
고급	무력	명사	무력 감축			정치	정치와 행정	정치 및 치안 상태
고급	무력	명사	무력 싸움					
중급	무렵	의존명사	저녁 무렵				개념	시간
고급	무례	명사	무례를 범하다			인간관계	인간	태도
초급	무료	명사	무료 증정		유료	물건사기	경제생활	경제 행위
고급	무료하다	형용사	무료한 시간			여가생활		
고급	무르다	형용사	살이 무르다					
고급	무르다	형용사	과일이 무르다					
고급	무르다	형용사	성격이 무르다				인간	성격
고급	무르익다	동사	곡식이 무르익다	농익다			동식물	동식물 행위
고급	무릅쓰다	동사	위험을 무릅쓰다			여가생활		
초급	무릎	명사	신체			외모 표현하기	인간	신체 부위
고급	무리	명사	무리를 이루다					
중급	무리	명사	무리가 있다					
고급	무모하다	형용사	무모한 시도				인간	태도
고급	무병장수	명사				보건과 의료	인간	체력 상태
고급	무분별	명사	무분별한 처방				인간	태도
중급	무사히	부사	무사히 돌아오다	무고히01				
고급	무상	명사	무상 급식		유상	교육	경제생활	경제 상태
중급	무서워하다	동사	물을 무서워하다			성격 표현하기	인간	감정
고급	무선	명사	무선 인터넷				사회생활	통신 행위
초급	무섭다	형용사	귀신이 무섭다			감정/기분 표현하기	인간	감정
고급	무성하다	형용사	잡초가 무성하다				개념	양
고급	무소식	명사	무소식이 희소식				사회생활	사회 생활 상태
고급	무수하다	형용사	무수한 별	수없다			개념	수
고급	무수히	부사	무수히 많다	수없이			개념	수
고급	무술	명사	무술 훈련	무예		스포츠	삶	여가 활동
초급	무슨	관형사	무슨 요일				개념	의문
중급	무시	명사	무시를 당하다					
고급	무시무시하다	형용사	무시무시한 괴물			심리	인간	감정
고급	무식	명사	무식이 드러나다		유식	교육	인간	능력
고급	무심코	부사	무심코 지나치다			심리	인간	태도
고급	무심히	부사	무심히 바라보다			심리	인간	태도
고급	무언	명사	무언의 압박		유언00	언어	사회생활	언어 행위
초급	무엇	대명사		무어			개념	의문
중급	무역	명사	무역 회사			직장생활	경제생활	경제 행위
중급	무용	명사	고전 무용			취미	문화	예술
고급	무용지물	명사						
고급	무응답	명사	무응답 비율			언어	사회생활	언어 행위
중급	무의미	명사	유의미					
고급	무인	명사	무인 판매			경제 경영		
고급	무인도	명사	무인도에서 탈출하다			지리정보	자연	지형
고급	무작정01/|무작정	명사/부사	무작정 덤비다				인간	태도
중급	무조건02/무조건	부사/명사	무조건 화를 내다					
중급	무지개	명사	무지개가 뜨다			날씨와 계절	자연	기상 및 기후
고급	무차별적01/|무차별적	관형사∙명사	무차별적 수용		차별적00		인간	태도
중급	무책임	명사	무책임한 사람			직장생활		
초급	무척	부사	무척 길다				개념	정도
고급	무한	명사	무한 반복		유한		개념	양
고급	무형	명사	무형 문화재		유형01	예술	개념	모양
고급	무효	명사	무효 처리		유효			
고급	묵념	명사	묵념에 잠기다	묵도		종교	인간	인지 행위
고급	묵다	동사	묵은 때				개념	성질
중급	묵다	동사	호텔에서 묵다			여행	주생활	주거 행위
중급	묵묵히	부사	묵묵히 일하다				인간	태도
고급	묵직하다	형용사	가방이 묵직하다				개념	성질
고급	묵히다	동사	김치를 묵히다					
고급	묵히다	동사	기술을 묵히다					
중급	묶다	동사	머리를 묶다			복장 표현하기	인간	신체 행위
중급	묶다	동사	손을 묶다				인간	신체 행위
중급	묶이다	동사	끈이 묶이다				인간	신체 행위
중급	묶이다	동사	나무에 묶이다				인간	신체 행위
중급	묶이다	동사	규제에 묶이다					
초급	문	명사	문을 열다			집 구하기	주생활	주택 구성
고급	문과	명사	문과 대학			교육	교육	전공과 교과목
고급	문구	명사	광고 문구	글귀		언어	사회생활	소통 수단
중급	문구점	명사	가게	문방구		학교생활		
고급	문단	명사	문단을 나누다			언어	교육	학문 용어
고급	문단	명사	문단에 진출하다	문학계		언어		
중급	문득	부사	문득 떠오르다					
중급	문명	명사	고대 문명			문화 비교하기		
중급	문방구	명사	학교 앞 문방구	문구점|문방구점		학교생활		
중급	문법	명사	한국어 문법			언어		
중급	문병	명사	문병을 가다	병문안		건강		
고급	문상	명사	문상을 가다	조문02		문화차이		
중급	문서	명사	문서를 작성하다			직장생활		
고급	문안	명사	문안 인사				사회생활	소통 수단
고급	문어	명사	문어와 구어			언어	동식물	동물류
중급	문의	명사	문의 전화			공공기관 이용하기	사회생활	언어 행위
중급	문자	명사	문자 메시지			대중매체		
중급	문장	명사	영어 문장			한국의 문학		
초급	문제	명사	문제를 풀다			학교생활		
초급	문제	명사	문제를 해결하다					
중급	문제점	명사	문제점을 해결하다			문제 해결하기(분실 및 고장)		
고급	문지르다	동사	수건에 문지르다				인간	신체 행위
중급	문학	명사	문학 작품			한국의 문학	문화	문학
고급	문학적01/|문학적	관형사∙명사	문학적 감수성			예술		
고급	문항	명사	평가 문항			언어		
고급	문헌	명사	문헌 자료			언어	사회생활	매체
고급	문형	명사	기본 문형			언어		
초급	문화	명사	한국 문화			취미	문화	문화 활동
고급	문화생활	명사	문화생활을 즐기다			여가생활	문화	문화 활동
고급	문화유산	명사	전통 문화유산			문화차이	문화	전통문화
중급	문화재	명사	문화재를 보호하다			문화 비교하기	문화	전통문화
중급	문화적01∙문화적	관형사∙명사	문화적 차이			문화 비교하기		
중급	묻다	동사	물이 묻다					
중급	묻다	동사	땅속에 묻다					
초급	묻다	동사	길을 묻다			길찾기	사회생활	언어 행위
중급	묻히다	동사	손에 물을 묻히다					
중급	묻히다	동사	땅속에 묻히다					
초급	물	명사	물을 마시다			음식 주문하기	식생활	음료
중급	물가	명사	물가에서 놀다			여행	개념	지역
중급	물가	명사	물가가 비싸다			물건사기	경제생활	경제 수단
중급	물감	명사	물감으로 그리다	그림물감		취미		
초급	물건	명사	남의 물건			물건사기		
초급	물건	명사	상품					
중급	물결	명사	물결이 잔잔하다					
중급	물결	명사	변화의 물결					
초급	물고기	명사	물고기를 잡다	고기01		음식 주문하기	동식물	동물류
중급	물기	명사	물기가 마르다	수분01		요리 설명하기		
고급	물끄러미	부사	물끄러미 바라보다			심리	인간	태도
중급	물다	동사	개가 물다				동식물	동식물 행위
중급	물다	동사	모기가 물다					
중급	물들다	동사	노을로 물들다			날씨와 계절		
고급	물들이다	동사	옷감을 물들이다	염색하다			인간	신체 행위
고급	물량	명사	물량을 확보하다			경제 경영	개념	양
고급	물러가다	동사	제자리로 물러가다				사회생활	사회 활동
중급	물러나다	동사	뒤로 물러나다					
중급	물러나다	동사	공직에서 물러나다					
중급	물러서다	동사	뒤로 물러서다					
중급	물러서다	동사	직책에서 물러서다					
고급	물려받다	동사	유산을 물려받다		물려주다	역사	경제생활	경제 행위
고급	물려주다	동사	재산을 물려주다		물려받다	역사	경제생활	경제 행위
초급	물론02/물론	부사/명사	물론 그렇다					
고급	물리	명사	물리를 전공하다			교육	교육	전공과 교과목
중급	물리다	동사	개에 물리다					
중급	물리다	동사	모기에 물리다					
고급	물리다	동사	물건을 도로 물리다			경제 경영		
고급	물리적01/|물리적	관형사∙명사	물리적 변화			과학과 기술	개념	성질
고급	물리치다	동사	적군을 물리치다				사회생활	사회 활동
고급	물방울	명사	물방울이 맺히다				개념	모양
중급	물소리	명사	물소리가 나다					
중급	물속	명사	물속에서 헤엄치다	수중02				
중급	물약	명사	물약을 마시다			건강	삶	약품류
초급	물어보다	동사	길을 물어보다			길찾기	사회생활	언어 행위
중급	물음	명사	물음에 답하다		대답	감정/기분 표현하기	사회생활	언어 행위
고급	물자	명사	물자를 공급하다			경제 경영	경제생활	경제 산물
중급	물질	명사	물질과 정신					
중급	물질	명사	오염 물질					
중급	물질적01∙물질적	관형사∙명사	물질적 보상				경제생활	경제 행위
고급	물체	명사	비행 물체			과학과 기술		
고급	물품	명사	중고 물품			경제 경영	경제생활	경제 산물
중급	뭉치다	동사	반죽이 뭉치다					
중급	뭉치다	동사	사람들이 뭉치다					
고급	뭉클하다	형용사	가슴이 뭉클하다			심리	인간	감정
초급	뭐	대명사					개념	의문
중급	뭘	감탄사						
중급	뮤지컬	명사	뮤지컬 공연			공연과 감상	문화	대중문화
고급	미	명사	여백의 미				개념	성질
고급	미각	명사	미각을 자극하다	미감		식문화	인간	감각
초급	미국	명사	나라			개인정보 교환하기	개념	지역
중급	미국인	명사	미국인을 만나다			개인정보 교환하기	인간	사람의 종류
초급	미끄러지다	동사	계단에서 미끄러지다				인간	신체 행위
중급	미끄럽다	형용사	길이 미끄럽다				개념	성질
고급	미남	명사	미남 배우	미남자00	추남	외양	인간	사람의 종류
고급	미녀	명사	절세 미녀	미인	추녀	외양	인간	사람의 종류
중급	미니	명사	미니 자동차				개념	모양
고급	미달	명사	기준 미달					
고급	미덕	명사	미덕을 베풀다			철학, 윤리	인간	태도
중급	미디어	명사	영상 미디어			대중매체	사회생활	매체
초급	미래	명사	미래를 계획하다			시간 표현하기	개념	시간
중급	미련	명사	미련이 남다			감정/기분 표현하기	인간	감정
중급	미루다	동사	숙제를 미루다	물리다	당기다		개념	시간
초급	미리	부사	미리 알리다			시간 표현하기	개념	시간
중급	미만	명사	19세 미만		초과		개념	수
고급	미모	명사	미모가 뛰어나다			외양	인간	용모
고급	미묘하다	형용사	미묘한 변화				개념	성질
고급	미사	명사	미사에 참석하다			종교	종교	종교 행위
고급	미생물	명사	미생물이 번식하다			과학과 기술		
중급	미성년자	명사	미성년자 관람불가				인간	사람의 종류
중급	미소	명사	미소를 짓다			감정/기분 표현하기	인간	신체 행위
고급	미숙하다	형용사	운전이 미숙하다				인간	능력
중급	미술	명사	미술 작품			취미	문화	미술
고급	미술가	명사	현대 미술가			예술	문화	문화 활동 주체
초급	미술관	명사	국립 미술관			주말 및 휴가	문화	문화생활 장소
고급	미아	명사	미아를 찾다			사회문제	인간	사람의 종류
초급	미안	명사	미안한 마음			사과하기	인간	감정
고급	미약하다	형용사	미약한 진동				인간	능력
고급	미어지다	동사	셔츠가 미어지다			심리	인간	감정
고급	미역	명사	미역 반찬			식문화	식생활	식재료
초급	미역국	명사	미역국을 끓이다			음식 주문하기	식생활	음식
고급	미용	명사	피부 미용	미장00		외양	의생활	미용 행위
중급	미용사	명사	미용사 자격증			직업과 진로	사회생활	직업
초급	미용실	명사	미용실을 차리다	미장원		외모 표현하기	의생활	의생활 관련 장소
중급	미움	명사	미움을 사다			감정/기분 표현하기	인간	감정
중급	미인	명사	미인 대회	미녀|가인		외모 표현하기	인간	사람의 종류
중급	미장원	명사	미장원에서 파마하다	미용실		외모 표현하기	의생활	의생활 관련 장소
고급	미적01∙|미적	관형사∙명사	미적 감각			예술		
고급	미정	명사	날짜 미정		기정00			
고급	미지	명사	미지의 세계		기지02	철학, 윤리		
중급	미지근하다	형용사	국물이 미지근하다	미적지근하다		음식 설명하기	개념	온도
중급	미처	부사	미처 모르다					
중급	미치다	동사	미친 생각				인간	인지 행위
중급	미치다	동사	공부에 미치다				인간	인지 행위
중급	미치다	동사	기대에 미치다					
중급	미치다	동사	영향을 미치다					
초급	미터	의존명사	백 미터			위치 표현하기	개념	세는 말
중급	미팅	명사	미팅 상대			인간관계	사회생활	사회 행사
중급	미혼	명사	미혼 남녀		기혼	연애와 결혼		
고급	미혼모	명사	미혼모를 돕다			사회문제	인간	사람의 종류
고급	미흡하다	형용사	미흡한 설명					
고급	민간	명사	민간 기업			사회제도	사회생활	사회 생활 상태
고급	민간단체	명사	민간단체를 지원하다			사회제도	정치와 행정	정치 및 행정 주체
고급	민감하다	형용사	피부가 민감하다			심리	인간	감정
고급	민망하다	형용사	민망한 장면			심리	인간	감정
고급	민박	명사	민박 시설			여가생활	주생활	주거 형태
고급	민속	명사	민속 음악			문화차이	문화	전통문화
중급	민속놀이	명사	전통 민속놀이			문화 비교하기		
고급	민요	명사	민요를 부르다			문화차이		
중급	민족	명사	민족의 역사					
고급	민족주의	명사	민족주의 사상	내셔널리즘00		정치	정치와 행정	정치 및 치안 상태
고급	민주	명사	민주 정치			정치	정치와 행정	정치 및 치안 상태
고급	민주적01∙|민주적	관형사∙명사	민주적 절차			정치	정치와 행정	정치 및 치안 상태
중급	민주주의	명사	민주주의 사회				정치와 행정	정치 및 치안 상태
고급	민주화	명사	민주화 운동			정치	정치와 행정	정치 및 치안 상태
고급	민첩하다	형용사	민첩한 움직임				인간	태도
초급	믿다	동사	거짓말을 믿다				인간	인지 행위
초급	믿다	동사	의지하다					
초급	믿다	동사	신을 믿다				종교	종교 행위
중급	믿음	명사	믿음이 생기다			감정/기분 표현하기	인간	감정
고급	믿음직스럽다	형용사	믿음직스러운 사람			심리		
초급	밀가루	명사	밀가루 음식			음식 주문하기	식생활	식재료
초급	밀다	동사	문을 밀다		당기다		인간	신체 행위
초급	밀다	동사	때를 밀다				인간	신체 행위
고급	밀도	명사	밀도가 높다				개념	정도
고급	밀려나다	동사	뒤로 밀려나다					
고급	밀려들다	동사	사람이 밀려들다					
고급	밀려오다	동사	파도가 밀려오다		밀려가다			
중급	밀리다	동사	차가 밀리다			교통 이용하기		
중급	밀리다	동사	사람들에게 밀리다					
중급	밀리미터	의존명사	10밀리미터				개념	세는 말
고급	밀림	명사	밀림이 울창하다	정글		지리정보	자연	지형
고급	밀어붙이다	동사	구석으로 밀어붙이다				사회생활	사회 활동
고급	밀어주다	동사	후보를 밀어주다			인간관계	사회생활	사회 활동
고급	밀접	명사	밀접 지역					
고급	밀착	명사	밀착 취재					
중급	밉다	형용사	하는 짓이 밉다	싫다		감정/기분 표현하기	인간	감정
중급	및	부사	설계 및 시공				개념	접속
초급	밑	명사	책상 밑			위치 표현하기	개념	위치 및 방향
고급	밑거름	명사	밑거름이 되다					
중급	밑바닥	명사	신발 밑바닥	기저|밑				
중급	밑줄	명사	밑줄을 긋다					
고급	밑창	명사	밑창이 닳다			외양	의생활	모자, 신발, 장신구
중급	바	의존명사	느낀 바					
중급	바가지	명사	바가지에 담다			요리 설명하기		
중급	바구니	명사	과일 바구니			요리 설명하기		
초급	바깥	명사	바깥에 나가다		안01	위치 표현하기	개념	위치 및 방향
고급	바깥일	명사	바깥일로 바쁘다			직장생활		
초급	바깥쪽	명사	바깥쪽으로 나가다	외측				
초급	바꾸다	동사	달러를 원화로 바꾸다				사회생활	사회 활동
초급	바꾸다	동사	분위기를 바꾸다					
초급	바꾸다	동사	전화를 바꾸다			전화하기	사회생활	통신 행위
초급	바꾸다	동사	자리를 바꾸다					
초급	바뀌다	동사	감독이 바뀌다					
초급	바뀌다	동사	위치가 바뀌다					
초급	바뀌다	동사	계획이 바뀌다					
초급	바나나	명사	과일			음식 주문하기	식생활	과일
중급	바늘	명사	실과 바늘			집안일		
중급	바늘	명사	시계 바늘					
초급	바다	명사	바다를 건너다			여행	자연	지형
초급	바닥	명사	바닥에 떨어지다			집 구하기	주생활	주택 구성
초급	바닷가	명사	바닷가에서 놀다	해변|해변가|해안|해안가		여행	자연	지형
중급	바닷물	명사	바닷물이 출렁이다	해수				
중급	바둑	명사	바둑을 두다			취미	삶	여가 활동
초급	바라다	동사	성공을 바라다				인간	인지 행위
고급	바라다보다	동사	서로를 바라다보다	바라보다			인간	신체 행위
초급	바라보다	동사	하늘을 바라보다	바라다보다			인간	신체 행위
초급	바람	명사	바람이 불다			날씨와 계절	자연	기상 및 기후
중급	바람	명사	바람이 성취되다				인간	인지 행위
중급	바람직하다	형용사	바람직한 행동	바람직스럽다				
고급	바래다	동사	색이 바래다			외양	개념	색깔
중급	바래다주다	동사	집에 바래다주다			초대와 방문	사회생활	사회 활동
초급	바로	부사	바로 시작하다				개념	모양
초급	바로	부사	바로 옆					
초급	바로	부사	바로 오늘					
중급	바로잡다	동사	자세를 바로잡다					
중급	바로잡다	동사	잘못을 바로잡다	고치다				
초급	바르다	동사	약을 바르다			약국 이용하기	삶	치료 행위
중급	바르다	형용사	바른 자세	정하다				
중급	바르다	형용사	몸가짐이 바르다				인간	태도
중급	바르다	형용사	바른 말				인간	태도
중급	바보	명사	바보가 되다				인간	사람의 종류
초급	바쁘다	형용사	바쁜 생활			하루생활	삶	삶의 상태
고급	바삐	부사	바삐 일하다				삶	삶의 상태
중급	바싹	부사	바싹 다가서다				개념	정도
중급	바싹	부사	바싹 마르다				개념	정도
중급	바위	명사	넓적한 바위			지리정보	자연	지표면 사물
중급	바위	명사	가위 바위 보					
고급	바이러스	명사	바이러스에 감염되다			보건과 의료		
초급	바이올린	명사	바이올린을 켜다			취미	삶	여가 도구
고급	바자회	명사	바자회를 열다	바자		경제 경영	경제생활	경제 행위 장소
초급	바지	명사	바지를 입다			복장 표현하기	의생활	옷 종류
고급	바짝	부사	바짝 마르다				개념	위치 및 방향
중급	바치다	동사	꽃을 바치다					
중급	바치다	동사	목숨을 바치다					
중급	바퀴01/바퀴	명사/의존명사	자동차 바퀴			교통 이용하기		
중급	바퀴01/바퀴	명사/의존명사	운동장 한 바퀴				개념	세는 말
고급	바퀴벌레	명사	바퀴벌레를 잡다	바퀴03		환경문제	동식물	곤충류
중급	바탕	명사	바탕을 이루다					
중급	바탕	명사	바탕 화면					
중급	박	의존명사	1박 2일			여행	개념	시간
중급	박다	동사	못을 박다					
고급	박람회	명사	박람회가 열리다			여가생활	문화	문화생활 장소
초급	박물관	명사	박물관을 관람하다			주말 및 휴가	문화	문화생활 장소
중급	박사	명사	박사 학위			학교생활	교육	학문 행위
중급	박사	명사	게임 박사					
초급	박수	명사	박수를 치다				인간	신체 행위
중급	박스	명사	종이 박스					
중급	박스	명사	귤 한 박스					
고급	박자	명사	박자를 맞추다			대중문화	개념	속도
고급	박탈	명사	자격 박탈			사회제도		
중급	박히다	동사	못이 박히다					
초급	밖	명사	안과 밖			위치 표현하기	개념	위치 및 방향
초급	반	명사	절반				개념	양
초급	반	명사	우리 반			학교생활	교육	학교 시설
고급	반감	명사	반감을 가지다			심리	인간	감정
초급	반갑다	형용사	반가운 손님			인사하기	인간	감정
중급	반값	명사	반값에 팔다			물건사기		
중급	반기다	동사	친구를 반기다			초대와 방문	사회생활	사회 활동
고급	반나절	명사	반나절이 걸리다				개념	시간
중급	반납	명사	책 반납			학교생활		
중급	반달	명사	반달이 뜨다			날씨와 계절	자연	천체
초급	반대	명사	반대 방향			위치 표현하기	개념	위치 및 방향
중급	반대말	명사	반대말을 찾다	반의어		언어		
중급	반대쪽	명사	반대쪽으로 가다			교통 이용하기	개념	위치 및 방향
중급	반대쪽	명사	반대쪽 의견			교통 이용하기		
고급	반도	명사	반도 국가			지리정보	자연	지형
고급	반도체	명사	반도체 산업			과학과 기술		
초급	반드시	부사	반드시 해 내다					
고급	반듯하다	형용사	모양이 반듯하다				개념	모양
고급	반론	명사	반론을 제기하다			언론	사회생활	언어 행위
중급	반말	명사	반말과 높임말			언어		
중급	반면	명사	반면에					
고급	반목	명사	동료 간의 반목			사회문제	인간	감정
고급	반문	명사	반문을 제기하다	$되묻다		사회문제	사회생활	언어 행위
초급	반바지	명사	반바지를 입다			복장 표현하기	의생활	옷 종류
고급	반박	명사	반박의 글	논박		사회문제	사회생활	언어 행위
고급	반반	명사	반반으로 나누다				개념	양
중급	반발	명사	반발 심리					
중급	반복	명사	반복 연습			언어		
중급	반성	명사	반성의 시간				인간	인지 행위
고급	반세기	명사	반세기 동안			역사	개념	시간
고급	반신욕	명사	반신욕의 효과			보건과 의료		
중급	반영	명사	현실을 반영하다					
중급	반응	명사	반응이 빠르다					
중급	반장	명사	반장을 뽑다			학교생활		
고급	반주	명사	피아노 반주			예술	문화	음악
중급	반죽	명사	밀가루 반죽			요리 설명하기		
초급	반지	명사	반지를 끼다			복장 표현하기	의생활	모자, 신발, 장신구
중급	반짝거리다	동사	별이 반짝거리다				개념	밝기
중급	반짝반짝	부사	반짝반짝 빛나다	반짝대다|반짝반짝하다01			개념	밝기
중급	반짝이다	동사	눈빛이 반짝이다				개념	밝기
고급	반쪽	명사	반쪽으로 나누다				개념	모양
초급	반찬	명사	반찬을 만들다	찬		음식 주문하기	식생활	음식
중급	반창고	명사	반창고를 붙이다			건강	삶	병과 증상
고급	반칙	명사	반칙 판정			스포츠	사회생활	사회 활동
중급	반팔	명사	반팔을 입다	반소매		복장 표현하기	의생활	옷 종류
중급	반품	명사	반품 신청			물건사기	경제생활	경제 행위
중급	반하다	동사	첫눈에 반하다			연애와 결혼	인간	인지 행위
고급	반하다	동사	규칙에 반하다			사회제도	사회생활	사회 활동
고급	반항	명사	사회에 대한 반항			인간관계	사회생활	사회 활동
고급	반환점	명사	반환점을 돌다			스포츠	개념	위치 및 방향
초급	받다	동사	선물을 받다		주다01		사회생활	사회 활동
초급	받다	동사	가르침을 받다					
초급	받다	동사	점수를 받다					
초급	받다	동사	전화를 받다					
고급	받들다	동사	조상을 받들다				인간	태도
중급	받아들이다	동사	기술을 받아들이다					
중급	받아들이다	동사	신입생을 받아들이다					
중급	받아들이다	동사	현실을 받아들이다					
중급	받아들이다	동사	충고를 받아들이다					
초급	받아쓰다	동사	공책에 받아쓰다			학교생활		
고급	받치다	동사	쟁반에 받치다					
중급	받침	명사	냄비 받침					
중급	받침	명사	기역 받침	종성				
초급	발	명사	발로 차다			외모 표현하기	인간	신체 부위
초급	발가락	명사	발가락이 아프다			외모 표현하기	인간	신체 부위
고급	발각	명사	사건이 발각되다			법		
중급	발걸음	명사	발걸음이 느리다	걸음				
중급	발견	명사	새로운 발견					
고급	발굴	명사	유적 발굴			역사		
고급	발굴	명사	인재 발굴					
중급	발급	명사	카드 발급	발부		공공기관 이용하기		
중급	발길	명사	발길을 멈추다					
중급	발길	명사	발길이 잦다					
중급	발꿈치	명사	발꿈치를 들다	발뒤꿈치			인간	신체 부위
중급	발끝	명사	발끝으로 서다	발뒤꿈치				
고급	발단	명사	사건의 발단		결말	사회문제		
중급	발달	명사	뇌의 발달					
중급	발달	명사	기술 발달					
고급	발돋움	명사	세계로 발돋움하다			역사	인간	신체 행위
중급	발등	명사	발등을 다치다	발잔등		건강	인간	신체 부위
고급	발라드	명사	발라드를 듣다			대중문화	문화	음악
고급	발령	명사	지방 발령			직장생활	사회생활	직장 생활
중급	발명	명사	발명 아이디어					
고급	발명가	명사	발명가가 되다	발명자00		과학과 기술		
고급	발명품	명사	발명품을 연구하다			과학과 기술		
중급	발목	명사	발목 부상			건강	인간	신체 부위
초급	발바닥	명사	발바닥을 간지럽히다				인간	신체 부위
고급	발병	명사	발병을 예방하다			보건과 의료	삶	병과 증상
고급	발상	명사	발상의 전환			철학, 윤리	인간	인지 행위
중급	발생	명사	사건 발생					
고급	발신자	명사	발신자 번호	발신인	수신자	언어	사회생활	인간관계
고급	발언	명사	발언을 듣다			언어	사회생활	언어 행위
중급	발음	명사	발음 연습			언어		
중급	발자국	명사	짐승의 발자국	자국				
중급	발자국	명사	한 발자국					
중급	발전	명사	경제 발전				경제생활	경제 행위
고급	발전	명사	수력 발전			과학과 기술		
고급	발전소	명사	수력 발전소			과학과 기술	경제생활	경제 행위 장소
고급	발짝	의존명사	한 발짝				개념	세는 말
중급	발톱	명사	발톱을 깎다			건강	인간	신체 부위
중급	발표	명사	결과 발표			학교생활		
고급	발표자	명사	발표자를 정하다			언어	인간	사람의 종류
중급	발표회	명사	음악 발표회			학교생활	사회생활	사회 행사
중급	발행	명사	신문 발행			대중매체		
고급	발효	명사	법령 발효			식문화	정치와 행정	정치 및 행정 행위
고급	발효	명사	발효 식품			식문화	동식물	동식물 행위
고급	발휘	명사	실력 발휘				인간	능력
초급	밝다02/밝다	형용사/동사	불빛이 밝다		어둡다		개념	밝기
초급	밝다02/밝다	형용사/동사	날이 밝다				개념	밝기
중급	밝혀내다	동사	원인을 밝혀내다				인간	인지 행위
중급	밝혀지다	동사	빛으로 밝혀지다				인간	인지 행위
중급	밝혀지다	동사	사실이 밝혀지다				인간	인지 행위
중급	밝히다	동사	전등을 밝히다				개념	밝기
중급	밝히다	동사	원인을 밝히다					
중급	밟다	동사	브레이크를 밟다				인간	신체 행위
중급	밟다	동사	절차를 밟다					
중급	밟히다	동사	잔디가 밟히다				인간	신체 행위
중급	밤	명사	밤을 따다			음식 설명하기	식생활	과일
초급	밤	명사	밤이 깊다		낮	시간 표현하기	개념	시간
중급	밤낮01/밤낮	명사/부사	밤낮으로 일하다	주야			개념	시간
고급	밤낮없이	부사	밤낮없이 일하다				개념	빈도
중급	밤늦다	형용사	밤늦은 시각				개념	시간
중급	밤새	명사	밤새 일하다				개념	시간
중급	밤새다	동사	밤새도록 일하다					
중급	밤새우다	동사	밤새워 일하다					
중급	밤색	명사	색			복장 표현하기	개념	색깔
중급	밤중	명사	어두운 밤중				개념	시간
초급	밥	명사	밥을 짓다			음식 주문하기	식생활	음식
초급	밥	명사	밥을 거르다	식사			식생활	음식
중급	밥그릇	명사	밥그릇에 담다			요리 설명하기	식생활	조리 도구
중급	밥그릇	명사	일자리					
중급	밥맛	명사	구수한 밥맛			음식 설명하기	식생활	맛
중급	밥맛	명사	입맛	식욕|입맛				
고급	밥벌이	명사	밥벌이로 삼다			직장생활		
중급	밥솥	명사	압력 밥솥			요리 설명하기	식생활	조리 도구
고급	밧줄	명사	밧줄로 묶다			사회문제		
초급	방	명사	방을 청소하다			집 구하기	주생활	주택 구성
고급	방귀	명사	방귀를 뀌다			보건과 의료	인간	생리 현상
초급	방금02/방금	부사/명사	방금 가다	금방		시간 표현하기	개념	시간
고급	방망이	명사	방망이를 휘두르다					
중급	방면	명사	시내 방면					
중급	방면	명사	예술 방면					
초급	방문	명사	방문을 닫다			집 구하기	주생활	주택 구성
초급	방문	명사	고향 방문			초대와 방문	사회생활	사회 활동
중급	방바닥	명사	방바닥에 눕다			집 구하기	주생활	주택 구성
고급	방범	명사	방범 초소			사회제도	정치와 행정	사법 및 치안 행위
초급	방법	명사	사용 방법					
고급	방사능	명사	방사능 오염			과학과 기술		
초급	방송	명사	방송에 출연하다			취미	사회생활	매체
초급	방송국	명사	라디오 방송국			소개하기(자기소개)	사회생활	직장
중급	방송사	명사	방송사에 다니다					
고급	방송인	명사	직업			대중문화	문화	문화 활동 주체
고급	방수	명사	방수 기능			외양		
중급	방식	명사	생활 방식					
중급	방안	명사	해결 방안	방책				
고급	방어	명사	방어 자세			사회문제		
고급	방언	명사	제주도 방언	사투리		언어		
고급	방영	명사	드라마 방영			대중문화	문화	문화 활동
중급	방울	명사	방울이 맺히다				개념	모양
중급	방울	명사	몇 방울				개념	세는 말
고급	방울	명사	방울을 매달다					
고급	방음	명사	방음 장치			건축		
중급	방지	명사	사고 방지					
고급	방청객	명사	토론 방청객			대중문화	문화	문화 활동 주체
고급	방치	명사	쓰레기 방치	방관|좌시		사회문제		
고급	방침	명사	방침을 세우다			사회제도		
고급	방패	명사	방패로 막다					
초급	방학	명사	겨울 방학			주말 및 휴가		
중급	방해	명사	방해를 받다	장애|저해				
초급	방향	명사	반대 방향			위치 표현하기	개념	위치 및 방향
고급	방황	명사	사춘기 방황			심리		
고급	밭	명사	논과 밭			지리정보	경제생활	경제 행위 장소
초급	배	명사	배가 고프다			외모 표현하기	인간	신체 부위
초급	배	명사	배를 타다	선박		교통 이용하기	사회생활	교통수단
초급	배	명사	배를 먹다			음식 주문하기	식생활	과일
초급	배	명사	두 배				개념	세는 말
중급	배경	명사	사진의 배경	뒷배경|후경				
중급	배경	명사	성장 배경	후경				
중급	배고프다	형용사	배고프고 목마르다		배부르다	음식 설명하기	인간	생리 현상
중급	배구	명사	배구 선수			취미	삶	여가 활동
고급	배기가스	명사	자동차 배기가스			환경문제		
중급	배꼽	명사	몸			건강	인간	신체 부위
중급	배낭	명사	배낭을 메다			여행		
중급	배낭여행	명사	배낭여행을 떠나다			여행		
중급	배다	동사	냄새가 배다					
초급	배달	명사	신문 배달				경제생활	경제 행위
초급	배드민턴	명사	배드민턴을 치다			취미	삶	여가 활동
중급	배려	명사	세심한 배려					
중급	배부르다	형용사	배부른 느낌		배고프다	음식 설명하기	인간	생리 현상
중급	배부르다	형용사	임신하다			감정/기분 표현하기		
고급	배상	명사	손해 배상			사회문제		
고급	배설	명사	노폐물 배설			보건과 의료		
중급	배송	명사	우편 배송			물건사기		
고급	배신	명사	배신을 당하다			인간관계		
고급	배역	명사	배역을 맡다			대중문화	문화	문화 활동
고급	배열	명사	치아 배열					
초급	배우	명사	뮤지컬 배우			영화 보기	문화	문화 활동 주체
초급	배우다	동사	말을 배우다			학교생활	교육	교수 학습 행위
중급	배우자	명사	배우자를 만나다			연애와 결혼		
중급	배웅	명사	손님을 배웅하다		마중	초대와 방문	사회생활	사회 활동
고급	배제	명사	감정을 배제하다			사회문제		
초급	배추	명사	채소			음식 주문하기	식생활	채소
고급	배출	명사	가스 배출			환경문제		
고급	배출	명사	인재 배출			교육		
중급	배치	명사	자리 배치					
고급	배타적01∙|배타적	관형사∙명사	배타적 관계			역사		
초급	배탈	명사	배탈이 나다				삶	병과 증상
중급	배터리	명사	배터리를 갈다	건전지		문제 해결하기(분실 및 고장)		
중급	배편	명사	배편으로 보내다			공공기관 이용하기	사회생활	교통수단
고급	배포	명사	무료 배포			언론	사회생활	통신 행위
고급	배회	명사	거리를 배회하다					
고급	배후	명사	배후 세력	막후		사회문제		
중급	백	명사	가방			복장 표현하기	의생활	모자, 신발, 장신구
초급	백02∙백	수사∙관형사	숫자				개념	수
고급	백과사전	명사	백과사전을 참고하다			교육	사회생활	매체
고급	백년해로	명사				인간관계		
초급	백만02∙백만	수사∙관형사	숫자				개념	수
고급	백미	명사	여행의 백미			식문화		
고급	백성	명사	백성을 다스리다			정치		
고급	백수	명사	백수 생활	백수건달00		직업과 진로		
고급	백제	명사	나라			역사		
고급	백지	명사	백지에 쓰다				교육	학습 관련 사물
고급	백혈병	명사	백혈병에 걸리다			보건과 의료	삶	병과 증상
초급	백화점	명사	백화점 판매			물건사기	경제생활	경제 행위 장소
초급	뱀	명사	동물				동식물	동물류
중급	뱃속	명사	마음			건강	인간	신체 부위
중급	뱉다	동사	침을 뱉다				인간	신체 행위
고급	버럭	부사	버럭 화를 내다			심리	인간	소리
초급	버릇	명사	버릇을 고치다	습관			삶	일상 행위
고급	버릇없다	형용사	버릇없는 행동			심리	인간	태도
초급	버리다	동사	휴지를 버리다			집안일		
중급	버섯	명사	버섯 요리			요리 설명하기	식생활	채소
초급	버스	명사	버스를 타다			교통 이용하기	사회생활	교통수단
중급	버터	명사	버터를 바르다			요리 설명하기	식생활	식재료
중급	버튼	명사	버튼을 누르다			문제 해결하기(분실 및 고장)		
중급	버티다	동사	끝까지 버티다	배기다				
고급	벅차다	형용사	생활이 벅차다			심리	인간	감정
초급	번	의존명사	첫째 번				개념	세는 말
중급	번갈다	동사	번갈아 입다					
중급	번개	명사	천둥과 번개			날씨와 계절	자연	기상 및 기후
중급	번거롭다	형용사	절차가 번거롭다			문제 해결하기(분실 및 고장)		
중급	번거롭다	형용사	움직이기가 번거롭다					
고급	번번이	부사	번번이 실수하다	매양|매번02			개념	빈도
고급	번성	명사	자손의 번성			역사		
고급	번식	명사	세균 번식					
중급	번역	명사	한국어 번역	역		한국의 문학		
고급	번영	명사	국가 번영					
중급	번지	명사	주소					
고급	번지다	동사	잉크가 번지다					
고급	번지다	동사	전염병이 번지다					
고급	번지다	동사	소문이 번지다					
고급	번지다	동사	유행이 번지다					
초급	번째	의존명사	세 번째				개념	세는 말
고급	번쩍	부사	번쩍 들다					
고급	번창	명사	사업의 번창			역사		
초급	번호	명사	여권 번호				개념	세는 말
중급	번호표	명사	대기 번호표			공공기관 이용하기		
중급	번화하다	형용사	번화한 거리					
초급	벌	의존명사	옷 한 벌			복장 표현하기	개념	세는 말
중급	벌	명사	벌에 쏘이다				동식물	곤충류
중급	벌	명사	벌을 받다			공공기관 이용하기		
고급	벌겋다	형용사	벌건 김치				개념	색깔
중급	벌금	명사	벌금을 부과하다	벌과금			정치와 행정	사법 및 치안 행위
초급	벌다	동사	돈을 벌다			한국생활	경제생활	경제 행위
중급	벌떡	부사	벌떡 일어나다					
중급	벌레	명사	벌레를 잡다	버러지			동식물	곤충류
중급	벌레	명사	공부 벌레					
중급	벌리다	동사	간격을 벌리다					
중급	벌리다	동사	두 팔을 벌리다					
초급	벌써	부사	벌써 도착하다			시간 표현하기	개념	시간
중급	벌어지다	동사	틈이 벌어지다			문제 해결하기(분실 및 고장)		
중급	벌어지다	동사	어깨가 떡 벌어지다				인간	용모
중급	벌어지다	동사	점수가 벌어지다					
중급	벌어지다	동사	사건이 벌어지다					
중급	벌이다	동사	사업을 벌이다					
중급	벌이다	동사	술판을 벌이다					
중급	벌이다	동사	싸움을 벌이다					
고급	벌판	명사	드넓은 벌판			지리정보	자연	지형
중급	범위	명사	범위가 넓다			지리정보	개념	지역
중급	범인	명사	범인을 체포하다	범죄인00			정치와 행정	사법 및 치안 주체
중급	범죄	명사	범죄를 저지르다				정치와 행정	사법 및 치안 행위
고급	범죄자	명사	범죄자를 처벌하다	범죄인00		사회문제	정치와 행정	사법 및 치안 주체
고급	범주	명사	같은 범주에 속하다					
고급	범하다	동사	실례를 범하다			사회문제	사회생활	사회 활동
고급	범행	명사	범행 동기			사회문제	정치와 행정	사법 및 치안 행위
고급	법	접사	요리법				정치와 행정	사법 및 치안 행위
중급	법	명사	법을 지키다	법률		공공기관 이용하기	정치와 행정	사법 및 치안 행위
고급	법규	명사	법규를 지키다			법	정치와 행정	사법 및 치안 행위
고급	법대	명사	법대에 진학하다			교육	교육	교육 기관
중급	법률	명사	법률을 위반하다	법01		공공기관 이용하기	정치와 행정	사법 및 치안 행위
고급	법률가	명사	국제 법률가			법	정치와 행정	사법 및 치안 주체
고급	법무부	명사	기관			사회제도		
고급	법안	명사	법안을 검토하다	법률안		법	정치와 행정	사법 및 치안 행위
중급	법원	명사	법원에서 일하다	재판소		공공기관 이용하기	정치와 행정	공공 기관
중급	법적01∙법적	관형사∙명사	법적 조치			공공기관 이용하기	정치와 행정	사법 및 치안 행위
고급	법정	명사	법정에 출두하다	재판정		법	정치와 행정	사법 및 치안 행위
중급	법칙	명사	법칙에 따르다					
고급	벗	명사	벗을 사귀다	동무|친구		인간관계	사회생활	인간관계
중급	벗기다	동사	옷을 벗기다			복장 표현하기	의생활	의복 착용 행위
중급	벗기다	동사	포장을 벗기다					
초급	벗다	동사	모장을 벗다		입다	복장 표현하기	의생활	의복 착용 행위
중급	벗어나다	동사	시내를 벗어나다					
중급	벗어나다	동사	고통에서 벗어나다					
중급	벗어나다	동사	주제를 벗어나다					
중급	벗어나다	동사	상식을 벗어나다					
고급	벚꽃	명사	벚꽃을 구경하다			환경문제	동식물	식물류
중급	베개	명사	베개를 베다			집 구하기	주생활	생활용품
고급	베끼다	동사	글씨를 베끼다			교육	교육	교수 학습 행위
고급	베다	동사	베개를 베다				인간	신체 행위
고급	베다	동사	나무를 베다				인간	신체 행위
중급	베란다	명사	아파트 베란다			집 구하기	주생활	주택 구성
고급	베스트셀러	명사	이달의 베스트셀러			대중문화	문화	문학
초급	베트남	명사	나라			개인정보 교환하기	개념	지역
중급	베풀다	동사	잔치를 베풀다				사회생활	사회 활동
고급	벤처	명사	벤처 기업			경제 경영	경제생활	경제 행위
중급	벤치	명사	벤치에 앉다					
중급	벨	명사	전화기 벨					
중급	벨트	명사	벨트를 매다	허리띠		복장 표현하기	의생활	모자, 신발, 장신구
중급	벼	명사	벼 이삭			요리 설명하기	식생활	곡류
고급	벼락	명사	벼락에 맞다	벽력00		기후	자연	기상 및 기후
고급	벼르다	동사	복수를 벼르다				인간	인지 행위
초급	벽	명사	벽에 걸다			집 구하기	주생활	주택 구성
고급	벽돌	명사	벽돌을 쌓다			건축	주생활	주택 구성
중급	벽시계	명사	벽시계를 걸다			집 구하기	주생활	생활용품
중급	벽지	명사	벽지로 도배하다			집 구하기		
고급	벽화	명사	벽화를 그리다			예술	문화	전통문화
고급	변	명사	한강 변				개념	위치 및 방향
중급	변경	명사	계획 변경					
고급	변기	명사	화장실 변기			건축	주생활	생활용품
고급	변덕	명사	변덕을 부리다			심리	인간	감정
중급	변덕스럽다	형용사	성격이 변덕스럽다	변덕맞다		성격 표현하기	인간	성격
중급	변동	명사	가격 변동					
고급	변두리	명사	서울 변두리			지리정보	주생활	주거 지역
중급	변명	명사	변명을 늘어놓다			인간관계	사회생활	언어 행위
고급	변모	명사	농촌의 변모				인간	신체 변화
고급	변변찮다	형용사	옷이 변변찮다					
중급	변비	명사	변비에 걸리다			건강	삶	병과 증상
고급	변수	명사	변수로 작용하다			사회문제		
고급	변신	명사	연기 변신				인간	신체 변화
고급	변천	명사	시대의 변천	변화|변이		역사		
초급	변하다	동사	모양이 변하다					
고급	변함없다	형용사	변함없는 맛			역사		
고급	변함없이	부사	변함없이 같다					
고급	변형	명사	모양이 변형되다				인간	신체 변화
고급	변호	명사	변호를 맡다			법		
초급	변호사	명사	직업			소개하기(자기소개)	정치와 행정	사법 및 치안 주체
중급	변화	명사	온도 변화	변천				
고급	변화무쌍	명사				역사		
초급	별	명사	별이 빛나다				자연	천체
중급	별	관형사	별 볼 일				개념	정도
고급	별개	명사	별개의 문제					
고급	별것	명사	별것이 아니다					
고급	별나다	형용사	성격이 별나다			심리	인간	성격
중급	별다르다	형용사	별다른 방법					
중급	별도	명사	별도로 마련하다					
초급	별로	부사	별로 없다				개념	정도
중급	별말씀	명사	별말씀이 없으시다					
중급	별명	명사	별명을 짓다	별호		개인정보 교환하기		
고급	별안간	명사	별안간 뛰어들다					
고급	별의별	관형사	별의별 생각	별별				
중급	별일	명사	별일 없다					
초급	병	명사	병에 걸리다				삶	병과 증상
초급	병	명사	병에 담다					
초급	병	명사	맥주 한 병				개념	세는 말
고급	병동	명사	소아과 병동			보건과 의료	삶	치료 시설
중급	병들다	동사	늙고 병들다			건강	삶	병과 증상
고급	병명	명사	병명이 밝혀지다			보건과 의료	삶	병과 증상
초급	병문안	명사	병문안을 가다	문병		초대와 방문	사회생활	사회 활동
고급	병상	명사	병상에 눕다	병석		보건과 의료	삶	병과 증상
고급	병세	명사	병세가 악화되다			보건과 의료	삶	병과 증상
중급	병실	명사	병실을 옮기다	환자실		건강		
고급	병아리	명사	병아리를 키우다				동식물	동물류
초급	병원	명사	병원에 가다			병원 이용하기	삶	치료 시설
고급	병적01∙|병적	관형사∙명사	병적 행동					
고급	병행	명사	공부와 일의 병행			직장생활		
고급	보건	명사	보건 시설			보건과 의료		
고급	보건소	명사	보건소 진료			보건과 의료	삶	치료 시설
중급	보고	명사	업무 보고			직장생활		
중급	보고서	명사	보고서를 작성하다	보고02		직장생활		
중급	보관	명사	냉장 보관					
고급	보글보글	부사	보글보글 끓다			식문화		
중급	보급	명사	기술 보급					
중급	보기	명사	보기를 들다	본보기		학교생활		
초급	보내다	동사	편지를 보내다				사회생활	사회 활동
초급	보내다	동사	시간을 보내다				사회생활	사회 활동
초급	보내다	동사	이메일을 보내다					
중급	보너스	명사	보너스를 받다	상여금		직장생활		
초급	보다	동사	밖을 보다				인간	신체 행위
초급	보다	동사	관람하다				인간	신체 행위
초급	보다	동사	만나다				사회생활	사회 활동
초급	보다	동사	돌보다					
초급	보다	동사	시험을 보다				교육	교수 학습 행위
초급	보다	동사	읽다					
초급	보다	부사	보다 높게				개념	정도
고급	보답	명사	사랑에 보답하다					
중급	보도	명사	보도 기사			대중매체		
초급	보라색	명사	색				개념	색깔
중급	보람	명사	보람을 느끼다			직장생활	인간	감정
고급	보류	명사	계획 보류	유보				
중급	보름	명사	정월 보름	보름날			개념	시간
중급	보름	명사	보름이 걸리다				개념	시간
중급	보름달	명사	보름달이 뜨다	만월		날씨와 계절	자연	천체
중급	보리	명사	보리를 재배하다			요리 설명하기	식생활	곡류
중급	보리차	명사	보리차를 마시다			음식 설명하기	식생활	음료
중급	보물	명사	보물 상자	보화		복장 표현하기		
고급	보배	명사	나라의 보배			외양		
고급	보복	명사	보복을 당하다	앙갚음		사회문제		
중급	보살피다	동사	아이들을 보살피다				사회생활	사회 활동
중급	보상	명사	보상을 받다				정치와 행정	사법 및 치안 행위
중급	보상	명사	보상을 청구하다				정치와 행정	사법 및 치안 행위
고급	보상	명사	피해 보상			사회문제		
고급	보상금	명사	보상금을 타다	배상금		사회문제	경제생활	경제 수단
중급	보석	명사	보석이 반짝이다			복장 표현하기		
고급	보수	명사	보수 정당		진보	정치		
중급	보수	명사	보수를 받다			직장생활	경제생활	경제 수단
고급	보수	명사	보수 공사			주거 생활		
고급	보수적01∙|보수적	관형사∙명사	보수적 태도		진보적01|진보적02	정치	인간	성격
중급	보안	명사	보안 점검			공공기관 이용하기	정치와 행정	사법 및 치안 행위
고급	보약	명사	보약을 먹다			보건과 의료	식생활	음식
중급	보완	명사	문제점 보완					
고급	보유	명사	주택을 보유하다					
고급	보육	명사	보육 교사			교육	삶	삶의 행위
고급	보육원	명사	보육원에서 자라다	고아원		사회제도		
초급	보이다	동사	산이 보이다			길찾기	인간	감각
초급	보이다	동사	비싸 보이다				인간	인지 행위
초급	보이다	동사	사진을 보이다			길찾기		
고급	보일러	명사	보일러를 틀다			건축	주생활	생활용품
고급	보자기	명사	보자기에 싸다				주생활	생활용품
고급	보잘것없다	형용사	보잘것없는 신세				개념	성질
중급	보장	명사	원금 보장					
중급	보전	명사	생태계 보전			환경문제		
중급	보조	명사	보조를 받다					
중급	보조	명사	보조로 일하다					
고급	보조금	명사	학비 보조금			경제 경영	경제생활	경제 수단
중급	보존	명사	보존 상태			환경문제		
고급	보증	명사	품질 보증			경제 경영		
고급	보증금	명사	전세 보증금			경제 경영	경제생활	경제 수단
중급	보충	명사	보충 수업					
고급	보태다	동사	생활비를 보태다					
초급	보통01/보통	부사/명사	보통 사람	통상02|통상03				
고급	보편적01∙|보편적	관형사∙명사	보편적 현상	일반적01|일반적02		철학, 윤리		
고급	보편화	명사	인터넷의 보편화	일반화		사회제도		
중급	보행자	명사	보행자를 배려하다			교통 이용하기	인간	사람의 종류
중급	보험	명사	보험에 가입하다			직장생활	경제생활	경제 수단
고급	보험료	명사	보험료를 내다			경제 경영	경제생활	경제 수단
중급	보호	명사	자연 보호					
고급	보호자	명사	보호자 동의			보건과 의료		
중급	복	명사	복을 받다					
고급	복구	명사	피해 복구			사회문제		
고급	복권	명사	복권에 당첨되다			경제 경영	경제생활	경제 수단
고급	복귀	명사	원상 복귀				사회생활	사회 활동
중급	복도	명사	건물 복도			집 구하기		
고급	복리	명사	사회의 복리	복지		정치		
고급	복부	명사	복부 운동			보건과 의료	인간	신체 부위
중급	복사	명사	문서 복사			직장생활		
중급	복사기	명사	컬러복사기			직장생활		
중급	복수	명사	복수를 계획하다			감정/기분 표현하기		
고급	복수	명사	복수 지원		단수02			
중급	복숭아	명사	과일			음식 설명하기	식생활	과일
초급	복습	명사	예습과 복습		예습	학교생활	교육	교수 학습 행위
중급	복용	명사	약물 복용			건강	삶	병과 증상
고급	복원	명사	문화재 복원			역사		
초급	복잡하다	형용사	생각이 복잡하다					
초급	복잡하다	형용사	도로가 복잡하다					
고급	복장	명사	간편한 복장	옷차림		외양	의생활	의복 착용 상태
고급	복제	명사	불법 복제			사회문제	사회생활	통신 행위
고급	복종	명사	무조건적 복종			직장생활	사회생활	사회 활동
고급	복지	명사	노후 복지	복리01		사회제도	정치와 행정	정치 및 행정 행위
중급	복통	명사	복통이 심하다	배앓이		건강	삶	병과 증상
고급	복학	명사	휴학과 복학			교육		
고급	복합	명사	복합 기능					
고급	복합적01∙|복합적	관형사∙명사	복합적 감정					
초급	볶다	동사	마늘을 볶다			요리 설명하기	식생활	식사 및 조리 행위
중급	볶음	명사	볶음 멸치			요리 설명하기	식생활	음식
초급	볶음밥	명사	볶음밥을 만들다			음식 주문하기	식생활	음식
고급	본	관형사	본 사건					
고급	본격적01∙|본격적	관형사∙명사	본격적 협상					
고급	본격화	명사	개발의 본격화					
고급	본국	명사	본국으로 돌아가다	자국02			개념	지역
중급	본능	명사	본능에 따르다			성격 표현하기		
고급	본뜨다	동사	디자인을 본뜨다					
중급	본래	명사	본래의 성격	본디		성격 표현하기		
고급	본론	명사	본론을 쓰다			언어		
고급	본명	명사	본명을 밝히다	실명02		인간관계		
고급	본문	명사	본문 내용			언어	교육	학문 용어
고급	본받다	동사	정신을 본받다			교육	사회생활	사회 활동
중급	본부	명사	지휘 본부			직장생활		
고급	본사	명사	본사로 발령이 나다			직장생활	경제생활	경제 행위 장소
고급	본선	명사	본선에 진출하다			스포츠	사회생활	사회 행사
고급	본성	명사	본성을 드러내다			종교	인간	성격
중급	본인01/본인	명사/대명사	본인 명의	당사자		개인정보 교환하기	개념	인칭
고급	본전	명사	본전도 못 찾다	원금		경제 경영	경제생활	경제 수단
중급	본질	명사	삶의 본질					
고급	본질적01∙|본질적	관형사∙명사	본질적 차이			철학, 윤리		
중급	볼	명사	얼굴			건강		
중급	볼거리	명사	볼거리가 많다			여행	삶	병과 증상
중급	볼링	명사	볼링을 치다			취미	삶	여가 활동
중급	볼일	명사	볼일이 생기다	용건|용무		직장생활		
초급	볼펜	명사	빨간색 볼펜			학교생활	교육	학습 관련 사물
초급	봄	명사	계절			날씨와 계절	개념	시간
중급	봉사	명사	봉사 활동					
고급	봉사자	명사	의료 봉사자			종교	사회생활	인간관계
고급	봉우리	명사	봉우리에 오르다	산봉우리		지리정보	자연	지형
중급	봉지	명사	봉지에 넣다			물건사기		
중급	봉지	명사	과자 한 봉지				개념	세는 말
초급	봉투	명사	편지 봉투			학교생활	교육	학습 관련 사물
고급	봐주다	동사	잘못을 봐주다			인간관계		
중급	뵈다	동사	어른을 뵈다				사회생활	사회 활동
초급	뵙다	동사	어른을 뵙다			소개하기(자기소개)	사회생활	사회 활동
중급	부 -	접사	부정확					
고급	부-	접사	부반장					
중급	부01/부	명사/의존명사	우리 부					
중급	부01/부	명사/의존명사	제1 부					
고급	부	접사	중심부					
중급	부	명사	부를 누리다					
고급	부가	명사	부가 기능					
고급	부각	명사	이미지 부각					
고급	부고	명사	신문에 부고를 내다			문화차이	사회생활	소통 수단
고급	부과	명사	세금 부과			사회제도	경제생활	경제 행위
중급	부근	명사	학교 부근			지리정보		
중급	부끄러움	명사	부끄러움을 느끼다	수치		성격 표현하기	인간	감정
중급	부끄러워하다	동사	부끄러워하는 표정			성격 표현하기	인간	감정
중급	부끄러워하다	동사	가난을 부끄러워하다				인간	감정
초급	부끄럽다	형용사	부끄러운 표정			감정/기분 표현하기	인간	감정
초급	부끄럽다	형용사	부끄러운 행동				인간	감정
고급	부닥치다	동사	벽에 부닥치다			사회문제		
고급	부닥치다	동사	반대에 부닥치다					
중급	부담	명사	업무 부담			감정/기분 표현하기		
중급	부담	명사	시선이 부담되다					
고급	부담감	명사	부담감을 느끼다			심리	인간	감정
중급	부담스럽다	형용사	부담스러운 상황			감정/기분 표현하기	인간	감정
고급	부당	명사	부당 해고		$정당하다	직장생활		
중급	부대	명사	육군 부대					
고급	부도	명사	부도가 나다			경제 경영	경제생활	경제 상태
고급	부도나다	동사	부도난 수표			경제 경영	경제생활	경제 상태
고급	부도덕	명사	부도덕 행위			철학, 윤리		
중급	부동산	명사	부동산 거래		동산02	집 구하기		
중급	부동산	명사	부동산에 내놓다	복덕방				
초급	부드럽다	형용사	옷감이 부드럽다			성격 표현하기	개념	성질
초급	부드럽다	형용사	고기가 부드럽다				개념	성질
초급	부드럽다	형용사	인상이 부드럽다				개념	성질
고급	부득이	부사	부득이 취소하다					
고급	부디	부사	부디 건강하세요					
중급	부딪치다	동사	손바닥을 부딪치다			사건, 사고, 재해 기술하기		
중급	부딪치다	동사	어려움에 부딪치다					
중급	부딪히다	동사	차에 부딪히다			사건, 사고, 재해 기술하기		
중급	부딪히다	동사	문제에 부딪히다					
중급	부러워하다	동사	성공을 부러워하다			감정/기분 표현하기	인간	감정
중급	부러지다	동사	뼈가 부러지다			건강		
초급	부럽다	형용사	부러운 마음			감정/기분 표현하기	인간	감정
초급	부르다	동사	친구를 부르다			취미		
초급	부르다	동사	출석을 부르다					
초급	부르다	동사	전화번호를 부르다					
초급	부르다	동사	형님으로 부르다					
초급	부르다	동사	노래를 부르다				삶	여가 활동
초급	부르다	형용사	배가 부르다			감정/기분 표현하기	인간	감각
고급	부르짖다	동사	만세를 부르짖다			사회문제	사회생활	언어 행위
고급	부릅뜨다	동사	눈을 부릅뜨다			심리	인간	신체 행위
고급	부리다	동사	사람을 부려 먹다			사회문제	사회생활	사회 활동
중급	부리다	동사	멋을 부리다				의생활	의복 착용 상태
중급	부리다	동사	욕심을 부리다					
중급	부모	명사	부모를 공경하다	양친|어버이			삶	친족 관계
초급	부모님	명사	부모님께 효도하다			소개하기(가족소개)	삶	친족 관계
중급	부문	명사	미술 부문	분야|영역				
초급	부부	명사	가족	내외02|안팎		소개하기(가족소개)	삶	친족 관계
초급	부분	명사	부분과 전체				개념	정도
중급	부분적01∙부분적	관형사∙명사	부분적 차이				개념	양
고급	부사	명사	부사와 동사			언어	사회생활	말
초급	부산	명사	지명			개인정보 교환하기	개념	지역
중급	부상	명사	발목 부상			건강|#사건, 사고, 재해 기술하기	삶	병과 증상
중급	부서	명사	담당 부서			직장생활		
중급	부서지다	동사	의자가 부서지다			사건, 사고, 재해 기술하기		
고급	부설	명사	부설 기관					
중급	부수다	동사	건물을 부수다			사건, 사고, 재해 기술하기		
고급	부시다	형용사	눈이 부시다				인간	감각
고급	부실	명사	부실 체력			사회문제	인간	체력 상태
고급	부실	명사	부실 공사					
고급	부양	명사	가족 부양			인간관계	삶	삶의 행위
초급	부엌	명사	집	주방		집 구하기	식생활	식생활 관련 장소
고급	부여	명사	가치 부여					
중급	부위	명사	상처 부위			건강		
고급	부유층	명사	부유층 자녀			사회제도	경제생활	경제 상태
고급	부유하다	형용사	집안이 부유하다			사회제도	경제생활	경제 상태
고급	부응	명사	기대에 부응하다			인간관계	사회생활	사회 활동
초급	부인	명사	아내			소개하기(가족소개)	삶	친족 관계
중급	부인	명사	중년 부인			연애와 결혼	삶	친족 관계
고급	부인	명사	사실 부인		시인01	언어	사회생활	언어 행위
고급	부임	명사	대통령 부임			직장생활	사회생활	직장 생활
중급	부자	명사	부자가 닮다			인간관계	삶	친족 관계
초급	부자	명사	자산가	자산가|재산가	빈자		인간	사람의 종류
중급	부작용	명사	부작용이 생기다			건강		
중급	부잣집	명사	으리으리한 부잣집					
초급	부장	명사	부장으로 승진하다			개인정보 교환하기	사회생활	직위
고급	부재	명사	대화의 부재					
중급	부정	명사	부정 입학			공공기관 이용하기		
중급	부정	명사	긍정과 부정		긍정			
중급	부정적01∙부정적	관형사·명사	부정적 태도		긍정적01|긍정적02	성격 표현하기	인간	성격
중급	부정확	명사	부정확한 발음		정확	언어		
초급	부족	명사	산소 부족	모자람00			개념	양
중급	부족	명사	부족 공동체					
중급	부주의	명사	운전 부주의	방심	주의	실수담 말하기		
초급	부지런하다	형용사	부지런한 사람		게으르다	성격 표현하기	인간	태도
중급	부지런히	부사	부지런히 일하다			성격 표현하기	인간	태도
고급	부진	명사	성적 부진			경제 경영	인간	능력
고급	부쩍	부사	부쩍 늘다			경제 경영		
고급	부착	명사	광고 부착	장착				
중급	부채	명사	부채 바람				경제생활	경제 행위
고급	부채	명사	부채를 갚다					
중급	부처	명사	부처의 가르침			문화 비교하기	종교	신앙 대상
고급	부추기다	동사	경쟁심을 부추기다					
고급	부축	명사	부축을 받다			보건과 의료		
중급	부츠	명사	부츠를 신다			복장 표현하기	의생활	모자, 신발, 장신구
고급	부치다	동사	힘에 부치다				인간	능력
초급	부치다	동사	편지를 부치다			공공기관 이용하기(우체국)	사회생활	통신 행위
중급	부치다	동사	전을 부치다	지지다		요리 설명하기	식생활	식사 및 조리 행위
중급	부친	명사	모친과 부친		모친			
초급	부탁	명사	부탁을 드리다			감사하기	사회생활	사회 활동
고급	부패	명사	음식물 부패			사회문제		
고급	부풀다	동사	빵이 부풀다				개념	모양
고급	부풀리다	동사	머리를 부풀리다				개념	모양
중급	부품	명사	자동차 부품			문제 해결하기(분실 및 고장)		
고급	부피	명사	부피를 재다			과학과 기술	개념	모양
고급	부하	명사	부하 직원	수하		정치	사회생활	인간관계
고급	부활	명사	생명의 부활			종교	종교	종교어
고급	부활	명사	제도 부활					
고급	북	명사	북을 치다			예술	문화	음악
중급	북	명사	북으로 향하다	북쪽		지리정보	개념	위치 및 방향
고급	북극	명사	북극 지역			지리정보	개념	지역
고급	북돋다	동사	용기를 북돋다					
고급	북돋우다	동사	용기를 북돋우다					
중급	북미	명사	북미 지역	북아메리카		지리정보	개념	지역
고급	북받치다	동사	슬픔이 북받치다			심리	인간	감정
중급	북부	명사	북부 지방			날씨와 계절|#지리정보	개념	지역
고급	북적거리다	동사	거리가 북적거리다	북적대다|북적북적하다			개념	양
초급	북쪽	명사	방향	북02		위치 표현하기	개념	위치 및 방향
고급	북한	명사	북한 동포	이북		정치	개념	지역
고급	북향	명사	북향 집			건축	개념	위치 및 방향
초급	분	의존명사	아는 분			시간 표현하기	개념	세는 말
고급	분	접사	추가분					
초급	분	의존명사	60분			시간 표현하기	개념	세는 말
고급	분	명사	분을 삭이다					
고급	분간	명사	사물을 분간하다				인간	인지 행위
고급	분기	명사	분기 실적			경제 경영	개념	시간
중급	분노	명사	분노에 차다		희열	감정/기분 표현하기	인간	감정
중급	분단	명사	국토 분단			지리정보		
고급	분담	명사	역할 분담	분임|분장00		직장생활		
중급	분량	명사	분량을 조절하다				개념	양
중급	분류	명사	분류 기준					
중급	분리	명사	공간 분리					
고급	분리수거	명사	쓰레기 분리수거			주거 생활		
중급	분명	부사	분명 맞다					
초급	분명하다	형용사	발음이 분명하다				개념	정도
초급	분명하다	형용사	목표가 분명하다				개념	정도
초급	분명하다	형용사	분명한 사실					
중급	분명히	부사	분명히 기억하다					
고급	분배	명사	소득 분배	배분		경제 경영	경제생활	경제 행위
고급	분별	명사	사리 분별				인간	인지 행위
고급	분분하다	형용사	의견이 분분하다				개념	양
고급	분산	명사	인구 분산			정치		
중급	분석	명사	원인 분석		종합|합성		인간	인지 행위
중급	분수	명사	분수에 맞다					
중급	분수	명사	분수의 물					
초급	분식	명사	분식으로 끼니를 때우다			음식 주문하기	식생활	음식
중급	분실	명사	분실 사고	유실	습득	문제 해결하기(분실 및 고장)		
중급	분실물	명사	분실물 센터	유실물	습득물	문제 해결하기(분실 및 고장)		
중급	분야	명사	경제 분야	부문|영역				
고급	분열	명사	내부 분열			역사	사회생활	사회 생활 상태
초급	분위기	명사	어색한 분위기					
초급	분위기	명사	동네 분위기					
초급	분위기	명사	지적인 분위기					
고급	분유	명사	분유를 먹이다			주거 생활	식생활	음료
고급	분쟁	명사	분쟁을 해결하다			사회문제	사회생활	사회 활동
고급	분주하다	형용사	분주한 아침		한가하다		삶	삶의 상태
고급	분출	명사	가스 분출			환경문제		
고급	분출	명사	감정 분출					
중급	분포	명사	인구 분포			지리정보		
중급	분필	명사	분필로 쓰다	백묵		학교생활	교육	학습 관련 사물
고급	분하다	형용사	진 것이 분하다			심리	인간	감정
고급	분해	명사	지방 분해			환경문제		
초급	분홍색	명사	색	분홍|핑크			개념	색깔
중급	불 -	접사	불가능					
초급	불	명사	불에 태우다				주생활	가사 행위
초급	불	명사	불을 켜다					
중급	불가	명사	반칙 불가				인간	능력
중급	불가	명사	관람 불가		가02			
중급	불가능	명사	불가능한 일			직업과 진로	인간	능력
고급	불가사의	명사				역사		
중급	불가피하다	형용사	불가피한 선택					
고급	불경	명사	불경을 읽다			종교	종교	종교 활동 도구
고급	불경기	명사	불경기를 극복하다	불황	호경기	경제 경영	경제생활	경제 상태
초급	불고기	명사	음식			음식 주문하기	식생활	음식
고급	불과	부사	불과 나흘 전					
고급	불과하다	형용사	절반에 불과하다					
중급	불교	명사	불교 신자			문화 비교하기	종교	종교 유형
중급	불구하다	동사	그럼에도 불구하고					
중급	불규칙	명사	불규칙한 생활					
중급	불균형	명사	영양 불균형					
고급	불길	명사	불길에 휩싸이다			사회문제		
고급	불길하다	형용사	불길한 느낌		길하다	심리	인간	감정
중급	불꽃	명사	불꽃이 타오르다					
고급	불꽃놀이	명사	불꽃놀이를 구경하다			여가생활	삶	여가 활동
초급	불다	동사	바람이 불다			날씨와 계절	자연	기상 및 기후
초급	불다	동사	피리를 불다				삶	여가 활동
고급	불량	명사	불량 청소년		선량	사회문제	개념	성질
고급	불량품	명사	불량품을 교환하다		우량품00	경제 경영		
고급	불러내다	동사	친구를 불러내다		불러들이다		사회생활	사회 활동
고급	불러들이다	동사	집으로 불러들이다		불러내다		사회생활	사회 활동
고급	불러오다	동사	사람을 불러오다				사회생활	사회 활동
고급	불러오다	동사	갈등을 불러오다					
중급	불러일으키다	동사	관심을 불러일으키다					
중급	불리	명사	불리한 입장		유리			
고급	불리다	동사	이름이 불리다			언어	사회생활	언어 행위
중급	불리다	동사	쌀을 불리다					
중급	불리다	동사	재산을 불리다					
중급	불만	명사	불만을 말하다	불만족		직장생활	인간	감정
중급	불만족	명사	불만족한 표정	불만		직장생활	인간	감정
중급	불만족스럽다	형용사	서비스가 불만족스럽다	불만스럽다	만족스럽다	직장생활	인간	감정
고급	불면증	명사	불면증을 겪다			보건과 의료	삶	병과 증상
고급	불명	명사	원인 불명			보건과 의료		
고급	불모지	명사	불모지를 개척하다					
중급	불법	명사	불법 주차	비합법			정치와 행정	사법 및 치안 행위
고급	불분명하다	형용사	이유가 불분명하다				개념	성질
중급	불빛	명사	불빛이 비치다					
고급	불상	명사	불상에 절하다	부처01		종교	종교	종교 활동 도구
고급	불성실	명사	태도가 불성실하다		성실	심리	인간	태도
고급	불신	명사	불신이 생기다			심리	인간	인지 행위
초급	불쌍하다	형용사	불쌍한 사람			감정/기분 표현하기	인간	감정
고급	불쑥	부사	불쑥 내밀다					
초급	불안	명사	불안을 느끼다			감정/기분 표현하기	인간	감정
고급	불안감	명사	불안감을 느끼다			심리	인간	감정
고급	불안정	명사	정서적인 불안정			심리		
중급	불어	명사	불어로 말하다				사회생활	말
고급	불어나다	동사	인구가 불어나다					
고급	불어넣다	동사	활력을 불어넣다				인간	신체 행위
중급	불어오다	동사	바람이 불어오다					
중급	불완전	명사	불완전한 상태					
고급	불우	명사	불우 이웃			사회문제	삶	삶의 상태
고급	불의	명사	불의에 맞서다			사회문제		
중급	불이익	명사	불이익을 당하다					
고급	불참	명사	회의 불참	불참석|불참가00		직장생활	사회생활	사회 활동
중급	불충분	명사	서류 불충분				개념	양
고급	불치병	명사	불치병에 걸리다			보건과 의료	삶	병과 증상
중급	불친절	명사	불친절한 가게			성격 표현하기	인간	태도
중급	불쾌	명사	기분이 불쾌하다		유쾌	감정/기분 표현하기	인간	감정
고급	불쾌지수	명사	불쾌지수가 높다			기후	삶	병과 증상
고급	불투명	명사	불투명 유리		투명		개념	성질
초급	불편	명사	불편한 신발		편리	감정/기분 표현하기	주생활	주거 상태
중급	불평	명사	불평을 늘어놓다			인간관계	사회생활	언어 행위
중급	불평등	명사	남녀 불평등					
중급	불필요	명사	불필요한 말					
중급	불행	명사	불행한 사람				삶	삶의 상태
고급	불행히	부사	불행히 살다				삶	삶의 상태
고급	불화	명사	가족 불화		친화	인간관계	사회생활	사회 생활 상태
중급	불확실	명사	불확실한 미래					
고급	불황	명사	경기 불황	불경기	호황	경제 경영	경제생활	경제 상태
고급	불효자	명사/대명사	불효자가 되다			인간관계	사회생활	인간관계
초급	붉다	형용사	붉은 입술			외모 표현하기	개념	색깔
고급	붉은색	명사	색	홍색		외양	개념	색깔
고급	붉히다	동사	얼굴을 붉히다					
고급	붐	명사	베이비 붐			경제 경영	사회생활	사회 생활 상태
중급	붐비다	동사	사람들로 붐비다			교통 이용하기		
고급	붓	명사	붓으로 그리다			예술	교육	학습 관련 사물
중급	붓다	동사	얼굴이 붓다			건강	삶	병과 증상
중급	붓다	동사	물을 붓다			요리 설명하기	식생활	식사 및 조리 행위
고급	붕괴	명사	붕괴 위험			사회문제		
고급	붕대	명사	붕대를 감다			보건과 의료	삶	치료 행위
초급	붙다	동사	먼지가 붙다					
초급	붙다	동사	대학에 붙다					
초급	붙다	동사	불이 붙다					
중급	붙들다	동사	팔을 붙들다	붙잡다				
중급	붙들다	동사	도둑을 붙들다	붙잡다				
고급	붙들리다	동사	손목을 붙들리다					
초급	붙이다	동사	우표를 붙이다					
초급	붙이다	동사	불을 붙이다					
중급	붙잡다	동사	치맛자락을 붙잡다	붙들다				
중급	붙잡다	동사	범인을 붙잡다	붙들다				
중급	붙잡히다	동사	범인이 붙잡히다					
중급	뷔페	명사	뷔페에서 식사하다	뷔페식당		음식 설명하기	식생활	식생활 관련 장소
고급	브랜드	명사	유명 브랜드	상표		경제 경영	경제생활	경제 산물
고급	브레이크	명사	브레이크를 밟다				사회생활	교통수단
초급	블라우스	명사	블라우스를 입다			복장 표현하기	의생활	옷 종류
고급	블로그	명사	블로그에 올리다			언론	사회생활	소통 수단
중급	비 -	접사	비공식					
초급	비	명사	비가 오다			날씨와 계절	자연	기상 및 기후
고급	비겁하다	형용사	비겁한 변명			심리	인간	태도
중급	비결	명사	건강 비결			직장생활		
고급	비관	명사	비관에 빠지다		낙관02	심리		
고급	비관적01∙|비관적	관형사∙명사	비관적 생각		낙관적01|낙관적02	심리	인간	태도
초급	비교	명사	비교 대상					
중급	비교적01/ 비교적02∙비교적	부사/관형사·명사	비교적 가깝다					
고급	비굴하다	형용사	비굴한 행동			심리	인간	태도
중급	비극	명사	비극 배우					
고급	비극적01∙|비극적	관형사∙명사	비극적 운명					
중급	비기다	동사	경기에서 비기다			취미		
고급	비기다	동사	비길 데가 없다			스포츠	사회생활	언어 행위
중급	비난	명사	비난을 받다			인간관계	사회생활	언어 행위
초급	비누	명사	비누로 씻다			집 구하기	주생활	생활용품
중급	비닐	명사	비닐로 싸다					
초급	비다	동사	자리가 비다		차다01		개념	양
초급	비다	동사	시간이 비다					
고급	비단	부사	비단 -이 아니다					
고급	비둘기	명사	새				동식물	동물류
초급	비디오	명사	비디오를 빌리다	비디오테이프		취미		
초급	비디오	명사	비디오 한 대				사회생활	매체
고급	비뚤어지다	동사	글씨가 비뚤어지다				개념	모양
고급	비례	명사	비례 관계					
고급	비례	명사	남녀의 비례	비03				
중급	비로소	부사	비로소 깨닫다					
중급	비록	부사	비록 가난하지만					
중급	비롯되다	동사	경험에서 비롯되다					
중급	비롯하다	동사	비롯한 일					
고급	비료	명사	비료를 뿌리다			환경문제		
고급	비리	명사	비리를 저지르다	부조리		사회문제	정치와 행정	사법 및 치안 행위
고급	비리다	형용사	비린 냄새			식문화	식생활	맛
중급	비만	명사	하체 비만			건강	삶	병과 증상
중급	비명	명사	비명을 지르다				인간	신체 행위
초급	비밀	명사	비밀을 지키다					
중급	비밀번호	명사	비밀번호를 누르다			컴퓨터와 인터넷		
고급	비밀스럽다	형용사	비밀스러운 이야기					
중급	비바람	명사	비바람이 몰아치다			날씨와 계절	자연	기상 및 기후
고급	비방	명사	비방과 욕설			정치	사회생활	언어 행위
중급	비법	명사	요리 비법	비방		요리 설명하기		
중급	비비다	동사	눈을 비비다				인간	신체 행위
중급	비비다	동사	밥을 비비다			요리 설명하기	식생활	식사 및 조리 행위
중급	비비다	동사	두 손을 비비다					
초급	비빔밥	명사	음식			음식 주문하기	식생활	음식
고급	비상	명사	새의 비상			정치		
중급	비상	명사	비상 대책					
중급	비상하다	형용사	비상한 각오					
중급	비상하다	형용사	비상한 능력				인간	능력
중급	비상구	명사	비상구로 대피하다			사건, 사고, 재해 기술하기		
고급	비상금	명사	비상금을 모으다			경제 경영		
고급	비상약	명사	비상약을 준비하다			보건과 의료		
고급	비서	명사	비서로 일하다			직장생활	사회생활	직업
고급	비속어	명사	언어	속어		언어	사회생활	말
고급	비스듬히	부사	비스듬히 눕다				개념	모양
초급	비슷하다	형용사	외모가 비슷하다	근사하다		외모 표현하기	개념	모양
초급	비싸다	형용사	비싼 물건		싸다03	물건사기	경제생활	경제 상태
고급	비약적01∙|비약적	관형사∙명사	비약적 성장			역사		
고급	비염	명사	비염에 걸리다			보건과 의료	삶	병과 증상
중급	비용	명사	비용을 지불하다			여행	경제생활	경제 수단
중급	비우다	동사	휴지통을 비우다			음식 설명하기		
중급	비우다	동사	가게를 비우다					
중급	비웃다	동사	비웃는 말투	웃다		인간관계	사회생활	언어 행위
고급	비웃음	명사	비웃음을 사다	조소02		심리	인간	태도
고급	비위	명사	비위가 약하다				인간	신체 부위
중급	비유	명사	비유로 설명하다			언어	사회생활	언어 행위
고급	비유적01∙|비유적	관형사∙명사	비유적 표현			언어		
중급	비율	명사	비율이 증가하다				개념	정도
중급	비자	명사	비자를 연장하다	사증		여행		
고급	비전	명사	기업의 비전			정치		
고급	비정상적	관형사∙명사	비정상적인 사람			정치		
고급	비좁다	형용사	방이 비좁다			주거 생활	개념	모양
중급	비중	명사	비중을 차지하다					
고급	비참하다	형용사	비참한 기분			심리		
중급	비추다	동사	조명이 비추다					
중급	비치다	동사	달빛이 비치다					
중급	비키다	동사	옆으로 비키다					
중급	비타민	명사	비타민을 섭취하다			건강		
중급	비틀거리다	동사	비틀거리며 걷다	비틀대다|비틀비틀하다			인간	신체 행위
중급	비판	명사	잘못을 비판하다	비평|평론		인간관계	사회생활	언어 행위
중급	비판적01∙비판적	관형사∙명사	비판적 사고	비평적00		성격 표현하기	인간	성격
고급	비평	명사	영화 비평	비판|평론		예술	사회생활	언어 행위
고급	비품	명사	사무실 비품			직장생활		
고급	비하	명사	직업 비하				사회생활	언어 행위
중급	비하다	동사	비할 수 없다					
중급	비행	명사	비행 스케줄			교통 이용하기		
초급	비행기	명사	비행기를 타다			교통 이용하기	사회생활	교통수단
중급	비행장	명사	비행장에 도착하다			교통 이용하기	사회생활	교통 이용 장소
고급	빈곤	명사	빈곤 아동	곤궁|빈궁00		경제 경영	경제생활	경제 상태
고급	빈도	명사	빈도가 높다	빈도수00		과학과 기술	개념	빈도
고급	빈둥거리다	동사	집에서 빈둥거리다	빈둥빈둥하다|빈둥대다			인간	태도
고급	빈민	명사	빈민 계층	영세민		사회문제	경제생활	경제 상태
고급	빈번하다	형용사	고장이 빈번하다				개념	빈도
고급	빈부	명사	빈부 격차			사회문제	경제생활	경제 상태
고급	빈소	명사	빈소에 조문하다			문화차이	삶	가족 행사
고급	빈약	명사	내용이 빈약하다					
중급	빈자리	명사	빈자리에 앉다	공석02		교통 이용하기		
고급	빈칸	명사	빈칸을 채우다	공란		언어		
고급	빈털터리	명사	빈털터리 신세			경제 경영	경제생활	경제 상태
고급	빈틈	명사	빈틈 사이					
고급	빈틈	명사	빈틈이 있는 사람					
고급	빈틈없다	형용사	빈틈없는 일정					
고급	빈틈없다	형용사	빈틈없는 성격				인간	성격
고급	빈틈없이	부사	빈틈없이 채우다				인간	태도
고급	빈틈없이	부사	빈틈없이 일하다					
고급	빈혈	명사	빈혈을 치료하다	빈혈증		보건과 의료	삶	병과 증상
중급	빌다	동사	소원을 빌다					
중급	빌다	동사	잘못을 빌다					
고급	빌다	동사	밥을 빌다					
초급	빌딩	명사	빌딩을 짓다			집 구하기	주생활	건물 종류
초급	빌리다	동사	돈을 빌리다			공공기관 이용하기(도서관)	경제생활	경제 행위
초급	빌리다	동사	일손을 빌리다					
초급	빌리다	동사	표현을 빌리다					
중급	빗	명사	빗으로 빗다	머리빗		외모 표현하기	의생활	미용 행위
고급	빗기다	동사	머리를 빗기다			외양	의생활	미용 행위
고급	빗나가다	동사	화살이 빗나가다					
중급	빗다	동사	머리를 빗다			외모 표현하기	의생활	미용 행위
중급	빗물	명사	빗물이 떨어지다			날씨와 계절		
중급	빗방울	명사	빗방울이 떨어지다			날씨와 계절	자연	기상 및 기후
고급	빗줄기	명사	빗줄기가 떨어지다			기후	자연	기상 및 기후
고급	빙산	명사	빙산이 녹다			환경문제	자연	지형
고급	빙수	명사	빙수를 먹다			식문화	식생활	음식
고급	빙하	명사	빙하가 녹다			환경문제	자연	지형
중급	빚	명사	빚을 갚다				경제생활	경제 수단
중급	빚다	동사	도자기를 빚다					
고급	빚어지다	동사	그릇이 빚어지다					
중급	빛	명사	형광등 빛	광02			개념	밝기
중급	빛	명사	녹색 빛				개념	밝기
중급	빛	명사	반성하는 빛					
중급	빛깔	명사	빛깔이 곱다	색깔|색채		복장 표현하기	개념	색깔
중급	빛나다	동사	별빛이 빛나다				개념	밝기
중급	빛나다	동사	빛나는 업적					
고급	빛내다	동사	나라를 빛내다			경제 경영	개념	밝기
고급	빠듯하다	형용사	일정이 빠듯하다			경제 경영	경제생활	경제 상태
중급	빠뜨리다	동사	바다에 빠뜨리다	빠트리다	건지다	실수담 말하기		
중급	빠뜨리다	동사	어려움에 빠뜨리다	빠트리다	건지다	실수담 말하기		
중급	빠뜨리다	동사	준비물을 빠뜨리다	빠트리다				
초급	빠르다	형용사	걸음이 빠르다		느리다		개념	속도
중급	빠져나가다	동사	감옥에서 빠져나가다					
중급	빠져나오다	동사	몰래 빠져나오다					
중급	빠지다	동사	앞니가 빠지다					
중급	빠지다	동사	때가 빠지다					
중급	빠지다	동사	모임에서 빠지다					
중급	빠지다	동사	살이 빠지다					
초급	빠지다	동사	강에 빠지다					
초급	빠지다	동사	사랑에 빠지다					
중급	빠짐없이	부사	빠짐없이 적다					
고급	빡빡하다	형용사	숲이 나무로 빡빡하다				인간	태도
고급	빤히	부사	빤히 들여다보이다					
초급	빨간색	명사	색				개념	색깔
중급	빨강	명사	색			복장 표현하기	개념	색깔
초급	빨갛다	형용사	코가 빨갛다				개념	색깔
중급	빨개지다	동사	얼굴이 빨개지다			감정/기분 표현하기	개념	색깔
중급	빨다	동사	사탕을 빨다			음식 설명하기	인간	신체 행위
초급	빨다	동사	옷을 빨다			집안일	주생활	가사 행위
초급	빨래	명사	이불 빨래			집안일	주생활	가사 행위
초급	빨래	명사	빨래를 말리다				주생활	가사 행위
초급	빨리	부사	빨리 걷다				개념	속도
초급	빵	명사	빵을 먹다			음식 주문하기	식생활	음식
초급	빵집	명사	빵집에서 일하다			음식 주문하기	식생활	식생활 관련 장소
고급	빼내다	동사	벽에서 못을 빼내다					
중급	빼놓다	동사	책을 빼놓다					
중급	빼놓다	동사	기운을 빼놓다					
초급	빼다	동사	못을 빼다					
초급	빼다	동사	숫자를 빼다				개념	수
초급	빼다	동사	살을 빼다				인간	신체 변화
고급	빼돌리다	동사	정보를 빼돌리다			사회문제		
중급	빼앗기다	동사	돈을 빼앗기다					
중급	빼앗기다	동사	마음을 빼앗기다					
중급	빼앗다	동사	돈을 빼앗다					
중급	빼앗다	동사	마음을 빼앗다					
고급	뺏기다	동사	가방을 뺏기다				사회생활	사회 활동
중급	뺏다	동사	돈을 뺏다					
중급	뺏다	동사	마음을 뺏다					
고급	뺑소니	명사	뺑소니를 치다			사회문제	정치와 행정	사법 및 치안 행위
중급	뺨	명사	뺨을 꼬집다			건강	인간	신체 부위
고급	뺨치다	동사	어른 뺨치다				인간	능력
고급	뻔뻔하다	형용사	뻔뻔한 태도					
고급	뻔하다	형용사	뻔한 거짓말					
고급	뻔히	부사	뻔히 보이다					
중급	뻗다	동사	가지가 뻗다					
중급	뻗다	동사	다리를 뻗다					
고급	뻗치다	동사	가지를 뻗치다					
고급	뻘뻘	부사	땀을 뻘뻘 흘리다					
중급	뼈	명사	동물의 뼈	골03		건강	인간	신체 내부 구성
중급	뽀뽀	명사	볼에 뽀뽀하다				인간	신체에 가하는 행위
고급	뽐내다	동사	실력을 뽐내다				인간	태도
초급	뽑다	동사	흰머리를 뽑다					
초급	뽑다	동사	당선작을 뽑다					
초급	뽑다	동사	대통령을 뽑다					
초급	뽑다	동사	돈을 뽑다					
초급	뽑다	동사	커피를 뽑다					
중급	뽑히다	동사	머리카락이 뽑히다					
중급	뽑히다	동사	반장으로 뽑히다					
고급	뾰족하다	형용사	뾰족한 바늘			외양	개념	모양
고급	뿌듯하다	형용사	마음이 뿌듯하다			심리	인간	감정
중급	뿌리	명사	나무의 뿌리				동식물	식물의 부분
고급	뿌리내리다	동사	땅에 뿌리내리다					
중급	뿌리다	동사	물을 뿌리다					
중급	뿌리치다	동사	손을 뿌리치다			인간관계		
중급	뿌리치다	동사	유혹을 뿌리치다					
고급	뿔	명사	사슴 뿔				동식물	동물의 부분
고급	뿜다	동사	물을 뿜다				인간	신체 행위
고급	뿜어내다	동사	연기를 뿜어내다				인간	신체 행위
중급	삐다	동사	발목을 삐다			건강|#사건, 사고, 재해 기술하기	삶	병과 증상
초급	사01/사	수사/관형사	숫자				개념	수
고급	사각지대	명사	사각지대에 숨다			사회문제		
고급	사각지대	명사	안전의 사각지대					
고급	사각형	명사	사각형 모양	네모|사각02				
초급	사거리	명사	사거리를 건너다	네거리		길찾기	사회생활	교통 이용 장소
중급	사건	명사	사건이 발생하다			사건, 사고, 재해 기술하기		
고급	사격	명사	권총 사격			사회문제	정치와 행정	무기
초급	사계절	명사	사계절이 뚜렷하다	사철		날씨와 계절	개념	시간
초급	사고	명사	사고가 나다			병원 이용하기	사회생활	교통 이용 행위
고급	사고	명사	사고 능력			철학, 윤리	인간	인지 행위
고급	사고력	명사	사고력을 기르다			교육	인간	인지 행위
중급	사고방식	명사	사고방식이 다르다				인간	인지 행위
고급	사공	명사	사공의 배	뱃사공			사회생활	직업
초급	사과	명사	과일			음식 주문하기	식생활	과일
중급	사과	명사	잘못을 사과하다			인간관계	사회생활	언어 행위
고급	사교	명사	사교 모임			인간관계	사회생활	사회 활동
고급	사교육	명사	사교육 시장			교육	교육	교수 학습 행위
고급	사교육비	명사	사교육비 부담			교육		
중급	사교적01∙ 사교적	관형사∙명사	사교적 성격			인간관계	인간	성격
초급	사귀다	동사	친구를 사귀다				사회생활	사회 활동
고급	사극	명사	사극을 보다	역사극00		역사	문화	대중문화
고급	사기	명사	사기를 높이다			사회문제	인간	감정
중급	사기	명사	사기를 치다			사건, 사고, 재해 기술하기		
중급	사나이	명사	씩씩한 사나이			인간관계	인간	사람의 종류
고급	사납다	형용사	성질이 사납다			심리	인간	성격
중급	사내	명사	사내 녀석			인간관계	인간	사람의 종류
중급	사냥	명사	토끼 사냥	수렵		취미		
초급	사다	동사	물건을 사다		팔다		경제생활	경제 행위
초급	사다	동사	저녁을 사다				경제생활	경제 행위
중급	사들이다	동사	물건을 사들이다					
중급	사라지다	동사	사람들이 사라지다					
초급	사람	명사	사람과 동물	인간		소개하기(자기소개)	인간	사람의 종류
초급	사람	명사	고향 사람				인간	사람의 종류
초급	사랑	명사	사랑에 빠지다			감정/기분 표현하기	인간	감정
중급	사랑스럽다	형용사	사랑스러운 아기			성격 표현하기	인간	감정
중급	사례	명사	성공 사례					
중급	사로잡다	동사	짐승을 사로잡다					
중급	사로잡다	동사	마음을 사로잡다					
고급	사로잡히다	동사	적에게 사로잡히다				인간	인지 행위
고급	사로잡히다	동사	걱정에 사로잡히다					
고급	사리	명사	사리 분별			종교		
중급	사립	명사	사립 학교	민립00		학교생활		
중급	사막	명사	사막 지역			지리정보	자연	지형
중급	사망	명사	사망 소식		출생	개인정보 교환하기	삶	삶의 행위
고급	사면초가	명사				사회문제		
중급	사무	명사	사무 담당			직장생활	사회생활	직장 생활
중급	사무소	명사	개인 사무소			공공기관 이용하기		
초급	사무실	명사	사무실에 출근하다			학교생활	사회생활	직장 생활
고급	사무적01∙|사무적	관형사∙명사	사무적인 말투			언어		
중급	사무직	명사	사무직에 종사하다			직업과 진로	사회생활	직업
중급	사물	명사	사물을 그리다					
고급	사물놀이	명사	사물놀이 공연			문화차이	문화	전통문화
고급	사뭇	부사	사뭇 다르다					
중급	사방	명사	사방을 살피다			지리정보	개념	위치 및 방향
고급	사법	명사	사법 기관			정치	정치와 행정	사법 및 치안 행위
고급	사법부	명사	기관			사회제도	정치와 행정	정치 및 행정 주체
고급	사복	명사	사복을 입다	평복		교육	의생활	옷 종류
고급	사사건건01/|사사건건	명사/부사	사사건건 간섭하다	사사건건이00				
중급	사상	명사	사상 최초	역사상			개념	시간
고급	사상	명사	사상의 자유			철학, 윤리	인간	인지 행위
고급	사상가	명사	계몽주의 사상가			철학, 윤리		
고급	사상누각	명사				철학, 윤리		
고급	사색	명사	사색에 잠기다					
중급	사생활	명사	사생활 간섭			직장생활		
중급	사설	명사	신문 사설					
중급	사소하다	형용사	사소한 문제					
고급	사슬	명사	사슬을 끊다	쇠사슬				
고급	사슴	명사	동물			환경문제	동식물	동물류
고급	사시사철	명사	사시사철 아름답다				개념	시간
초급	사실01/사실	명사/부사	사실을 밝히다	정말01|정말02|참말01|참말02				
고급	사실상01/|사실상	명사/부사	사실상 끝나다	사실02				
고급	사실적01∙|사실적	관형사∙명사	사실적 묘사					
초급	사십01/사십	수사/관형사	숫자				개념	수
고급	사양	명사	선물을 사양하다				사회생활	사회 활동
초급	사업	명사	유통 사업	비즈니스		소개하기(자기소개)	경제생활	경제 행위
중급	사업가	명사	사업가로서 성공하다	사업자		직업과 진로	경제생활	경제 행위 주체
중급	사업자	명사	사업자 등록	사업가		직업과 진로	경제생활	경제 행위 주체
고급	사업주	명사	사업주 모집			경제 경영	경제생활	경제 행위 주체
고급	사업체	명사	사업체 규모			경제 경영	경제생활	경제 행위 장소
중급	사연	명사	사연을 보내다					
초급	사용	명사	사용 방법					
중급	사용법	명사	사용법을 설명하다			건강		
중급	사용자	명사	사용자 확대	사용인		컴퓨터와 인터넷	인간	사람의 종류
중급	사우나	명사	사우나로 땀을 내다					
고급	사원	명사	신입 사원	회사원		직장생활	종교	종교 활동 장소
고급	사원	명사	이슬람 사원			종교		
초급	사월	명사	달			날짜 표현하기	개념	시간
중급	사위	명사	가족				삶	친족 관계
고급	사유	명사	사유를 밝히다			직장생활		
고급	사은품	명사	사은품 증정			대중문화	경제생활	경제 수단
초급	사이	명사	사이에 끼다			위치 표현하기	개념	위치 및 방향
초급	사이	명사	연인 사이				사회생활	인간관계
초급	사이다	명사	사이다를 마시다			음식 주문하기	식생활	음료
중급	사이버	명사	사이버 공간			컴퓨터와 인터넷		
중급	사이좋다	형용사	사이좋은 형제			인간관계		
초급	사이즈	명사	신발 사이즈			복장 표현하기	개념	모양
중급	사이트	명사	사이트에 접속하다			컴퓨터와 인터넷		
중급	사인	동사	계약서에 사인하다			물건사기		
중급	사인	동사	사인을 보내다				사회생활	소통 수단
중급	사자	명사	동물				동식물	동물류
고급	사자성어	명사	사자성어를 외우다			언어	사회생활	말
초급	사장	명사	회사 사장			개인정보 교환하기	사회생활	직위
중급	사적01∙사적	관형사∙명사	사적인 생활		공적01|공적02	직장생활	사회생활	사회 활동
중급	사전	명사	사전 준비		사후01		개념	시간
초급	사전	명사	사전을 찾다			학교생활	교육	학습 관련 사물
중급	사전	명사	백과사전				교육	학습 관련 사물
중급	사정	명사	집안 사정					
중급	사정	명사	도와달라고 사정하다					
고급	사지	명사	사지를 뻗다				인간	신체 부위
초급	사진	명사	졸업 사진			취미	문화	예술
중급	사진관	명사	사진관을 운영하다					
중급	사진첩	명사	사진첩에 보관하다	앨범		주말 및 휴가		
중급	사촌	명사	사촌 언니				삶	친족 관계
중급	사춘기	명사	사춘기 소녀				개념	시간
고급	사치	명사	사치를 부리다			외양		
고급	사치스럽다	형용사	사치스러운 생활			외양		
초급	사탕	명사	사탕을 먹다	캔디		음식 주문하기	식생활	음식
중급	사태	명사	위기 사태					
고급	사퇴	명사	자진 사퇴			정치	사회생활	사회 활동
중급	사투리	명사	사투리를 쓰다	방언|시골말00				
중급	사표	명사	사표를 내다			직장생활	사회생활	직장 생활
고급	사필귀정	명사				철학, 윤리		
중급	사항	명사	주의 사항					
고급	사형	명사	사형을 선고하다			사회문제	정치와 행정	사법 및 치안 행위
고급	사회	명사	결혼식의 사회			대중문화		
중급	사회	명사	상류 사회					
중급	사회	명사	사회에 진출하다					
중급	사회생활	명사	사회생활에 적응하다			직장생활		
중급	사회자	명사	사회자가 질문하다	사회01		대중매체	인간	사람의 종류
중급	사회적01∙사회적	관형사∙명사	사회적 문제			인간관계	사회생활	사회 활동
고급	사회주의	명사	사회주의 체제			정치	정치와 행정	정치 및 치안 상태
고급	사후	명사	사후 대책		사전01	종교	개념	시간
초급	사흘	명사	사흘 동안	사흗날		날짜 표현하기	개념	시간
고급	삭막하다	형용사	삭막한 세상					
중급	삭제	명사	파일 삭제		첨가	컴퓨터와 인터넷		
고급	산	접사	국내산			경제 경영	경제생활	경제 행위
초급	산	명사	산에 오르다			여행	자연	지형
고급	산간	명사	산간 지역	산골		지리정보	자연	지형
고급	산골	명사	산골 마을	산간		지리정보	자연	지형
중급	산길	명사	산길을 걷다			지리정보	자연	지형
중급	산꼭대기	명사	산꼭대기에 오르다	정상		지리정보	자연	지형
고급	산더미	명사	산더미처럼 쌓이다				개념	양
고급	산뜻하다	형용사	기분이 산뜻하다					
고급	산림	명사	산림 보호			환경문제		
고급	산만하다	형용사	태도가 산만하다			심리		
고급	산맥	명사	태백산맥			지리정보	자연	지형
고급	산모	명사	산모를 돌보다			보건과 의료	인간	사람의 종류
고급	산물	명사	바다의 산물	소산				
중급	산불	명사	산불 예방			사건, 사고, 재해 기술하기		
고급	산사태	명사	산사태가 나다			사회문제	자연	재해
고급	산성	명사	산성 물질			과학과 기술	교육	학문 용어
고급	산성비	명사	산성비가 내리다			환경문제	자연	재해
고급	산소	명사	조상의 산소			문화차이		
고급	산소	명사	산소를 마시다			과학과 기술	교육	학문 용어
중급	산속	명사	산속에 들어가다	산중		지리정보	자연	지형
중급	산업	명사	자동차 산업			직업과 진로		
고급	산업화	명사	산업화 시대			경제 경영		
초급	산책	명사	공원 산책	산보		취미	삶	여가 활동
고급	산하	명사	교육부 산하			직장생활		
초급	살	명사	살이 찌다			외모 표현하기	인간	신체 부위
초급	살	의존명사	세 살			소개하기(가족소개)	개념	세는 말
고급	살균	명사	살균 처리	멸균		보건과 의료		
고급	살금살금	부사	살금살금 다가가다				개념	모양
초급	살다	동사	오래 살다		죽다01	소개하기(자기소개)	삶	삶의 행위
초급	살다	동사	서울에 살다			소개하기(자기소개)	삶	삶의 행위
초급	살다	동사	남편과 살다					
중급	살리다	동사	목숨을 살리다		죽이다			
중급	살리다	동사	기억을 살리다		죽이다			
중급	살리다	동사	경제를 살리다		죽이다			
중급	살림	명사	살림을 차리다	살림살이		집 구하기		
중급	살림	명사	살림이 어렵다	살림살이		집 구하기		
고급	살며시	부사	살며시 웃다				개념	모양
중급	살아가다	동사	하루하루 살아가다				삶	일상 행위
중급	살아나다	동사	겨우 살아나다					
중급	살아남다	동사	전쟁에서 살아남다			사건, 사고, 재해 기술하기		
중급	살아오다	동사	간신히 살아오다			사건, 사고, 재해 기술하기		
중급	살인	명사	살인을 저지르다	살해		사건, 사고, 재해 기술하기		
중급	살짝	부사	살짝 움직이다					
중급	살찌다	동사	살찐 몸			외모 표현하기	인간	신체 변화
중급	살펴보다	동사	주위를 살펴보다				인간	인지 행위
중급	살피다	동사	주위를 살피다					
고급	살해	명사	살해 용의자	살인		사회문제	정치와 행정	사법 및 치안 행위
중급	삶	명사	삶을 누리다	생	죽음	연애와 결혼		
중급	삶다	동사	국수를 삶다			요리 설명하기	주생활	가사 행위
초급	삼01/삼	수사/관형사	삼 년				개념	수
고급	삼가다	동사	말을 삼가다					
고급	삼각형	명사	삼각형 모양					
초급	삼거리	명사	삼거리 모퉁이	세거리		길찾기	사회생활	교통 이용 장소
초급	삼겹살	명사	음식			음식 주문하기	식생활	식재료
초급	삼계탕	명사	음식			음식 주문하기	식생활	음식
중급	삼다	동사	며느리로 삼다				사회생활	사회 활동
중급	삼다	동사	재미로 삼다					
고급	삼림욕	명사	삼림욕을 즐기다	산림욕00		여가생활	삶	여가 활동
고급	삼복더위	명사	삼복더위에 시달리다	복더위		기후		
고급	삼삼오오	명사				인간관계		
초급	삼십01/삼십	수사/관형사	숫자				개념	수
초급	삼월	명사	달			날짜 표현하기	개념	시간
초급	삼촌	명사	친척			소개하기(가족소개)	삶	친족 관계
중급	삼키다	동사	음식을 삼키다			음식 설명하기	인간	신체 행위
중급	상	명사	상과 하				개념	위치 및 방향
고급	상	접사	사실상					
중급	상	명사	상을 차리다					
고급	상	명사	상을 당하다				삶	가족 행사
초급	상	명사	상을 받다			학교생활	교육	교수 학습 행위
중급	상가	명사	상가 건물			물건사기		
고급	상갓집	명사	상갓집에 가다			문화차이	삶	가족 행사
고급	상거래	명사	전자 상거래			경제 경영	경제생활	경제 행위
고급	상견례	명사	상견례 날짜			인간관계	삶	가족 행사
중급	상관	명사	나와 상관 없는 일					
중급	상관	명사	쓸데없이 상관하다					
중급	상관없다	형용사	상관없는 문제	관계없다				
중급	상관없이	부사	나이에 상관없이	관계없이				
중급	상금	명사	상금을 받다					
고급	상냥하다	형용사	상냥한 사람			심리	인간	태도
중급	상담	명사	상담을 받다			인간관계	사회생활	언어 행위
중급	상담실	명사	고객 상담실					
중급	상담원	명사	전화 상담원	카운슬러		직업과 진로	사회생활	직업
고급	상당	명사	백만 원 상당					
고급	상당수	명사	상당수가 참석하다				개념	양
중급	상당하다	형용사	실력이 상당하다				개념	정도
중급	상당히	부사	상당히 잘하다				개념	정도
중급	상대	명사	대화 상대			인간관계		
중급	상대방	명사	상대방의 입장	상대편		인간관계		
중급	상대적01·상대적	관형사·명사	상대적 평가				교육	학문 행위
중급	상대편	명사	상대편 선수	상대방|상대자00|상대측00		인간관계		
중급	상류	명사	상류와 하류			지리정보		
중급	상류	명사	상류 계층			지리정보		
고급	상류층	명사	상류층 모임			사회제도	경제생활	경제 상태
고급	상반	명사	주장이 상반되다				사회생활	사회 생활 상태
중급	상반기	명사	상반기 매출				개념	시간
고급	상반신	명사	상반신과 하반신	상체|윗몸	하반신	보건과 의료	인간	신체 부위
고급	상봉	명사	이산가족 상봉		이별	인간관계	사회생활	사회 활동
고급	상부상조	명사				인간관계	사회생활	사회 활동
중급	상사	명사	직장 상사			직장생활	사회생활	직위
중급	상상	명사	상상의 세계				인간	인지 행위
중급	상상력	명사	상상력이 풍부하다				인간	능력
고급	상세하다	형용사	설명이 상세하다					
고급	상속	명사	재산 상속			경제 경영	사회생활	사회 활동
중급	상승	명사	물가 상승		하강			
고급	상승세	명사	상승세와 하락세	오름세	하락세	경제 경영	경제생활	경제 상태
중급	상식	명사	상식에 어긋나다					
고급	상실	명사	의욕 상실					
고급	상심	명사	상심에 빠지다			심리	인간	감정
중급	상업	명사	상업에 종사하다			직업과 진로		
고급	상업적01∙|상업적	관형사∙명사	상업적 목적			경제 경영	경제생활	경제 상태
고급	상여	명사	상여 행렬			문화차이		
고급	상여금	명사	상여금을 받다			직장생활	경제생활	경제 수단
중급	상영	명사	영화 상영			공연과 감상		
고급	상영관	명사	영화 상영관			대중문화	문화	문화생활 장소
고급	상용	명사	상용한자			경제 경영	경제생활	경제 행위
고급	상위	명사	상위와 하위			교육	개념	위치 및 방향
고급	상위권	명사	상위권에 들다			교육	개념	위치 및 방향
고급	상응	명사	상응 관계				사회생활	사회 활동
고급	상의	명사	가족들과 상의하다			인간관계	사회생활	언어 행위
고급	상이하다	형용사	상이한 방식				개념	모양
고급	상인	명사	노점 상인	장수01		경제 경영	경제생활	경제 행위 주체
초급	상자	명사	상자에 넣다	박스				
초급	상자	명사	과자 두 상자	박스			개념	세는 말
고급	상장	명사	상장을 수여하다			교육	교육	학습 관련 사물
중급	상점	명사	상점의 주인			물건사기	경제생활	경제 행위 장소
고급	상주	명사	상주 직원			직장생활	주생활	주거 행위
중급	상징	명사	평화의 상징					
고급	상차림	명사	명절 상차림			식문화	식생활	식사 및 조리 행위
초급	상처	명사	상처를 치료하다				삶	병과 증상
고급	상체	명사	상체와 하체	상반신|윗몸		보건과 의료	인간	신체 부위
초급	상추	명사	상추를 먹다			음식 주문하기	식생활	채소
중급	상쾌하다	형용사	상쾌한 공기			날씨와 계절|#감정/기분 표현하기		
중급	상태	명사	건강 상태			건강		
고급	상표	명사	유명 상표	브랜드		경제 경영	경제생활	경제 산물
초급	상품	명사	상품을 팔다	물건		물건사기	경제생활	경제 수단
고급	상품권	명사	백화점 상품권			경제 경영	경제생활	경제 수단
중급	상하	명사	위아래				개념	위치 및 방향
중급	상하다	동사	뼈가 상하다			음식 설명하기	삶	병과 증상
중급	상하다	동사	얼굴이 상하다			음식 설명하기	인간	신체 변화
중급	상하다	동사	기분이 상하다			음식 설명하기	인간	감정
고급	상향	명사	상향 이동		하향			
고급	상호01/|상호	명사/부사	상호 이해				사회생활	사회 생활 상태
중급	상황	명사	주변 상황	정세02				
고급	샅샅이	부사	샅샅이 뒤지다					
중급	새	명사	눈 깜짝할 새					
초급	새	명사	동물				동식물	동물류
초급	새	관형사	새 옷					
중급	새기다	동사	이름을 새기다					
고급	새까맣다	형용사	새까만 눈동자			외양	개념	색깔
중급	새끼	명사	새끼 고양이					
중급	새끼	명사	나쁜 새끼					
중급	새다	동사	비가 새다					
중급	새다	동사	날이 새다					
고급	새댁	명사	옆집 새댁			인간관계	인간	사람의 종류
초급	새로	부사	새로 사다	새로이				
중급	새로이	부사	새로이 시작하다	새로				
초급	새롭다	형용사	감회가 새롭다				개념	성질
초급	새벽	명사	새벽 시간			시간 표현하기	개념	시간
초급	새벽	명사	새벽 네 시			시간 표현하기	개념	시간
중급	새삼	부사	새삼 느끼다	새삼스레				
고급	새삼스럽다	형용사	새삼스러운 기분					
고급	새싹	명사	새싹이 돋다	움		환경문제	동식물	식물의 부분
중급	새엄마	명사	새엄마를 맞이하다				삶	친족 관계
고급	새옹지마	명사				직장생활		
중급	새우	명사	새우를 먹다			요리 설명하기	식생활	식재료
중급	새우다	동사	밤을 새우다	밝히다				
중급	새집	명사	새집으로 이사하다			집 구하기		
고급	새콤하다	형용사	맛이 새콤하다			식문화		
고급	새파랗다	형용사	새파란 하늘			외양	개념	색깔
고급	새하얗다	형용사	피부가 새하얗다			외양	개념	색깔
초급	새해	명사	새해 인사	신년		날짜 표현하기	개념	시간
초급	색	명사	색깔				개념	색깔
초급	색깔	명사	색깔이 진하다	빛깔		복장 표현하기	개념	색깔
중급	색다르다	형용사	색다른 기분					
고급	색상	명사	선명한 색상			외양	개념	색깔
고급	색채	명사	화려한 색채	빛깔|색깔		외양	개념	색깔
초급	샌드위치	명사	음식			음식 주문하기	식생활	음식
중급	샌들	명사	샌들을 신다			복장 표현하기	의생활	모자, 신발, 장신구
고급	샘	명사	샘을 파다			지리정보	자연	지형
고급	샘물	명사	샘물을 마시다			지리정보	식생활	음료
고급	생	명사	생과 사	삶	사03	경제 경영	삶	삶의 상태
고급	생-	접사	생고기					
초급	생각	명사	기억				인간	인지 행위
초급	생각	명사	의견				인간	인지 행위
초급	생각나다	동사	아이디어가 생각나다				인간	인지 행위
초급	생각나다	동사	담배가 생각나다				인간	인지 행위
중급	생겨나다	동사	문제가 생겨나다					
고급	생계	명사	생계를 잇다			경제 경영	삶	삶의 상태
중급	생기	명사	생기가 넘치다			외모 표현하기		
초급	생기다	동사	건물이 생기다					
초급	생기다	동사	예쁘게 생기다					
초급	생기다	동사	돈이 생기다					
초급	생기다	동사	문제가 생기다					
중급	생김새	명사	생김새가 예쁘다			외모 표현하기		
중급	생년월일	명사	생년월일을 적다			개인정보 교환하기	개념	시간
고급	생동감	명사	생동감이 넘치다	약동감00		예술	개념	성질
중급	생략	명사	생략 표현					
중급	생머리	명사	곱슬머리			외모 표현하기	의생활	미용 행위
중급	생명	명사	생명 존중					
고급	생명력	명사	생명력이 넘치다			환경문제		
고급	생명체	명사	외계 생명체			환경문제		
고급	생물	명사	동식물	생물체		환경문제		
중급	생방송	명사	생방송 프로그램	생방		대중매체		
고급	생사	명사	생사를 확인하다			사회문제	삶	삶의 상태
중급	생산	명사	대량 생산					
고급	생산량	명사	쌀 생산량			경제 경영	경제생활	경제 상태
고급	생산성	명사	생산성을 높이다			경제 경영	경제생활	경제 상태
고급	생산자	명사	생산자와 소비자			경제 경영	경제생활	경제 행위 주체
고급	생산적01∙|생산적	관형사∙명사	생산적 사고		비생산적01|비생산적02	경제 경영	경제생활	경제 상태
고급	생산지	명사	인삼 생산지			경제 경영	경제생활	경제 행위 장소
중급	생생하다	형용사	기억이 생생하다					
중급	생생하다	형용사	생생한 야채					
중급	생생하다	형용사	생생한 기운					
초급	생선	명사	생선 구이			음식 주문하기	식생활	식재료
고급	생성	명사	우주의 생성			과학과 기술		
고급	생소하다	형용사	생소한 이름					
고급	생수	명사	생수를 마시다			식문화	식생활	음료
초급	생신	명사	생일			가족행사	삶	가족 행사
고급	생애	명사	생애를 마감하다			철학, 윤리		
초급	생일	명사	생일 파티			가족행사	삶	가족 행사
고급	생전01/|생전	명사/부사	생전 처음		사후01	철학, 윤리	개념	시간
중급	생존	명사	생존을 위협하다					
고급	생태	명사	식물의 생태			환경문제		
고급	생태계	명사	생태계를 보호하다			환경문제		
고급	생필품	명사	생필품을 구입하다	생활필수품		경제 경영		
초급	생활	명사	직장 생활					
고급	생활고	명사	생활고를 겪다	생활난		사회문제	경제생활	경제 상태
고급	생활권	명사	생활권이 넓어지다			사회제도		
중급	생활비	명사	생활비를 벌다	생계비		집 구하기	경제생활	경제 수단
중급	생활용품	명사	생활용품을 구입하다			집 구하기		
고급	생활화	명사	에너지 절약의 생활화			경제 경영		
초급	샤워	명사	찬물 샤워				삶	일상 행위
중급	샴푸	명사	샴푸로 머리를 감다			집 구하기	주생활	생활용품
중급	서	명사	방향	서쪽		지리정보	개념	위치 및 방향
고급	서구	명사	서구 문명			문화차이	개념	지역
고급	서글프다	형용사	서글픈 마음			심리	인간	감정
초급	서너	관형사	서너 개				개념	수
중급	서넛	수사	숫자				개념	수
중급	서늘하다	형용사	서늘한 날씨			날씨와 계절	자연	기상 및 기후
중급	서늘하다	형용사	간담이 서늘하다			날씨와 계절	자연	기상 및 기후
초급	서다	동사	똑바로 서다				인간	신체 행위
초급	서다	동사	버스가 서다					
고급	서두	명사	서두가 길다			언어	교육	학문 용어
초급	서두르다	동사	준비를 서두르다			하루생활		
초급	서랍	명사	서랍을 열다			집 구하기	주생활	생활용품
중급	서럽다	형용사	서러운 마음	섧다		감정/기분 표현하기	인간	감정
초급	서로	부사	서로 믿다	상호02				
고급	서론	명사	서론과 본론			언어	교육	학문 용어
초급	서류	명사	서류 접수			학교생활	사회생활	직장 생활
초급	서른02·서른	수사·관형사	숫자				개념	수
고급	서리다	동사	김이 서리다			기후		
고급	서먹하다	형용사	관계가 서먹하다			인간관계		
고급	서면	명사	서면으로 제출하다					
중급	서명	명사	사인					
고급	서민	명사	서민 사회	평민		정치	경제생활	경제 상태
고급	서민적01∙|서민적	관형사∙명사	서민적 음식			정치	경제생활	경제 상태
중급	서부	명사	서부 지역			지리정보	개념	지역
초급	서비스	명사	서비스 정신			소개하기(자기소개)	경제생활	경제 행위
초급	서비스	명사	서비스로 주다					
고급	서비스업	명사	서비스업에 종사하다			직업과 진로	사회생활	직업
중급	서서히	부사	서서히 나타나다	천천히				
고급	서성거리다	동사	주변을 서성거리다	서성대다|서성서성하다			인간	신체 행위
고급	서성이다	동사	주변을 서성이다					
고급	서술	명사	서술 방식			언어	사회생활	언어 행위
고급	서술어	명사	주어와 서술어	술어		언어	교육	학문 용어
고급	서슴없이	부사	서슴없이 말하다				인간	태도
고급	서신	명사	서신을 보내다	편지		언어	사회생활	소통 수단
초급	서양	명사	동양과 서양	구미02			개념	지역
고급	서양식	명사	서양식 건물	양식02		문화차이		
중급	서양인	명사	동양인과 서양인	서구인|양인		문화 비교하기	인간	사람의 종류
고급	서열	명사	서열을 따지다			정치	사회생활	사회 생활 상태
고급	서예	명사	서예 작품			여가생활	문화	예술
중급	서운하다	형용사	헤어지기 서운하다			감정/기분 표현하기	인간	감정
초급	서울	명사	지명			개인정보 교환하기	개념	지역
고급	서재	명사	방	서실00		주거 생활	주생활	주택 구성
중급	서적	명사	전공 서적	책				
초급	서점	명사	대형 서점	책방		물건사기	교육	학교 시설
초급	서쪽	명사	방향	서녘		위치 표현하기	개념	위치 및 방향
중급	서투르다	형용사	서투른 운전					
중급	서툴다	형용사	바느질에 서툴다					
고급	서평	명사	서평을 읽다			예술	사회생활	소통 수단
고급	서향	명사	서향 건물			건축	개념	위치 및 방향
고급	석	접사	관람석					
고급	석	관형사	석 달					
고급	석사	명사	석사 학위			교육	교육	학문 행위
중급	석유	명사	석유 연료				자연	자원
고급	석탄	명사	석탄 연료			환경문제	자연	자원
초급	섞다	동사	카드를 섞다			요리 설명하기	식생활	식사 및 조리 행위
중급	섞이다	동사	재료가 섞이다					
중급	섞이다	동사	애정이 섞인 말					
고급	선	명사	선을 보다			인간관계	사회생활	사회 활동
고급	고대01|중세|근대	명사	선과 악		악03			
중급	선	명사	선을 긋다	라인				
중급	선거	명사	대통령 선거				정치와 행정	정치 및 행정 행위
고급	선고	명사	사망 선고			법	정치와 행정	사법 및 치안 행위
고급	선고	명사	무죄 선고	언도				
고급	선교	명사	선교 활동			종교		
고급	선교사	명사	해외 선교사			종교	종교	종교인
중급	선글라스	명사	선글라스를 끼다			복장 표현하기	의생활	모자, 신발, 장신구
고급	선동적01∙|선동적	관형사∙명사	선동적 행동			정치		
고급	선두	명사	선두 주자	앞장		정치	개념	순서
고급	선뜻	부사	선뜻 응하다	선뜻이00			인간	태도
고급	선명하다	형용사	선명한 사진				개념	밝기
초급	선물	명사	선물을 받다			초대와 방문	사회생활	사회 활동
고급	선박	명사	선박을 제조하다	배02			사회생활	교통수단
고급	선반	명사	선반에 올리다			주거 생활	주생활	생활용품
고급	선발	명사	대표 선발			스포츠	사회생활	사회 활동
초급	선배	명사	선배와 후배		후배	학교생활	사회생활	인간관계
고급	선보이다	동사	작품을 선보이다			경제 경영	사회생활	사회 활동
고급	선불	명사	선불 요금		후불	경제 경영		
고급	선비	명사	선비 정신			역사		
초급	선생님	명사	국어 선생님			소개하기(자기소개)	교육	교수 학습 주체
초급	선선하다	형용사	선선한 날씨			날씨와 계절	자연	기상 및 기후
초급	선수	명사	축구 선수			소개하기(자기소개)	사회생활	직업
중급	선약	명사	선약이 있다			직장생활	사회생활	사회 활동
고급	선언	명사	금연 선언			언어	사회생활	언어 행위
고급	선의	명사	선의와 악의		악의	철학, 윤리	인간	감정
고급	선입견	명사	선입견을 가지다	선입관		심리	인간	감정
중급	선전	명사	라디오 선전					
중급	선정	명사	수상자 선정					
고급	선정적01∙|선정적	관형사∙명사	선정적인 장면			대중문화	인간	감정
고급	선조	명사	선조를 모시다			역사	삶	친족 관계
중급	선진	명사	선진 기술					
중급	선진국	명사	선진국과 후진국			지리정보		
고급	선착순	명사	선착순으로 모집하다	도착순		대중문화		
고급	선천적01∙|선천적	관형사∙명사	선천적 재능					
고급	선출	명사	후보 선출			정치	사회생활	사회 활동
초급	선택	명사	직업 선택			물건사기	경제생활	경제 행위
초급	선풍기	명사	선풍기를 켜다			집 구하기	주생활	생활용품
고급	선풍적01∙|선풍적	관형사∙명사	선풍적 인기					
고급	선하다	형용사	눈에 선하다					
고급	선하다	형용사	선한 사람		악하다	철학, 윤리		
고급	선행	명사	선행 연구			철학, 윤리	개념	시간
고급	선행	명사	선행을 베풀다		악행	철학, 윤리	사회생활	사회 활동
중급	선호	명사	소비자 선호			감정/기분 표현하기	인간	감정
고급	선호도	명사	고객 선호도			직업과 진로	인간	인지 행위
고급	선후배	명사	학교 선후배			인간관계	사회생활	인간관계
고급	섣불리	부사	섣불리 나서다					
고급	설	접사	지동설					
중급	설	명사	설날	설날				
고급	설	명사	설을 증명하다				사회생활	언어 행위
고급	설	명사	설이 나돌다					
초급	설거지	명사	집안일	뒷설거지		집안일	주생활	가사 행위
고급	설계	명사	건물의 설계			건축		
고급	설계	명사	인생 설계					
고급	설교	명사	설교를 듣다			종교		
초급	설날	명사	명절	설01		가족행사	개념	시간
중급	설득	명사	설득을 당하다			인간관계	사회생활	언어 행위
고급	설득력	명사	설득력 있는 주장			언어	인간	능력
초급	설렁탕	명사	음식			음식 주문하기	식생활	음식
중급	설레다	동사	가슴이 설레다			감정/기분 표현하기	인간	감정
고급	설령	부사	설령 그렇다고 해도	설혹|설사02				
중급	설립	명사	회사 설립			직장생활		
중급	설마	부사						
초급	설명	명사	설명을 듣다			학교생활	사회생활	언어 행위
고급	설명문	명사	설명문을 읽다			언어	교육	학문 용어
중급	설명서	명사	제품 설명서	매뉴얼		컴퓨터와 인터넷		
중급	설문	명사	설문에 답하다	앙케트			사회생활	언어 행위
중급	설문지	명사	설문지를 돌리다					
고급	설비	명사	설비를 갖추다			과학과 기술		
중급	설사	명사	설사 증상			건강	삶	병과 증상
고급	설사	부사	설사 그렇다 해도	설령				
고급	설상가상	명사				사회문제		
고급	설움	명사	설움을 겪다	서러움		심리	인간	감정
중급	설정	명사	목표 설정					
중급	설치	명사	인터넷 설치			컴퓨터와 인터넷		
고급	설치다	동사	잠을 설치다					
초급	설탕	명사	설탕을 넣다			요리 설명하기	식생활	식재료
초급	섬	명사	섬에서 살다			여행	자연	지형
고급	섬기다	동사	부모를 섬기다			인간관계	사회생활	사회 활동
고급	섬세하다	형용사	섬세한 무늬			심리	인간	성격
고급	섬유	명사	섬유 유연제			외양		
고급	섬유질	명사	섬유질이 풍부하다			식문화	교육	학문 용어
고급	섭리	명사	자연의 섭리			철학, 윤리		
초급	섭섭하다	형용사	서운하다			감정/기분 표현하기	인간	감정
초급	섭섭하다	형용사	아깝다			감정/기분 표현하기	인간	감정
중급	섭씨	명사	섭씨 영 도			날씨와 계절	자연	기상 및 기후
고급	섭외	명사	출연자 섭외			대중문화	사회생활	사회 활동
고급	섭취	명사	수분 섭취			식문화	식생활	식사 및 조리 행위
초급	성	명사	김 씨			소개하기(자기소개)		
고급	성	명사	성별			철학, 윤리		
고급	성	명사	성질					
고급	성	명사	성행위					
초급	성격	명사	긍정적인 성격			성격 표현하기	인간	성격
고급	성경	명사	성경을 읽다	성서		종교	종교	종교 활동 도구
초급	성공	명사	성공의 비결		실패02		삶	삶의 행위
중급	성공적01∙성공적	관형사∙명사	성공적 삶				삶	삶의 상태
중급	성과	명사	성과를 올리다			직장생활		
고급	성금	명사	성금을 내다			사회문제	경제생활	경제 수단
고급	성급하다	형용사	성급한 행동			심리	인간	태도
고급	성냥	명사	성냥이 타다			주거 생활	주생활	생활용품
고급	성년	명사	성년의 날		미성년	교육		
고급	성능	명사	성능이 뛰어나다			과학과 기술		
중급	성당	명사	성당에 다니다			문화 비교하기	종교	종교 활동 장소
고급	성대	명사	성대 결절	목청		보건과 의료	인간	신체 내부 구성
고급	성대하다	형용사	성대한 결혼식					
중급	성립	명사	계약이 성립하다					
중급	성명	명사	이름	이름		개인정보 교환하기		
고급	성묘	명사	추석 성묘			인간관계		
중급	성별	명사	성별에 관계없이			개인정보 교환하기		
고급	성분	명사	성분을 분석하다			과학과 기술		
고급	성비	명사	성비 불균형			사회문제		
고급	성사	명사	결혼이 성사되다			경제 경영		
고급	성수기	명사	휴가철 성수기		비수기	경제 경영		
중급	성숙	명사	성숙한 행동			외모 표현하기		
중급	성실	명사	성실한 사람		불성실	성격 표현하기	인간	태도
고급	성실성	명사	성실성이 부족하다			심리	인간	태도
고급	성실히	부사	성실히 일하다			직업과 진로	인간	태도
고급	성의	명사	성의가 담긴 선물	성심			인간	태도
중급	성인	명사	성인 여성	어른|대인			인간	사람의 종류
고급	성인	명사	성인을 본받다	성자		인간관계	인간	사람의 종류
고급	성인병	명사	성인병을 치료하다			보건과 의료	삶	병과 증상
중급	성장	명사	성장 시기				삶	삶의 행위
고급	성장기	명사	성장기를 보내다	발육기00		보건과 의료	삶	삶의 상태
고급	성적01∙|성적	관형사∙명사	성적 매력					
초급	성적	명사	시험 성적			학교생활	교육	교수 학습 행위
고급	성적순	명사	성적순으로 앉다			교육	개념	순서
중급	성적표	명사	시험 성적표			학교생활	교육	교수 학습 행위
고급	성직자	명사	성직자가 되다			종교	종교	종교인
중급	성질	명사	성질이 사납다					
중급	성질	명사	화학적 성질	성분				
고급	성차별	명사	성차별을 당하다			사회문제		
고급	성취	명사	소원 성취				삶	삶의 행위
고급	성취도	명사	성취도 평가			교육		
고급	성품	명사	사람의 성품			심리	인간	성격
고급	성하다	형용사	성한 몸			보건과 의료	개념	모양
초급	성함	명사	아버지 성함			인사하기		
고급	성향	명사	정치적 성향			심리	인간	성격
고급	성형	명사	성형 수술			보건과 의료	삶	병과 증상
고급	성형외과	명사	병원			보건과 의료		
고급	성화	명사	열화와 같은 성화				인간	태도
고급	성화	명사	공부하라고 성화하다					
초급	세	관형사	숫자				개념	수
고급	세	명사	세를 징수하다			경제 경영		
고급	세	명사	세력	세력			인간	능력
고급	세	명사	기운					
초급	세	의존명사	삼십 세				개념	세는 말
초급	세계	명사	세계 여행	세상		여행	개념	지역
고급	세계관	명사	세계관이 뚜렷하다			정치		
중급	세계적01∙세계적	관형사∙명사	세계적 예술가					
중급	세계화	명사	세계화 시대					
고급	세관	명사	세관 검사			경제 경영	정치와 행정	공공 기관
고급	세균	명사	세균 검출	균|박테리아		보건과 의료		
중급	세금	명사	세금을 내다	조세			정치와 행정	정치 및 행정 행위
중급	세기	명사	21세기				개념	시간
고급	세다	동사	머리가 세다			외양	인간	신체 변화
중급	세다	동사	수를 세다				개념	수
초급	세다	형용사	힘이 세다	강하다02		외모 표현하기	인간	체력 상태
초급	세다	형용사	바람이 세다					
중급	세대	명사	세대를 잇다	대07		문화 비교하기	개념	시간
중급	세대	명사	세대가 줄다	가구01		집 구하기		
중급	세대	명사	한 세대	가구01		집 구하기	개념	세는 말
중급	세력	명사	세력을 확장하다	세04				
중급	세련되다	형용사	옷차림이 세련되다			외모 표현하기		
중급	세로01/세로	명사/부사	세로와 가로	종00	가로01|가로02	복장 표현하기	개념	모양
고급	세면도구	명사	세면도구를 챙기다			주거 생활	주생활	생활용품
중급	세모	명사	세모 모양	삼각형			개념	모양
중급	세미나	명사	세미나를 열다				교육	교수 학습 행위
고급	세밀하다	형용사	묘사가 세밀하다					
초급	세배	명사	세배를 드리다			가족행사	사회생활	사회 활동
고급	세부	명사	세부 항목					
초급	세상	명사	세상이 넓다	세계		여행	개념	지역
초급	세수	명사	고양이 세수	세면|세안			삶	일상 행위
고급	세심하다	형용사	배려가 세심하다			심리	인간	성격
초급	세우다	동사	자리에서 세우다			여행		
초급	세우다	동사	계획을 세우다			여행		
초급	세우다	동사	택시를 세우다			여행		
중급	세월	명사	세월이 흐르다				개념	시간
중급	세일	명사	세일 가격			물건사기		
중급	세제	명사	세제로 닦아내다	세척제|세정제		집 구하기	주생활	생활용품
고급	세제	명사	세제를 개편하다			주거 생활	주생활	생활용품
중급	세차	명사	세차를 받다					
고급	세차다	형용사	세찬 불길			기후	개념	성질
초급	세탁	명사	세탁을 맡기다			집안일	주생활	가사 행위
초급	세탁기	명사	세탁기를 돌리다			집 구하기	주생활	생활용품
중급	세탁물	명사	세탁물을 맡기다			집 구하기		
초급	세탁소	명사	세탁소에 옷을 맡기다			복장 표현하기	의생활	의생활 관련 장소
고급	세태	명사	세태를 반영하다			사회문제		
중급	세트	명사	선물 세트					
고급	세포	명사	세포가 분열하다			과학과 기술	교육	학문 용어
고급	센서	명사	센서가 작동하다	감지기		과학과 기술		
초급	센터	명사	서비스 센터				정치와 행정	공공 기관
중급	센티	의존명사	1센티	센티미터			개념	세는 말
초급	센티미터	의존명사	십 센티미터	센티			개념	세는 말
초급	셋	수사	숫자				개념	수
초급	셋째02‧셋째01/셋째	수사‧관형사/명사	순서				개념	순서
중급	셔츠	명사	셔츠를 입다			복장 표현하기	의생활	옷 종류
중급	소 -	접사	소규모		대-		개념	모양
초급	소	명사	소를 기르다				동식물	동물류
중급	소감	명사	소감을 말하다			공연과 감상	인간	감정
초급	소개	명사	직업 소개			소개하기(자기소개)	사회생활	사회 활동
초급	소개	명사	친구 소개			소개하기(자기소개)	사회생활	사회 활동
초급	소개	명사	사건 소개			소개하기(자기소개)	사회생활	사회 활동
고급	소개서	명사	소개서를 쓰다	소개장		직업과 진로	사회생활	소통 수단
중급	소개팅	명사	소개팅을 나가다			연애와 결혼	사회생활	사회 행사
초급	소고기	명사	소고기를 먹다	쇠고기		음식 주문하기	식생활	식재료
중급	소규모	명사	소규모 집단				개념	모양
중급	소극장	명사	소극장에서 공연하다			공연과 감상	문화	문화생활 장소
중급	소극적01‧소극적	관형사‧명사	소극적 성격		적극적01|적극적02	성격 표현하기	인간	성격
초급	소금	명사	소금이 짜다			요리 설명하기	식생활	식재료
중급	소금물	명사	소금물에 절이다	식염수|염수00		요리 설명하기		
중급	소나기	명사	소나기가 내리다	소낙비		날씨와 계절	자연	기상 및 기후
중급	소나무	명사	소나무가 무성하다	솔02			동식물	식물류
중급	소녀	명사	어린 소녀			인간관계	인간	사람의 종류
중급	소년	명사	소년과 소녀		소녀03	인간관계	인간	사람의 종류
중급	소독	명사	상처 소독			건강	삶	치료 행위
중급	소독약	명사	소독약을 바르다			건강	삶	약품류
고급	소동	명사	소동을 일으키다			사회문제		
중급	소득	명사	소득이 많다			직장생활		
고급	소란	명사	소란을 피우다					
고급	소란스럽다	형용사	교실이 소란스럽다					
고급	소량	명사	소량으로 복용하다		다량	경제 경영	개념	양
고급	소름	명사	소름이 돋다			심리	인간	감정
초급	소리	명사	소리가 나다	음			인간	감각
초급	소리	명사	비명 소리				인간	감각
중급	소리치다	동사	크게 소리치다				인간	신체 행위
중급	소매	명사	소매가 길다	옷소매|팔소매		복장 표현하기	의생활	옷의 부분
고급	소매	명사	소매로 팔다			경제 경영		
고급	소멸	명사	생성과 소멸			역사		
고급	소모	명사	연료 소모			경제 경영		
중급	소문	명사	소문이 퍼지다				사회생활	언어 행위
중급	소문나다	동사	사업가로 소문나다				사회생활	언어 행위
고급	소박하다	형용사	소박한 꿈				인간	성격
중급	소방관	명사	소방관이 출동하다			직업과 진로	사회생활	직업
중급	소방서	명사	소방서에 신고하다			사건, 사고, 재해 기술하기	정치와 행정	공공 기관
중급	소방차	명사	소방차가 출동하다	불자동차		사건, 사고, 재해 기술하기	사회생활	교통수단
중급	소변	명사	소변이 마렵다			건강	인간	생리 현상
중급	소비	명사	소비가 늘다			물건사기	경제생활	경제 행위
고급	소비량	명사	소비량이 늘다	소비액		경제 경영	경제생활	경제 상태
중급	소비자	명사	소비자 물가			물건사기	경제생활	경제 행위 주체
초급	소설	명사	소설을 읽다	소설책		취미	문화	문학
중급	소설가	명사	소설가의 작품			직업과 진로|#한국의 문학	문화	문화 활동 주체
중급	소설책	명사	소설책을 읽다	소설02		한국의 문학	문화	문학
고급	소속	명사	소속을 밝히다			직장생활	사회생활	사회 생활 상태
고급	소송	명사	소송을 걸다	송사		법	정치와 행정	사법 및 치안 행위
중급	소수	명사	소수의 의견		다수		개념	수
중급	소스	명사	소스를 뿌리다			음식 주문하기|#요리 설명하기	식생활	음식
중급	소시지	명사	소시지를 먹다			음식 설명하기	식생활	음식
고급	소식	명사	소식으로 장수하다		대식	보건과 의료	식생활	식사 및 조리 행위
초급	소식	명사	소식을 듣다			전화하기	사회생활	통신 행위
고급	소신	명사	소신을 가지다			철학, 윤리		
고급	소실	명사	문화재 소실			사회문제		
고급	소심하다	형용사	소심한 성격			심리	인간	성격
고급	소아	명사	소아 병동	어린아이		보건과 의료	인간	사람의 종류
중급	소아과	명사	소아과에서 진찰 받다			건강		
고급	소양	명사	소양을 갖추다			직업과 진로	인간	능력
고급	소외	명사	소외 지역				사회생활	사회 생활 상태
고급	소외감	명사	소외감을 느끼다			심리	인간	감정
중급	소요	명사	소요 시간					
중급	소용	명사	소용이 없다					
중급	소용없다	형용사	아무 소용없다	쓸데없다				
중급	소원	명사	소원을 빌다	희망|원04				
고급	소위	부사		이른바				
중급	소유	명사	개인 소유					
고급	소유자	명사	건물 소유자	소유주|소유인00		경제 경영	인간	사람의 종류
중급	소음	명사	소음을 줄이다					
고급	소인	명사	소인과 대인		대인01	경제 경영	인간	사람의 종류
고급	소장	명사	소장과 대장			보건과 의료	인간	신체 내부 구성
고급	소장	명사	소장 작품					
고급	소재	명사	서울 소재	소재지				
중급	소재	명사	소재로 삼다	글감|글거리				
초급	소주	명사	소주를 마시다			음식 주문하기	식생활	음료
초급	소중하다	형용사	소중한 생명			감정/기분 표현하기	인간	감정
중급	소중히	부사	소중히 여기다					
고급	소지	명사	신분증 소지					
중급	소지품	명사	소지품을 보관하다					
고급	소질	명사	소질을 계발하다			직업과 진로	인간	능력
고급	소통	명사	소통이 원활하다			언어	사회생활	사회 활동
초급	소파	명사	소파에 앉다			집 구하기	주생활	생활용품
초급	소포	명사	소포를 부치다			공공기관 이용하기(우체국)	사회생활	소통 수단
고급	소품	명사	소품을 활용하다					
초급	소풍	명사	소풍을 가다			주말 및 휴가	삶	여가 활동
고급	소프트웨어	명사	소프트웨어를 개발하다			과학과 기술		
중급	소형	명사	소형 자동차			집 구하기	개념	모양
고급	소형차	명사	소형차를 타다				사회생활	교통수단
중급	소홀하다	형용사	일에 소홀하다					
고급	소홀히	부사	소홀히 대하다				인간	태도
중급	소화	명사	소화를 돕다			건강	인간	생리 현상
고급	소화기	명사	소화기 질환			보건과 의료	인간	신체 내부 구성
고급	소화기	명사	소화기를 구비하다			보건과 의료	주생활	생활용품
초급	소화제	명사	소화제를 먹다			약국 이용하기	삶	약품류
초급	속	명사	주머니 속			위치 표현하기	개념	위치 및 방향
중급	속눈썹	명사	속눈썹이 길다			외모 표현하기	인간	신체 부위
중급	속다	동사	거짓말에 속다				사회생활	사회 활동
중급	속담	명사	속담을 인용하다			언어	사회생활	말
초급	속도	명사	속도가 빠르다	스피드			개념	속도
고급	속력	명사	속력을 내다			스포츠	개념	속도
중급	속마음	명사	속마음을 털어 놓다	속뜻|저의	겉마음00	성격 표현하기		
고급	속보	명사	뉴스 속보					
고급	속삭이다	동사	귀에 속삭이다				인간	신체 행위
중급	속상하다	형용사	속상한 마음			감정/기분 표현하기	인간	감정
고급	속설	명사	속설이 전해지다				사회생활	언어 행위
고급	속성	명사	속성을 지니다				개념	성질
고급	속셈	명사	속셈을 눈치채다	심산00			인간	인지 행위
고급	속속	부사	속속 도착하다					
고급	속속들이	부사	속속들이 조사하다					
고급	속수무책	명사						
고급	속어	명사	속어를 사용하다	비속어		언어	사회생활	말
초급	속옷	명사	속옷을 입다	내의|속내의		복장 표현하기	의생활	옷 종류
중급	속이다	동사	친구를 속이다			성격 표현하기	사회생활	사회 활동
고급	속임수	명사	속임수를 쓰다					
중급	속하다	동사	범위에 속하다					
초급	손	명사	손과 발			외모 표현하기	인간	신체 부위
초급	손가락	명사	손가락이 길다	손01			식생활	조리 도구
고급	손가락질	명사	손가락질을 당하다					
중급	손가방	명사	손가방을 들다	핸드백		복장 표현하기	의생활	모자, 신발, 장신구
중급	손길	명사	손길을 내밀다					
고급	손꼽다	동사	날짜를 손꼽다			예술		
고급	손꼽다	동사	세계에서 손꼽다					
고급	손꼽히다	동사	세계에서 손꼽히다			예술		
중급	손끝	명사	손끝에 닿다			요리 설명하기	인간	신체 부위
초급	손녀	명사	손녀와 손자			소개하기(가족소개)	삶	친족 관계
초급	손님	명사	손님을 받다			물건사기	경제생활	경제 행위 주체
고급	손대다	동사	물건에 손대다				인간	신체 행위
고급	손대다	동사	사업에 손대다					
중급	손등	명사	손등으로 문지르다	손잔등00		건강	인간	신체 부위
고급	손맛	명사	손맛이 좋다			식문화		
중급	손목	명사	손목이 기늘다	팔목		건강	인간	신체 부위
중급	손목시계	명사	손목시계를 차다			복장 표현하기	의생활	모자, 신발, 장신구
초급	손바닥	명사	손바닥을 맞대다			외모 표현하기	인간	신체 부위
중급	손발	명사	손발이 저리다	수족		건강	인간	신체 부위
중급	손발	명사	손발처럼 부리다	수족		건강		
중급	손뼉	명사	손뼉을 치다				인간	신체 행위
고급	손상	명사	손상을 입다					
고급	손색	명사	손색이 없다					
고급	손수	부사	손수 만들다					
초급	손수건	명사	손수건으로 닦다			복장 표현하기	의생활	모자, 신발, 장신구
중급	손쉽다	형용사	손쉬운 방법			문제 해결하기(분실 및 고장)		
고급	손실	명사	경제적 손실			경제 경영	경제생활	경제 상태
고급	손아귀	명사	손아귀에 쥐다				인간	신체 부위
중급	손자	명사	손자와 손녀			가족행사	삶	친족 관계
중급	손잡다	동사	서로 손잡다			인간관계		
중급	손잡이	명사	손잡이를 잡다			집 구하기		
중급	손질	명사	머리 손질			요리 설명하기		
고급	손짓	명사	손짓을 보내다			언어	인간	신체 행위
중급	손톱	명사	손톱을 깎다			건강	인간	신체 부위
중급	손해	명사	손해를 입히다			사건, 사고, 재해 기술하기		
고급	솔	명사	솔로 닦다	브러시00		주거 생활	주생활	생활용품
고급	솔깃하다	형용사	귀가 솔깃하다				인간	인지 행위
고급	솔로	명사	솔로 연주			예술		
중급	솔직하다	형용사	성격이 솔직하다			성격 표현하기	인간	성격
중급	솔직히	부사	솔직히 말하다			성격 표현하기		
고급	솜	명사	화장 솜					
중급	솜씨	명사	솜씨가 좋다			요리 설명하기	인간	능력
고급	솟구치다	동사	물이 솟구치다	치솟다				
고급	솟구치다	동사	분노가 솟구치다	치솟다				
중급	솟다	동사	불길이 솟다					
중급	솟다	동사	용기가 솟다					
고급	솟아나다01/|솟아나다	동사/형용사	땀이 솟아나다					
고급	솟아오르다	동사	연기가 솟아오르다					
고급	송금	명사	송금 내역			경제 경영	경제생활	경제 행위
고급	송년	명사	송년 모임			인간관계		
중급	송별회	명사	송별회를 열다			인간관계	사회생활	사회 행사
중급	송아지	명사	송아지를 키우다			요리 설명하기	동식물	동물류
중급	송이	명사	송이가 맺히다			요리 설명하기		
중급	송이	명사	한 송이			요리 설명하기	개념	세는 말
초급	송편	명사	송편을 먹다			가족행사	식생활	음식
고급	솥	명사	솥에 끓이다	솥단지		식문화	식생활	조리 도구
고급	쇄도	명사	주문 쇄도					
중급	쇠	명사	쇠를 달구다				자연	자원
중급	쇠고기	명사	쇠고기를 굽다	소고기		음식 설명하기	식생활	식재료
고급	쇠퇴	명사	발전과 쇠퇴	쇠락		역사	삶	삶의 행위
중급	쇼	명사	쇼를 보다			공연과 감상	문화	문화 활동
초급	쇼핑	명사	쇼핑을 가다			물건사기	경제생활	경제 행위
중급	쇼핑몰	명사	쇼핑몰을 운영하다			물건사기	경제생활	경제 행위 장소
중급	쇼핑센터	명사	쇼핑센터에서 사다	쇼핑몰00		물건사기	경제생활	경제 행위 장소
고급	수-	접사	수백만					
중급	수	명사	요일				개념	시간
초급	수	명사	숫자	숫자			개념	수
고급	수강	명사	수강 신청			교육	교육	교수 학습 행위
초급	수건	명사	수건으로 닦다	타월		집 구하기	주생활	생활용품
초급	수고	명사	수고를 덜다			감사하기		
고급	수긍	명사	수긍이 가다				인간	인지 행위
고급	수녀	명사	수녀가 기도하다			종교	종교	종교인
중급	수년	명사	수년이 흐르다				개념	수
중급	수다	명사	수다를 떨다			성격 표현하기	사회생활	언어 행위
고급	수다스럽다	형용사	친구가 수다스럽다			심리	인간	태도
중급	수단	명사	결제 수단					
중급	수단	명사	수단을 부리다				인간	능력
고급	수당	명사	수당을 받다			직장생활	경제생활	경제 수단
중급	수도	명사	수도가 새다	상수도		집 구하기		
중급	수도	명사	나라의 수도			지리정보	개념	지역
고급	수도	명사	수도에 정진하다			종교		
중급	수도권	명사	수도권에 거주하다			지리정보	개념	지역
중급	수도꼭지	명사	수도꼭지를 잠그다	수도		집 구하기		
중급	수돗물	명사	수돗물을 틀다			집 구하기		
고급	수동	명사	수동으로 움직이다		자동			
중급	수동적01∙수동적	관형사∙명사	수동적 자세			성격 표현하기	인간	성격
고급	수두룩하다	형용사	문제가 수두룩하다				개념	수
중급	수량	명사	수량이 모자라다				개념	양
고급	수려하다	형용사	외모가 수려하다			외양	인간	용모
고급	수록	명사	잡지 수록			언어		
고급	수료	명사	훈련 수료			교육	교육	교수 학습 행위
중급	수리	명사	수리를 맡기다	수선02		문제 해결하기(분실 및 고장)		
중급	수리비	명사	수리비를 내다			문제 해결하기(분실 및 고장)		
고급	수립	명사	정책 수립			정치		
중급	수만02∙수만	수사·관형사	수만 명				개념	수
중급	수많다	형용사	수많은 사람				개념	양
고급	수면	명사	수면에 비치다			보건과 의료	삶	일상 행위
중급	수면	명사	수면을 취하다			건강	인간	생리 현상
중급	수면제	명사	수면제를 복용하다			건강	삶	약품류
중급	수명	명사	수명이 길다					
고급	수목	명사	수목이 울창하다			환경문제	동식물	식물류
초급	수박	명사	수박을 먹다				식생활	과일
고급	수발	명사	수발을 들다			보건과 의료	사회생활	사회 활동
중급	수백02∙수백	수사·관형사	수백 마리				개념	수
고급	수법	명사	수법이 교묘하다					
고급	수분	명사	수분을 섭취하다	물기		보건과 의료		
고급	수비	명사	철통 수비			스포츠		
중급	수사	명사	경찰 수사				정치와 행정	사법 및 치안 행위
고급	수사	명사	명사와 수사				정치와 행정	사법 및 치안 행위
고급	수사관	명사	수사관이 조사하다			법	정치와 행정	사법 및 치안 주체
고급	수산	명사	수산 식품			경제 경영	경제생활	경제 행위
고급	수산물	명사	수산물 시장			식문화	경제생활	경제 산물
고급	수산업	명사	수산업에 종사하다			경제 경영		
고급	수상	명사	수상 소감			예술		
중급	수상	명사	국가의 수상				정치와 행정	정치 및 행정 주체
고급	수상하다	형용사	수상한 행동			심리		
고급	수색	명사	수색 작업			사회문제		
고급	수석	명사	수석 졸업	수위03		교육	교육	교수 학습 행위
중급	수선	명사	수선을 맡기다	수리03		문제 해결하기(분실 및 고장)		
고급	수소문	명사	수소문  끝에				사회생활	통신 행위
중급	수속	명사	수속을 밟다			공공기관 이용하기		
고급	수송	명사	수송 차량				사회생활	교통 이용 행위
중급	수수께끼	명사	수수께끼를 풀다			언어		
중급	수수료	명사	수수료가 붙다			공공기관 이용하기	경제생활	경제 수단
고급	수수하다	형용사	옷차림이 수수하다			외양	인간	용모
초급	수술	명사	수술을 받다			병원 이용하기	삶	치료 행위
중급	수시로	부사	수시로 열다					
고급	수신자	명사	수신자와 발신자	수신인	발신자	언어	사회생활	인간관계
중급	수십02∙수십	수사·관형사	수십 명				개념	수
초급	수업	명사	수업을 받다			학교생활	교육	교수 학습 행위
중급	수없이	부사	수없이 많다	무수히				
고급	수염	명사	수염이 길다			외양	인간	신체 부위
초급	수영	명사	수영 선수			취미	삶	여가 활동
초급	수영복	명사	수영복을 입다			복장 표현하기	의생활	옷 종류
초급	수영장	명사	수영장에 다니다	풀04|풀장00		취미	의생활	옷 종류
고급	수완	명사	수완이 좋다			직장생활	인간	능력
중급	수요	명사	수요가 늘다					
초급	수요일	명사	요일			요일 표현하기	개념	시간
고급	수용	명사	수용 인원				사회생활	사회 활동
중급	수용	명사	조건 수용					
고급	수용자	명사	미디어 수용자				인간	사람의 종류
고급	수월하다	형용사	찾기가 수월하다					
고급	수익	명사	수익을 올리다			경제 경영	경제생활	경제 상태
고급	수익금	명사	수익금을 창출하다			경제 경영	경제생활	경제 수단
중급	수입	명사	수입이 많다		지출	직장생활	경제생활	경제 수단
중급	수입	명사	수입을 허용하다		수출	직장생활	경제생활	경제 행위
중급	수입품	명사	외제 수입품		수출품	물건사기		
고급	수재민	명사	태풍 수재민			사회문제	인간	사람의 종류
초급	수저	명사	수저를 놓다			요리 설명하기	식생활	조리 도구
중급	수정	명사	계획의 수정					
중급	수준	명사	교육 수준				개념	정도
중급	수준	명사	수준 이하					
고급	수줍다	형용사	미소가 수줍다			심리	인간	성격
고급	수줍음	명사	수줍음을 타다			심리	인간	성격
고급	수중	명사	수중 탐사	물속				
고급	수증기	명사	수중기가 피어오르다			과학과 기술	자연	기상 및 기후
고급	수지	명사	수지 타산			경제 경영	경제생활	경제 상태
고급	수직	명사	수직으로 추락하다					
고급	수직	명사	수직을 이루다					
고급	수질	명사	수질을 개선하다			환경문제		
고급	수집	명사	재활용품 수집			환경문제		
중급	수집	명사	우표 수집			취미	삶	여가 활동
고급	수차례	명사	수차례에 걸치다				개념	수
중급	수천02∙수천	수사·관형사	수천 명				개념	수
초급	수첩	명사	수첩에 기록하다			학교생활	교육	학습 관련 사물
중급	수출	명사	해외 수출		수입02	직장생활	경제생활	경제 행위
고급	수치	명사	수치를 느끼다	부끄러움			인간	인지 행위
고급	수치	명사	통계 수치				개념	수
고급	수칙	명사	수칙을 지키다				사회생활	사회 활동
고급	수컷	명사	수컷과 암컷		암컷	환경문제	동식물	동물류
고급	수평	명사	수평을 유지하다	형평				
고급	수평선	명사	수평선을 바라보다			지리정보	자연	지형
중급	수표	명사	수표를 발행하다			물건사기	경제생활	경제 수단
고급	수필	명사	수필을 쓰다	에세이		언어	문화	문학
고급	수학	명사	수학 목적			교육	교육	교수 학습 행위
중급	수학	명사	수학 문제			학교생활	교육	전공과 교과목
고급	수학여행	명사	수학여행을 떠나다			교육	교육	교수 학습 행위
고급	수해	명사	수해 복구	수재01		환경문제	자연	재해
중급	수행	명사	작업 수행			직장생활	사회생활	사회 활동
고급	수험	명사	수험 자격			교육	교육	교수 학습 행위
고급	수험생	명사	수험생이 합격하다			교육	교육	교수 학습 주체
고급	수혈	명사	수혈을 받다			보건과 의료	삶	치료 행위
고급	수혜자	명사	장학금 수혜자				인간	사람의 종류
고급	수화기	명사	수화기를 대다		송화기	주거 생활	주생활	생활용품
고급	수확	명사	수확의 계절			환경문제		
중급	숙녀	명사	신사와 숙녀			인간관계	인간	사람의 종류
고급	숙맥	명사	숙맥처럼 굴다			심리	인간	성격
고급	숙면	명사	숙면을 취하다	단잠		보건과 의료	삶	일상 행위
중급	숙박	명사	숙박 시설			여행	주생활	주거 행위
중급	숙박비	명사	호텔의 숙박비	숙박료00		여행	경제생활	경제 수단
중급	숙소	명사	숙소에 머물다			한국생활|#여행		
고급	숙식	명사	숙식 제공					
중급	숙이다	동사	고개를 숙이다					
초급	숙제	명사	숙제 검사			학교생활	교육	교수 학습 행위
중급	순간	명사	위기의 순간	삽시간|순식간|일순간|찰나		실수담 말하기	개념	시간
중급	순간	명사	순간 긴장하다					
중급	순간적01∙순간적	관형사∙명사	순간적 방심			실수담 말하기	개념	시간
고급	순대	명사	순대를 먹다			식문화	식생활	음식
초급	순두부찌개	명사	순두부찌개를 끓이다			음식 주문하기	식생활	음식
고급	순발력	명사	순발력이 뛰어나다				인간	능력
초급	순서	명사	순서를 매기다	수순		시간 표현하기	개념	순서
초급	순서	명사	발표 순서			시간 표현하기	개념	순서
고급	순수	명사	순수 예술					
고급	순수성	명사	혈통의 순수성			심리	인간	태도
중급	순수하다	형용사	마음이 순수하다			성격 표현하기	인간	성격
중급	순식간	명사	순식간의 일	삽시간|순간|일순간		실수담 말하기	개념	시간
중급	순위	명사	순위를 매기다			공연과 감상	개념	순서
고급	순응	명사	자연 순응					
고급	순전히	부사	순전히 착각이다					
고급	순조롭다	형용사	순조로운 출발					
중급	순진	명사	순진한 아이			성격 표현하기	인간	성격
중급	순하다	형용사	순한 양			성격 표현하기	인간	성격
고급	순환	명사	혈액 순환			보건과 의료		
고급	순환기	명사	순환기가 약하다					
초급	숟가락	명사	숟가락을 들다			요리 설명하기	식생활	조리 도구
초급	숟가락	명사	두 숟가락			요리 설명하기	개념	세는 말
초급	술	명사	술에 취하다				식생활	음료
중급	술병	명사	술병이 깨지다				식생활	조리 도구
중급	술자리	명사	술자리에 모이다	술좌석		직장생활	식생활	식생활 관련 장소
중급	술잔	명사	술잔을 돌리다	잔		직장생활	식생활	조리 도구
초급	술집	명사	술집 출입	주점		음식 주문하기	식생활	식생활 관련 장소
중급	숨	명사	숨을 내쉬다			건강	인간	생리 현상
중급	숨기다	동사	사실을 숨기다					
중급	숨다	동사	몰래 숨다					
중급	숨다	동사	숨은 재주					
중급	숨소리	명사	숨소리가 거칠다			건강	인간	생리 현상
고급	숨죽이다	동사	숨죽이고 엿듣다				인간	태도
중급	숨지다	동사	사고로 숨지다			개인정보 교환하기	삶	삶의 행위
초급	숫자	명사	숫자를 세다	수10			개념	수
고급	숭고하다	형용사	숭고한 가치			철학, 윤리		
고급	숭늉	명사	숭늉을 뜨다			식문화	식생활	음료
고급	숭배	명사	우상 숭배			종교	인간	인지 행위
중급	숲	명사	숲이 우거지다			지리정보|#환경문제	자연	지형
중급	쉬다	동사	목이 쉬다	갈리다01		건강	삶	병과 증상
초급	쉬다	동사	푹 쉬다			주말 및 휴가	삶	여가 활동
초급	쉬다	동사	학교가 쉬다			주말 및 휴가		
초급	쉬다	동사	학교를 쉬다					
초급	쉬다	동사	숨을 쉬다			주말 및 휴가	인간	신체 행위
초급	쉰02·쉰	수사·관형사	숫자				개념	수
초급	쉽다	형용사	문제가 쉽다		어렵다	학교생활	인간	능력
고급	쉽사리	부사	쉽사리 무너지다					
중급	쉿	감탄사						
중급	슈퍼	명사	슈퍼에서 구입하다	슈퍼마켓		물건사기	경제생활	경제 행위 장소
초급	슈퍼마켓	명사	대형 슈퍼마켓	슈퍼		물건사기	경제생활	경제 행위 장소
중급	스님	명사	스님의 가르침			문화 비교하기	종교	종교인
고급	스러지다	동사	구름이 스러지다					
고급	스러지다	동사	스러지는 불꽃					
고급	스러지다	동사	나라가 스러지다					
고급	스며들다	동사	향기가 스며들다					
고급	스며들다	동사	사회에 스며들다					
초급	스무	관형사	숫자				개념	수
중급	스무째	수사·관형사/명사	순서				개념	순서
초급	스물	수사	숫자				개념	수
고급	스미다	동사	땀이 스미다					
초급	스스로02/스스로	부사/명사	스스로 일어서다					
고급	스승	명사	스승의 은혜			교육	교육	교수 학습 주체
초급	스웨터	명사	스웨터를 입다			복장 표현하기	의생활	옷 종류
중급	스위치	명사	스위치를 켜다			문제 해결하기(분실 및 고장)	주생활	생활용품
중급	스치다	동사	옷깃이 스치다					
초급	스카프	명사	스카프를 매다			복장 표현하기	의생활	모자, 신발, 장신구
중급	스커트	명사	스커트를 입다			복장 표현하기	의생활	옷 종류
초급	스케이트	명사	스케이트를 신다			취미	삶	여가 도구
초급	스케이트	명사	스케이트 경기			취미	삶	여가 활동
중급	스케줄	명사	스케줄을 짜다			직장생활		
초급	스키	명사	스키를 신다			취미	삶	여가 도구
초급	스키	명사	스키 선수			취미	삶	여가 활동
초급	스키장	명사	스키장에서 놀다			취미	삶	여가 시설
초급	스타	명사	인기 스타					
중급	스타일	명사	독특한 스타일			외모 표현하기		
중급	스타킹	명사	스타킹을 신다			복장 표현하기	의생활	옷 종류
고급	스탠드	명사	스탠드 불빛			주거 생활	주생활	생활용품
고급	스터디	명사	스터디 모임			교육	교육	교수 학습 행위
고급	스토리	명사	감동적인 스토리			대중문화	사회생활	언어 행위
중급	스튜디오	명사	스튜디오에서 촬영하다			공연과 감상	문화	문화생활 장소
초급	스트레스	명사	스트레스를 풀다			건강		
초급	스파게티	명사	스파게티를 먹다			음식 주문하기	식생활	음식
초급	스포츠	명사	스포츠 경기	운동 경기		취미	삶	여가 활동
고급	슬그머니	부사	슬그머니 달아나다				인간	태도
고급	슬기롭다	형용사	슬기로운 사람	지혜롭다		심리	인간	성격
중급	슬리퍼	명사	슬리퍼를 신다			외모 표현하기	의생활	모자, 신발, 장신구
고급	슬며시	부사	슬며시 눕다				인간	태도
고급	슬슬	부사	슬슬 피하다					
중급	슬쩍	부사	슬쩍 묻다					
초급	슬퍼하다	동사	죽음을 슬퍼하다		기뻐하다	감정/기분 표현하기	인간	감정
초급	슬프다	형용사	슬픈 얼굴		기쁘다	감정/기분 표현하기	인간	감정
초급	슬픔	명사	슬픔에 잠기다		기쁨	감정/기분 표현하기	인간	감정
초급	습관	명사	습관을 기르다	버릇			삶	일상 행위
고급	습관적01∙습관적	관형사∙명사	습관적 행동					
중급	습기	명사	습기가 차다			날씨와 계절	자연	기상 및 기후
중급	습도	명사	습도가 높다			날씨와 계절	자연	기상 및 기후
고급	습득	명사	언어 습득			언어	교육	교수 학습 행위
고급	습득	명사	분실물 습득		분실			
고급	습성	명사	습성을 지니다			철학, 윤리		
중급	습하다	형용사	습한 공기			날씨와 계절	자연	기상 및 기후
고급	승03/승	명사/의존명사	첫 승		패01|패02	스포츠	삶	여가 활동
고급	승강기	명사	승강기가 고장 나다	엘리베이터		건축	사회생활	교통수단
고급	승강장	명사	버스 승강장	플랫폼			사회생활	교통 이용 장소
중급	승객	명사	승객을 태우다			사건, 사고, 재해 기술하기		
중급	승낙	명사	승낙을 받다	허가|허락	거절	인간관계	사회생활	사회 활동
고급	승려	명사	승려와 신도			종교	종교	종교인
중급	승리	명사	승리를 기뻐하다			주말 및 휴가	사회생활	사회 활동
고급	승마	명사	승마 자세	기마		스포츠	삶	여가 활동
중급	승무원	명사	비행기 승무원			여행	사회생활	직업
고급	승부	명사	한판 승부	승패		스포츠	삶	여가 활동
고급	승승장구	명사				스포츠	사회생활	사회 생활 상태
중급	승용차	명사	승용차를 운전하다			교통 이용하기|#사건, 사고, 재해 기술하기	사회생활	교통수단
고급	승인	명사	승인을 받다				사회생활	사회 활동
고급	승자	명사	승자의 여유	승리자00	패자	스포츠	사회생활	인간관계
중급	승진	명사	승진 시험		강등	직장생활	사회생활	직장 생활
중급	승차	명사	승차 거부		하차	교통 이용하기|#여행	사회생활	교통 이용 행위
중급	승차권	명사	승차권을 끊다	차표		교통 이용하기|#여행		
중급	승패	명사	승패를 겨루다	승부		주말 및 휴가		
고급	승합차	명사	승합차를 운전하다	승합자동차00			사회생활	교통수단
고급	시	접사	등한시				인간	태도
초급	시	명사	시 예산				개념	지역
초급	시02/시	명사/의존명사	몇 시/태어난 시			시간 표현하기	개념	세는 말
중급	시	명사	시를 읽다				문화	문학
중급	시각	명사	일출 시각	시간01		여행	개념	시간
중급	시각	명사	긍정적인 시각					
고급	시각	명사	시각 자료			과학과 기술	인간	감각
고급	시각적01∙시각적	관형사∙명사	시각적 장치				인간	감각
초급	시간01/시간	명사/의존명사	시간이 걸리다			초대와 방문		
초급	시간01/시간	명사/의존명사	뉴스 시간	시각01		초대와 방문		
초급	시간01/시간	명사/의존명사	휴식 시간			초대와 방문	개념	세는 말
고급	시간대	명사	출퇴근 시간대				개념	시간
고급	시간적01∙시간적	관형사∙명사	시간적 순서				개념	시간
초급	시간표	명사	시간표를 짜다			학교생활	교육	교수 학습 행위
초급	시간표	명사	비행기 시간표			학교생활		
초급	시계	명사	시계 소리			시간 표현하기	주생활	생활용품
초급	시골	명사	시골 마을	촌02		위치 표현하기	개념	지역
초급	시골	명사	시골에 내려가다	촌02		위치 표현하기	개념	지역
중급	시금치	명사	시금치를 무치다			요리 설명하기	식생활	채소
고급	시급하다	형용사	대책이 시급하다			사회문제		
고급	시급히	부사	시급히 떠나다				인간	태도
중급	시기	명사	등록 시기				개념	시간
고급	시기	명사	시기를 놓치다				개념	시간
고급	시기상조	명사					개념	시간
초급	시끄럽다	형용사	시끄러운 소리			학교생활	주생활	주거 상태
고급	시끌벅적하다	형용사	장터가 시끌벅적하다					
고급	시나리오	명사	시나리오를 쓰다	각본		대중문화	문화	대중문화
초급	시내	명사	서울 시내		시외	위치 표현하기	주생활	주거 지역
중급	시내버스	명사	시내버스를 타다			교통 이용하기|#사건, 사고, 재해 기술하기	사회생활	교통수단
고급	시냇물	명사	시냇물이 흐르다			환경문제	자연	자원
고급	시늉	명사	자는 시늉					
초급	시다	형용사	귤이 시다			음식 주문하기	식생활	맛
중급	시달리다	동사	업무에 시달리다			환경문제		
중급	시대	명사	조선 시대				개념	시간
고급	시대적01∙시대적	관형사∙명사	시대적 분위기			역사	개념	시간
중급	시댁	명사	시댁 식구			가족행사		
중급	시도	명사	시도가 성공하다					
중급	시들다	동사	꽃이 시들다					
중급	시들다	동사	열정이 시들다					
중급	시디	명사	시디를 굽다			주말 및 휴가|#취미		
중급	시력	명사	시력 교정	눈01		건강	인간	체력 상태
고급	시련	명사	시련을 겪다			역사	삶	삶의 상태
고급	시름	명사	시름에 잠기다			심리	인간	인지 행위
고급	시리다	형용사	이가 시리다			보건과 의료	삶	병과 증상
중급	시리즈	명사	시리즈로 방영되다					
고급	시립	명사	시립 도서관			교육	사회생활	사회 생활 상태
중급	시멘트	명사	시멘트가 굳다			집 구하기		
고급	시무룩하다	형용사	표정이 시무룩하다			심리	인간	태도
초급	시민	명사	시민 의식				정치와 행정	정치 및 행정 주체
고급	시범	명사	시범을 보이다			교육		
중급	시부모	명사	시부모를 모시다			가족행사	삶	친족 관계
고급	시비	명사	시비를 가리다	잘잘못|흑백			사회생활	사회 활동
고급	시사	명사	시사 문제			사회문제		
고급	시사하다	동사	교훈을 시사하다			사회문제		
고급	시사회	명사	시사회를 개최하다			대중문화	문화	문화생활 장소
고급	시상	명사	시상을 받다					
고급	시상식	명사	시상식 소감			대중문화	사회생활	사회 행사
중급	시선	명사	시선이 마주치다	눈길01		문화 비교하기		
중급	시선	명사	따뜻한 시선	눈길01		문화 비교하기		
중급	시설	명사	교육 시설			공공기관 이용하기	주생활	주택 구성
고급	시속	명사	시속 60킬로				개념	속도
중급	시스템	명사	시스템을 갖추다			공공기관 이용하기		
고급	시시각각	명사					개념	시간
고급	시시하다	형용사	영화가 시시하다					
고급	시신	명사	시신을 안치하다			사회문제		
중급	시아버지	명사	시아버지를 모시다			연애와 결혼	삶	친족 관계
중급	시야	명사	시야를 가리다					
초급	시어머니	명사	시어머니를 모시다	시모00		소개하기(가족소개)	삶	친족 관계
중급	시외	명사	시외로 나가다		시내02	주말 및 휴가	주생활	주거 지역
중급	시외버스	명사	시외버스를 타다			교통 이용하기|#사건, 사고, 재해 기술하기	사회생활	교통수단
고급	시원섭섭하다	형용사	시원섭섭한 기분			심리	인간	감정
고급	시원시원하다	형용사	성격이 시원시원하다			심리	인간	태도
초급	시원하다	형용사	공기가 시원하다			날씨와 계절	자연	기상 및 기후
초급	시원하다	형용사	국물이 시원하다			날씨와 계절	식생활	맛
초급	시원하다	형용사	속이 시원하다			날씨와 계절	인간	감정
초급	시월	명사	달			날짜 표현하기	개념	수
고급	시위	명사	집단 시위	데모			사회생활	사회 활동
고급	시인	명사	범행 시인		부인02	사회문제	인간	인지 행위
중급	시인	명사	시인의 작품				문화	문화 활동 주체
중급	시일	명사	시일이 걸리다				개념	시간
초급	시작	명사	시작 단계				개념	순서
중급	시장	명사	시장을 뽑다			공공기관 이용하기	정치와 행정	정치 및 행정 주체
초급	시장	명사	도매 시장	장04		물건사기	경제생활	경제 행위 장소
고급	시적01∙시적	관형사∙명사	시적 표현			언어		
중급	시절	명사	어린 시절				개념	시간
중급	시점	명사	과거의 시점				개념	시간
고급	시정	명사	오류의 시정					
고급	시종일관	명사						
고급	시중	명사	시중을 들다				사회생활	사회 활동
중급	시중	명사	시중 가격			물건사기	경제생활	경제 행위 장소
고급	시즌	명사	졸업 시즌			스포츠	개념	시간
중급	시집	명사	시집 식구	시가03		가족행사		
중급	시집	명사	시집을 읽다			한국의 문학	문화	문학
중급	시집가다	동사	시집가는 날	출가하다02		개인정보 교환하기	삶	가족 행사
초급	시청	명사	시청 공무원	시01			정치와 행정	공공 기관
중급	시청	명사	텔레비전 시청			대중매체	문화	문화 활동
고급	시청각	명사	시청각 교실			교육	인간	감각
중급	시청률	명사	시청률이 높다			대중매체	문화	문화 활동
중급	시청자	명사	시청자 의견			대중매체	문화	문화 활동 주체
고급	시체	명사	시체가 부패되다	송장01		문화차이		
고급	시치미	명사	시치미를 떼다				사회생활	언어 행위
고급	시커멓다	형용사	속이 시커멓다			외양	개념	색깔
초급	시키다	동사	일을 시키다			음식 주문하기		
초급	시키다	동사	음식을 시키다			음식 주문하기	식생활	식사 및 조리 행위
중급	시합	명사	시합에서 이기다			취미	사회생활	사회 활동
중급	시행	명사	시행 예정			공공기관 이용하기	정치와 행정	사법 및 치안 행위
고급	시행착오	명사				직장생활	삶	삶의 행위
초급	시험	명사	시험을 보다			학교생활	교육	교수 학습 행위
중급	시험지	명사	시험지를 채점하다			학교생활	교육	학습 관련 사물
고급	식	접사	현대식				개념	모양
고급	식01/식	명사/의존명사	식을 치르다	의식02		교육	사회생활	사회 행사
초급	식구	명사	집안 식구	가족		소개하기(가족소개)	삶	친족 관계
중급	식기	명사	식기를 닦다			음식 주문하기|#요리 설명하기	식생활	조리 도구
초급	식다	동사	국이 식다			음식 주문하기		
고급	식단	명사	식단을 짜다	식단표00		식문화	식생활	식사 및 조리 행위
초급	식당	명사	식당 음식	음식점		음식 주문하기	식생활	식생활 관련 장소
중급	식당가	명사	식당가에서 먹다			음식 설명하기	경제생활	경제 행위 장소
중급	식량	명사	식량을 구하다	양식06		음식 설명하기	식생활	식재료
고급	식량난	명사	식량난을 겪다			사회문제	경제생활	경제 상태
중급	식료품	명사	식료품 가게	식용품00		음식 설명하기	식생활	식재료
중급	식물	명사	식물 채집			지리정보	동식물	식물류
고급	식민지	명사	식민지로 삼다			역사	정치와 행정	정치 및 치안 상태
중급	식비	명사	식비가 들다			음식 설명하기	경제생활	경제 수단
초급	식빵	명사	식빵을 먹다			음식 주문하기	식생활	음식
초급	식사	명사	식사를 대접하다	밥		음식 주문하기	식생활	식사 및 조리 행위
중급	식사량	명사	식사량을 조절하다			음식 설명하기	식생활	식사 및 조리 행위
고급	식상하다	동사	내용이 식상하다					
고급	식생활	명사	식생활 문화			식문화		
고급	식성	명사	식성이 좋다	먹성		식문화		
고급	식수	명사	식수를 공급하다			식문화	식생활	음료
고급	식습관	명사	올바른 식습관			보건과 의료		
중급	식욕	명사	식욕이 떨어지다	밥맛|입맛		음식 설명하기	인간	감각
고급	식용	명사	식용으로 기르다			식문화		
중급	식용유	명사	식용유에 튀기다			음식 주문하기|#요리 설명하기	식생활	식재료
고급	식은땀	명사	식은땀을 흘리다			보건과 의료	인간	생리 현상
중급	식중독	명사	식중독에 걸리다			건강	삶	병과 증상
초급	식초	명사	식초 냄새	초04		음식 주문하기	식생활	식재료
초급	식탁	명사	식탁을 차리다			집 구하기	주생활	생활용품
초급	식품	명사	식품을 섭취하다	식료품		음식 주문하기	식생활	식재료
중급	식품점	명사	식품점에서 사다			음식 설명하기	경제생활	경제 행위 장소
중급	식후	명사	식후 30분		식전02	음식 설명하기	개념	시간
중급	식히다	동사	더위를 식히다			음식 주문하기|#요리 설명하기		
중급	식히다	동사	땀을 식히다			음식 주문하기|#요리 설명하기		
중급	신-	접사	신세계					
중급	신	명사	신을 신다	신발		복장 표현하기	의생활	모자, 신발, 장신구
중급	신나다	동사	신난 아이들			감정/기분 표현하기	인간	감정
고급	신	명사	신을 믿다			종교	종교	신앙 대상
중급	신경	명사	신경이 예민하다			감정/기분 표현하기		
중급	신경	명사	신경 마비			감정/기분 표현하기	인간	감각
고급	신경질	명사	신경질을 부리다			심리	인간	감정
고급	신경통	명사	신경동 환자			보건과 의료	삶	병과 증상
중급	신고	명사	도난 신고			문제 해결하기(분실 및 고장)	정치와 행정	사법 및 치안 행위
고급	신곡	명사	신곡을 내다			대중문화		
고급	신규	명사	신규 회원					
고급	신기록	명사	신기록을 세우다			스포츠	삶	여가 활동
중급	신기하다	형용사	신기한 일			감정/기분 표현하기		
중급	신념	명사	굳은 신념					
초급	신다	동사	신을 신다			복장 표현하기	의생활	의복 착용 행위
고급	신도시	명사	신도시 개발			건축	개념	지역
고급	신라	명사	신라를 건국하다			역사		
초급	신랑	명사	신랑과 신부	새신랑	신부02	가족행사	삶	가족 행사
중급	신맛	명사	매실의 신맛			음식 설명하기	식생활	맛
중급	신문사	명사	신문사 기자			대중매체	사회생활	직장
고급	신명	명사	신명이 나다	신02		문화차이	인간	감정
초급	신문	명사	신문을 구독하다				사회생활	매체
중급	신문지	명사	신문지에 싸다			대중매체	사회생활	매체
중급	신부	명사	신부와 수녀			문화 비교하기	종교	종교인
고급	신물	명사	신물이 나오다			심리	인간	감정
고급	신바람	명사	신바람이 나다			심리	인간	태도
초급	신발	명사	가죽 신발	신01		복장 표현하기	의생활	모자, 신발, 장신구
중급	신분	명사	사회적 신분			개인정보 교환하기		
초급	신부	명사	아름다운 신부		신랑	가족행사	삶	가족 행사
중급	신비	명사	자연의 신비					
초급	신분증	명사	신분증 재발급	신분증명서00		개인정보 교환하기		
고급	신비롭다	형용사	신비로운 분위기					
중급	신사	명사	신사와 숙녀			성격 표현하기	인간	사람의 종류
고급	신상	명사	신상 정보					
중급	신상품	명사	신상품을 내놓다			물건사기		
초급	신선하다	형용사	신선한 과일			음식 주문하기		
고급	신설	명사	신설 학교			교육		
고급	신세	명사	신세를 지다			인간관계	사회생활	사회 활동
중급	신세	명사	찬밥 신세					
중급	신세대	명사	신세대 문화			문화 비교하기		
고급	신속	명사	신속 배달					
고급	신속히	부사	신속히 처리하다				인간	태도
중급	신앙	명사	신앙이 깊다			문화 비교하기	종교	종교 행위
고급	신약	명사	신약을 개발하다				삶	치료 행위
중급	신용	명사	신용을 잃다					
고급	신음	명사	신음 소리			보건과 의료	인간	소리
고급	신의	명사	신의가 두텁다			인간관계	인간	인지 행위
고급	신인	명사	신인 배우			대중문화		
고급	신임	명사	신임을 얻다			정치	인간	인지 행위
고급	신임	명사	신임 감독			직장생활		
중급	신입	명사	신입 사원			직장생활	사회생활	직장 생활
중급	신입생	명사	신입생을 모집하다			학교생활	교육	교수 학습 주체
고급	신자	명사	기독교 신자	신도|교도01		종교	종교	종교인
고급	신장	명사	국력 신장					
고급	신장	명사	신장 수술	콩팥		보건과 의료	인간	신체 내부 구성
중급	신제품	명사	신제품 출시			물건사기		
고급	신종	명사	신종 사기					
중급	신중	명사	신중을 기하다			성격 표현하기	인간	태도
고급	신중히	부사	신중히 행동하다				인간	태도
고급	신진대사	명사	신진대사가 활발하다			보건과 의료	인간	신체 행위
초급	신청	명사	신청을 받다				사회생활	사회 활동
중급	신청서	명사	신청서를 접수하다			공공기관 이용하기		
중급	신체	명사	신체가 튼튼하다	육체		건강	인간	신체 부위
중급	신체적01∙신체적	관형사∙명사	신체적 기능			건강		
고급	신축성	명사	신축성이 강하다	융통성		외양		
고급	신하	명사	신하를 거느리다			정치	정치와 행정	정치 및 행정 주체
고급	신형	명사	신형 모델		구형03	과학과 기술		
초급	신호	명사	신호를 기다리다	시그널		전화하기	사회생활	통신 행위
초급	신호등	명사	신호등을 기다리다			교통 이용하기	사회생활	교통 이용 행위
중급	신혼	명사	신혼 생활			가족행사	삶	삶의 상태
중급	신혼부부	명사	예비 신혼부부			가족행사	삶	삶의 상태
초급	신혼여행	명사	신혼여행을 떠나다	밀월여행		여행	삶	여가 활동
중급	신화	명사	단군 신화			한국의 문학	문화	전통문화
중급	신화	명사	성공 신화			한국의 문학		
초급	싣다	동사	짐을 싣다					
고급	실	접사	회의실				주생활	주택 구성
고급	실	의존명사	객실 일 실			건축	주생활	주택 구성
중급	실	명사	실로 묶다			집안일		
중급	실감	명사	실감이 나다			감정/기분 표현하기	인간	인지 행위
중급	실내	명사	실내 수영장		실외	취미	개념	위치 및 방향
중급	실력	명사	실력이 뛰어나다			직업과 진로	인간	능력
초급	실례	명사	실례가 되다	결례|실수		사과하기	사회생활	사회 활동
중급	실례	명사	실례를 들다					
중급	실리다	동사	배에 실리다					
중급	실리다	동사	신문에 실리다					
고급	실마리	명사	실마리를 풀다	단서02|단초				
중급	실망	명사	실망이 크다	실의		감정/기분 표현하기	인간	감정
고급	실망스럽다	형용사	결과가 실망스럽다			심리	인간	감정
고급	실명	명사	실명을 밝히다	본명	가명			
고급	실무	명사	실무 회담			직장생활	사회생활	직장 생활
고급	실물	명사	실물 사진					
고급	실상01/실상	명사/부사	실상을 밝히다	실제로		사회문제		
고급	실상	명사	북한의 실상			사회문제		
고급	실속	명사	실속을 차리다	내실02				
초급	실수	명사	실수를 범하다			사과하기	삶	삶의 행위
초급	실수	명사	실수를 저지르다	실례01		사과하기	삶	삶의 행위
중급	실습	명사	실습을 나가다			직업과 진로	교육	교수 학습 행위
중급	실시	명사	훈련 실시	실행				
고급	실시간	명사	실시간 방송			대중문화	개념	시간
중급	실업	명사	실업 위기	실직		직장생활	사회생활	직장 생활
고급	실업계	명사	실업계 고등학교			교육	교육	전공과 교과목
고급	실업률	명사	실업률이 감소하다			사회문제	경제생활	경제 상태
고급	실업자	명사	실업자가 늘다			직업과 진로	경제생활	경제 행위 주체
고급	실외	명사	실외 공기		실내	스포츠	개념	위치 및 방향
고급	실용	명사	실용 학문			대중문화		
고급	실용성	명사	실용성이 있다			대중문화		
중급	실용적01∙실용적	관형사∙명사	실용적 기술					
고급	실용화	명사	실용화 가능성			경제 경영		
중급	실은	부사						
중급	실장	명사	실장으로 승진하다			직장생활|#인간관계	사회생활	직위
고급	실재	명사	실재 인물					
고급	실적	명사	실적을 올리다			직장생활	경제생활	경제 상태
고급	실정	명사	실정에 밝다					
중급	실제02/실제	부사/명사	실제 모습	실제로				
중급	실제로	부사	실제로 일어나다	실지로|실상02|실제02|실지02				
중급	실종	명사	실종 사건			사건, 사고, 재해 기술하기		
고급	실직	명사	실직을 당하다	실업01		직업과 진로	사회생활	직장 생활
고급	실질	명사	실질 권한					
고급	실질적01∙실질적	관형사∙명사	실질적 이익		명목적00	철학, 윤리		
중급	실천	명사	실천에 옮기다					
고급	실천적01∙실천적	관형사∙명사	실천적 학문			철학, 윤리		
중급	실체	명사	실체가 드러나다					
중급	실컷	부사	실컷 놀다	마음껏				
고급	실크	명사	실크 원단			과학과 기술	의생활	옷감
고급	실태	명사	실태를 고발하다			사회문제		
초급	실패	명사	성공과 실패		성공		삶	삶의 행위
고급	실행	명사	실행에 옮기다	실시		철학, 윤리		
중급	실험	명사	성능 실험			학교생활	교육	교수 학습 행위
중급	실험	명사	실험 정신			학교생활		
중급	실현	명사	꿈의 실현					
고급	실화	명사	실화 소설			대중문화		
초급	싫다	형용사	싫은 일	밉다		감정/기분 표현하기	인간	감정
초급	싫어하다	동사	몹시 싫어하다			감정/기분 표현하기	인간	감정
중급	싫증	명사	싫증이 나다	염증00		감정/기분 표현하기	인간	감정
고급	심각성	명사	심각성을 깨닫다					
중급	심각하다	형용사	문제가 심각하다			사건, 사고, 재해 기술하기	인간	태도
고급	심경	명사	심경이 복잡하다			심리	인간	감정
초급	심다	동사	나무를 심다					
중급	심리	명사	기대 심리			감정/기분 표현하기	인간	감정
중급	심리적01∙심리적	관형사∙명사	심리적 변화			감정/기분 표현하기	인간	감정
중급	심부름	명사	심부름을 보내다			인간관계	주생활	가사 행위
중급	심사	명사	심사를 받다			학교생활	교육	교수 학습 행위
고급	심사숙고	명사				철학, 윤리	인간	인지 행위
고급	심성	명사	심성이 곱다			심리	인간	성격
고급	심술궂다	형용사	인상이 심술궂다			심리	인간	태도
고급	심신	명사	심신이 지치다			보건과 의료	인간	신체 부위
초급	심심하다	형용사	심심한 날					
고급	심야	명사	심야 영업			여가생활	개념	시간
고급	심의	명사	심의를 거치다			사회제도		
중급	심장	명사	심장이 뛰다			건강	인간	신체 내부 구성
중급	심정	명사	답답한 심정			감정/기분 표현하기	인간	감정
중급	심지어	부사						
중급	심판	명사	법의 심판					
중급	심판	명사	하느님의 심판					
중급	심판	명사	심판의 판정				사회생활	직업
초급	심하다	형용사	장난이 심하다				개념	정도
고급	심혈	명사	심혈 질환					
고급	심화	명사	심화 학습				개념	정도
고급	심히	부사	심히 걱정스럽다					
초급	십01/십	수사/관형사	숫자				개념	수
초급	십만02/십만	수사/관형사	숫자				개념	수
중급	십상01/십상	명사/부사						
고급	십시일반	명사						
초급	십이월	명사	달			날짜 표현하기	개념	시간
초급	십일월	명사	달			날짜 표현하기	개념	시간
고급	십자가	명사	십자가 모양	십자		종교	종교	종교 활동 도구
고급	십중팔구	명사						
초급	싱겁다	형용사	국물이 싱겁다		짜다03	음식 주문하기	식생활	맛
고급	싱그럽다	형용사	싱그러운 계절					
중급	싱싱하다	형용사	싱싱한 꽃			요리 설명하기		
중급	싸구려	명사	싸구려 화장품			물건사기		
고급	싸늘하다	형용사	싸늘한 기운			심리		
고급	싸다	형용사	입이 싸다				인간	태도
초급	싸다	동사	짐을 싸다					
중급	싸다	동사	오줌을 싸다				인간	신체 행위
초급	싸다	형용사	가격이 싸다		비싸다	물건사기	경제생활	경제 상태
초급	싸우다	동사	친구와 싸우다				사회생활	사회 활동
중급	싸움	명사	싸움이 나다			사건, 사고, 재해 기술하기	사회생활	사회 활동
중급	싸이다	동사	보자기에 싸이다					
중급	싸이다	동사	베일에 싸이다					
고급	싹	명사	싹이 나다			환경문제	동식물	식물의 부분
고급	싹	부사	싹 자르다					
고급	싹트다	동사	사랑이 싹트다				동식물	동식물 행위
중급	싼값	명사	싼값에 팔다	저가		물건사기	경제생활	경제 수단
초급	쌀	명사	쌀을 먹다			음식 주문하기	식생활	곡류
초급	쌀쌀하다	형용사	쌀쌀한 날씨	냉랭하다		날씨와 계절	자연	기상 및 기후
중급	쌍	명사	쌍으로 묶다					
중급	쌍	명사	부부 한 쌍				개념	세는 말
고급	쌍꺼풀	명사	쌍꺼풀이 지다	쌍까풀00		외양	인간	신체 부위
중급	쌍둥이	명사	이란성 쌍둥이	쌍생아			인간	사람의 종류
고급	쌍방	명사	쌍방 과실	양방		법		
고급	쌍벽	명사	쌍벽을 이루다					
초급	쌓다	동사	물건을 쌓다					
초급	쌓다	동사	경험을 쌓다					
중급	쌓이다	동사	책들이 쌓이다					
중급	쌓이다	동사	경험이 쌓이다					
중급	썩	부사	썩 잘하지 못하다				개념	정도
중급	썩다	동사	고기가 썩다					
중급	썩다	동사	재능이 썩다					
초급	썰다	동사	오이를 썰다			요리 설명하기	식생활	식사 및 조리 행위
중급	썰렁하다	형용사	썰렁한 날씨				자연	기상 및 기후
중급	썰렁하다	형용사	썰렁한 분위기					
고급	썰매	명사	썰매를 끌다			기후	삶	여가 도구
고급	썰물	명사	썰물이 빠지다			지리정보		
중급	쏘다	동사	총을 쏘다	사격하다				
고급	쏘아보다	동사	상대를 쏘아보다			심리	인간	신체 행위
고급	쏙	부사	쏙 들어가다					
고급	쏜살같이	부사	쏜살같이 달려가다				개념	속도
중급	쏟다	동사	기름을 쏟다					
중급	쏟다	동사	사랑을 쏟다					
중급	쏟아지다	동사	물이 쏟아지다					
중급	쏟아지다	동사	관심이 쏟아지다					
고급	쏠리다	동사	한쪽으로 쏠리다					
중급	쐬다	동사	바람을 쐬다	쏘이다01				
중급	쑤시다	동사	몸이 쑤시다			건강	삶	병과 증상
고급	쑤시다	동사	콧구멍을 쑤시다			보건과 의료	인간	신체에 가하는 행위
중급	쑥스럽다	형용사	쑥스러운 표정			감정/기분 표현하기	인간	태도
중급	쓰기	명사	쓰기 평가			학교생활	교육	교수 학습 행위
초급	쓰다	동사	글자를 쓰다			학교생활	사회생활	언어 행위
초급	쓰다	동사	소설을 쓰다			학교생활	사회생활	언어 행위
초급	쓰다	동사	모자를 쓰다			복장 표현하기	의생활	의복 착용 행위
초급	쓰다	동사	우산을 쓰다			복장 표현하기		
초급	쓰다	동사	컴퓨터를 쓰다					
초급	쓰다	동사	돈을 쓰다					
초급	쓰다	동사	존댓말을 쓰다					
초급	쓰다	형용사	쓴 약		달다05	음식 주문하기	식생활	맛
중급	쓰다듬다	동사	머리를 쓰다듬다				인간	신체에 가하는 행위
고급	쓰러뜨리다	동사	상대방을 쓰러뜨리다	쓰러트리다00			인간	신체에 가하는 행위
중급	쓰러지다	동사	나무가 쓰러지다			건강		
중급	쓰러지다	동사	과로로 쓰러지다			건강		
초급	쓰레기	명사	쓰레기를 줍다	오물		집안일	주생활	가사 행위
초급	쓰레기통	명사	쓰레기통에 버리다	휴지통		집 구하기	주생활	생활용품
고급	쓰리다	형용사	상처가 쓰리다				삶	병과 증상
중급	쓰이다	동사	글씨가 쓰이다					
중급	쓰이다	동사	재료가 쓰이다					
중급	쓰이다	동사	사람이 쓰이다					
중급	쓰이다	동사	영어가 쓰이다					
중급	쓴맛	명사	쓴맛이 나다		단맛	음식 설명하기	식생활	맛
중급	쓴맛	명사	쓴맛을 보다		단맛	음식 설명하기		
중급	쓸다	동사	낙엽을 쓸다			집 구하기|#집안일	주생활	가사 행위
중급	쓸데없다	형용사	쓸데없는 물건	소용없다				
중급	쓸데없이	부사	쓸데없이 돈을 쓰다	소용없이				
고급	쓸모	명사	쓸모가 없다					
중급	쓸쓸하다	형용사	쓸쓸한 풍경			감정/기분 표현하기	삶	삶의 상태
고급	씀씀이	명사	씀씀이가 크다			경제 경영	인간	태도
고급	씁쓸하다	형용사	씁쓸한 맛			심리	인간	감정
중급	씌우다	동사	모자를 씌우다			복장 표현하기	의생활	의복 착용 행위
중급	씨	명사	씨를 뿌리다			음식 설명하기	동식물	식물의 부분
초급	씨	의존명사	마이클 씨			인사하기		
중급	씨름	명사	씨름 경기			취미	삶	여가 활동
중급	씨름	명사	씨름 끝에			취미		
중급	씨앗	명사	씨앗을 심다				동식물	식물의 부분
고급	씩씩거리다	동사	숨을 씩씩거리다	씩씩대다|씩씩하다00			인간	신체 행위
중급	씩씩하다	형용사	씩씩한 사람			성격 표현하기	인간	태도
초급	씹다	동사	껌을 씹다			음식 주문하기	식생활	식사 및 조리 행위
중급	씻기다	동사	물에 씻기다			집안일		
중급	씻기다	동사	오해가 씻기다					
중급	씻기다	동사	아이를 씻기다			집안일		
초급	씻다	동사	손을 씻다				삶	일상 행위
초급	아	감탄사						
중급	아가	명사	아가가 울다			인간관계	인간	사람의 종류
초급	아가씨	명사	예쁜 아가씨				인간	사람의 종류
초급	아기	명사	아기가 울다				인간	사람의 종류
고급	아기자기하다	형용사	아기자기한 방				개념	모양
초급	아까02/아까	부사/명사	아까 먹다			시간 표현하기	개념	시간
중급	아깝다	형용사	돈이 아깝다			감정/기분 표현하기	인간	감정
중급	아끼다	동사	돈을 아끼다					
고급	아낌없다	형용사	아낌없는 사랑				인간	태도
고급	아낌없이	부사	아낌없이 주다				인간	태도
초급	아나운서	명사	아나운서가 보도하다			소개하기(자기소개)	사회생활	직업
초급	아내	명사	아내와 남편	처	남편	소개하기(가족소개)	삶	친족 관계
중급	아냐	감탄사						
고급	아늑하다	형용사	아늑한 침실			주거 생활		
초급	아니	감탄사						
초급	아니다	형용사	사실이 아니다					
초급	아니요	감탄사						
중급	아동	명사	아동 교육			인간관계	인간	사람의 종류
중급	아드님	명사	첫째 아드님			인간관계	삶	친족 관계
고급	아득하다	형용사	기억이 아득하다					
초급	아들	명사	아들을 낳다		딸	소개하기(가족소개)	삶	친족 관계
고급	아랑곳없이	부사	아랑곳없이 떠들다				인간	태도
초급	아래	명사	불빛 아래		위01	위치 표현하기	개념	위치 및 방향
초급	아래쪽	명사	길의 아래쪽	아래편	위쪽			
중급	아래층	명사	아래층으로 내려가다	하층|밑층00	위층	집 구하기	개념	위치 및 방향
중급	아랫사람	명사	아랫사람의 도리	손아랫사람	윗사람	인간관계	사회생활	인간관계
중급	아랫집	명사	아랫집에 내려가다		윗집	집 구하기	개념	위치 및 방향
초급	아르바이트	명사	아르바이트를 구하다			한국생활	경제생활	경제 행위
초급	아름답다	형용사	아름다운 목소리			외모 표현하기	인간	용모
초급	아마	부사						
중급	아마도	부사						
초급	아무02/아무	관형사/대명사	아무 책	아무런01			개념	의문
중급	아무개	대명사					개념	인칭
초급	아무것	명사	아무것이나 괜찮다				개념	의문
초급	아무것	명사	아무것도 모르다				개념	의문
중급	아무래도	부사	아무래도 이상하다					
중급	아무런	관형사		아무02				
중급	아무렇다	형용사	아무렇건 상관없다			감정/기분 표현하기	인간	감정
초급	아무리	부사		암만				
고급	아무쪼록	부사		모쪼록				
중급	아무튼	부사		여하튼|하여튼|어쨌든01				
초급	아버님	명사	아버님의 말씀					
초급	아버지	명사	아버지와 어머니		어머니	소개하기(가족소개)	삶	친족 관계
고급	아부	명사	아부를 떨다	아첨			인간	태도
고급	아비	명사	아비와 어미		어미01	인간관계	삶	친족 관계
초급	아빠	명사	아빠와 엄마			소개하기(가족소개)	삶	친족 관계
중급	아쉬움	명사	아쉬움이 남다			감정/기분 표현하기	인간	감정
중급	아쉽다	명사	작별이 아쉽다			감정/기분 표현하기	인간	감정
고급	아슬아슬	부사	아슬아슬 넘기다					
중급	아시아	명사	아시아 대륙			문화 비교하기	개념	지역
고급	아열대	명사	아열대 기후			기후	개념	지역
중급	아예	부사						
고급	아우르다	동사	전체를 아우르다					
중급	아울러	부사	실력과 아울러 미모도					
초급	아이	명사	어린 아이				인간	사람의 종류
초급	아이	명사	아이를 기르다				인간	사람의 종류
초급	아이	명사	아이가 생기다				인간	사람의 종류
중급	아이	감탄사				감정/기분 표현하기		
중급	아이고	감탄사				감정/기분 표현하기	인간	감정
고급	아이디	명사	아이디와 비밀번호			대중문화	사회생활	소통 수단
중급	아이디어	명사	아이디어가 뛰어나다					
초급	아이스크림	명사	아이스크림을 먹다			음식 주문하기	식생활	음식
고급	아장아장	부사	아장아장 걷다				개념	모양
초급	아저씨	명사	아저씨와 아줌마				인간	사람의 종류
초급	아주	부사	아주 똑똑하다	매우			개념	정도
초급	아주머니	명사	동네 아주머니				인간	사람의 종류
초급	아줌마	명사	아줌마와 아저씨				인간	사람의 종류
초급	아직	부사	아직 없다			시간 표현하기	개념	시간
고급	아찔하다	형용사	아찔한 순간			심리	인간	감정
초급	아침	명사	아침 햇살		저녁	시간 표현하기	개념	시간
초급	아침	명사	아침을 먹다	아침밥	저녁	시간 표현하기	식생활	식사 및 조리 행위
중급	아침밥	명사	아침밥을 먹다	아침|조반|조식		음식 주문하기|#요리 설명하기	식생활	음식
중급	아침저녁	명사	아침저녁으로 만나다				개념	시간
초급	아파트	명사	아파트에 살다			집 구하기	주생활	건물 종류
초급	아프다	형용사	배가 아프다			건강	인간	감각
중급	아프리카	명사	아프리카 대륙			문화 비교하기	개념	지역
중급	아픔	명사	육신의 아픔			건강|#감정/기분 표현하기	삶	병과 증상
중급	아픔	명사	실연의 아픔			건강	인간	감정
중급	아하	감탄사				감정/기분 표현하기	인간	감정
초급	아홉02/아홉	수사/관형사	숫자				개념	수
중급	아홉째02∙아홉째01/아홉째	수사.관형사/명사	순서				개념	순서
고급	아흐레	명사	아흐레 동안				개념	시간
초급	아흔02/아흔	수사/관형사	숫자				개념	수
고급	악	명사	악이 오르다					
고급	악	명사	악의 무리		선03			
초급	악기	명사	악기를 연주하다			취미	삶	여가 도구
고급	악마	명사	악마와 천사			종교	종교	신앙 대상
중급	악몽	명사	악몽을 꾸다	흉몽				
고급	악성	명사	악성 바이러스			보건과 의료		
중급	악수	명사	화해의 악수			직장생활	사회생활	사회 활동
고급	악순환	명사	악순환이 계속되다			사회문제		
고급	악역	명사	악역을 맡다			대중문화		
고급	악영향	명사	악영향을 미치다			대중문화		
고급	악용	명사	악용의 소지		선용	사회문제		
고급	악의	명사	악의를 품다		선의		인간	인지 행위
중급	악취	명사	악취가 나다			문제 해결하기(분실 및 고장)		
고급	악하다	형용사	악한 마음		선하다02	심리	인간	성격
중급	악화	명사	갈등 악화		호전	건강|#사건, 사고, 재해 기술하기		
중급	악화	명사	건강 악화		호전	건강|#사건, 사고, 재해 기술하기		
초급	안	명사	상자 안		바깥		개념	위치 및 방향
초급	안	부사	안 춥다					
고급	안	명사	안이 채택되다	안건		직장생활		
고급	안간힘	명사	안간힘을 쏟다				인간	체력 상태
초급	안개	명사	안개가 끼다			날씨와 계절	자연	기상 및 기후
고급	안건	명사	안건을 토의하다	안03		직장생활	사회생활	언어 행위
초급	안경	명사	안경을 쓰다			복장 표현하기	의생활	모자, 신발, 장신구
중급	안과	명사	안과 진료			건강	삶	치료 시설
중급	안기다	동사	아기가 안기다					
중급	안기다	동사	성과를 안기다					
초급	안내	명사	안내 방송				사회생활	사회 활동
초급	안내	명사	안내를 받다				사회생활	사회 활동
초급	안내문	명사	안내문을 받다				사회생활	소통 수단
중급	안내서	명사	안내서를 읽다			여행		
중급	안내소	명사	관광 안내소			여행	사회생활	사회 활동
중급	안내원	명사	안내원을 따라가다			여행	사회생활	직업
중급	안내판	명사	안내판을 세우다	게시판|알림판		여행		
초급	안녕	감탄사				인사하기	삶	삶의 상태
초급	안녕히	부사	안녕히 계세요			인사하기		
초급	안다	동사	아기를 안다				인간	신체 행위
고급	안달	명사	안달이 나다			심리	인간	감정
고급	안도	명사	안도를 느끼다	안심02		심리	인간	감정
초급	안되다	동사	공부가 안되다		잘되다		인간	감정
중급	안되다	형용사	형편이 안되다					
중급	안되다	형용사	안색이 안되다					
고급	안락	명사	안락을 추구하다			심리	삶	삶의 상태
고급	안락사	명사	안락사를 요구하다			사회문제		
고급	안목	명사	안목이 높다			예술	인간	능력
중급	안방	명사	아늑한 안방	큰방|내실01		집 구하기	주생활	주택 구성
중급	안부	명사	안부를 묻다			인간관계	사회생활	사회 활동
중급	안색	명사	안색이 나쁘다	얼굴빛		건강	인간	용모
고급	안성맞춤	명사						
중급	안심	명사	안심 귀가	안도			인간	감정
고급	안쓰럽다	형용사	안쓰러운 마음			심리	인간	감정
중급	안약	명사	안약을 넣다	눈약		건강	삶	약품류
고급	안이하다	형용사	안이한 생각				인간	태도
고급	안일	명사	안일에 빠지다				인간	태도
초급	안전	명사	안전을 지키다				사회생활	교통 이용 행위
중급	안전띠	명사	안전띠를 매다	안전벨트		교통 이용하기|#사건, 사고, 재해 기술하기	사회생활	교통 이용 행위
고급	안전벨트	명사	안전벨트를 매다	안전띠			사회생활	교통수단
고급	안절부절	부사	안절부절 서성거리다			심리	인간	태도
중급	안정	명사	안정을 유지하다				인간	감정
고급	안정감	명사	안정감을 느끼다			심리	인간	감정
고급	안정적01∙안정적	관형사∙명사	안정적 운영			심리	삶	삶의 상태
고급	안주	명사	현실 안주				삶	삶의 상태
중급	안주	명사	안주를 먹다	술안주		음식 설명하기	식생활	음식
초급	안쪽	명사	상자 안쪽	내측00	바깥쪽	위치 표현하기	개념	위치 및 방향
중급	안타까워하다	동사	죽음을 안타까워하다			감정/기분 표현하기	인간	감정
중급	안타깝다	형용사	안타까운 광경			감정/기분 표현하기	인간	감정
중급	안팎	명사	나라 안팎	내외01			개념	위치 및 방향
초급	앉다	동사	의자에 앉다				인간	신체 행위
중급	앉히다	동사	자리에 앉히다					
중급	않다	동사	세수를 않다					
중급	알01/알	명사/의존명사	알을 까다			요리 설명하기		
중급	알01/알	명사/의존명사	알이 실하다			요리 설명하기		
초급	알다	동사	사실을 알다		모르다	학교생활	인간	인지 행위
고급	알뜰	명사	알뜰 주부			경제 경영	인간	성격
중급	알레르기	명사	알레르기 증상			건강	삶	병과 증상
중급	알려지다	동사	사실이 알려지다			대중매체		
초급	알리다	동사	사실을 알리다				인간	인지 행위
초급	알맞다	형용사	알맞은 단어				개념	정도
고급	알몸	명사	알몸 시위	나체|맨몸|전라00			인간	신체 부위
고급	알선	명사	취업 알선			경제 경영	사회생활	사회 활동
중급	알아내다	동사	사실을 알아내다				인간	인지 행위
중급	알아듣다	동사	말귀를 알아듣다					
중급	알아듣다	동사	목소리를 알아듣다				인간	인지 행위
중급	알아맞히다	동사	답을 알아맞히다					
초급	알아보다	동사	정보를 알아보다			학교생활		
초급	알아보다	동사	일자리를 알아보다			학교생활		
중급	알아주다	동사	마음을 알아주다		몰라주다		인간	인지 행위
중급	알아주다	동사	세계에서 알아주다					
고급	알아차리다	동사	사실을 알아차리다				인간	인지 행위
고급	알아채다	동사	속셈을 알아채다	알아차리다			인간	인지 행위
중급	알차다	형용사	내용이 알차다					
고급	알칼리성	명사	알칼리성 비누	염기성		과학과 기술	개념	성질
중급	앓다	동사	감기를 앓다			건강	삶	병과 증상
중급	암	명사	암에 걸리다			건강	삶	병과 증상
중급	암기	명사	암기 과목			학교생활	교육	교수 학습 행위
고급	암기력	명사	암기력이 뛰어나다			교육	인간	능력
고급	암벽	명사	암벽을 타다			지리정보	자연	지형
고급	암시	명사	암시를 받다			예술		
고급	암컷	명사	암컷과 수컷		수컷	환경문제	동식물	동물류
고급	암호	명사	암호를 풀다			컴퓨터와 인터넷	사회생활	소통 수단
고급	암흑기	명사	암흑기를 거치다	암흑시대		역사	개념	시간
고급	압도	명사	압도를 시키다					
고급	압도적01∙압도적	관형사∙명사	압도적 승리					
중급	압력	명사	압력이 높다					
고급	압박감	명사	압박감을 느끼다			심리	인간	감정
고급	압축	명사	압축 효과			컴퓨터와 인터넷		
중급	앗	감탄사				감정/기분 표현하기	인간	감정
초급	앞	명사	학교 앞		뒤	위치 표현하기	개념	위치 및 방향
중급	앞길	명사	앞길을 넓히다			집 구하기	사회생활	교통 이용 장소
중급	앞길	명사	앞길을 막다			집 구하기	사회생활	교통 이용 장소
중급	앞날	명사	앞날을 기약하다	앞길|전도02			개념	시간
고급	앞다투다	동사	앞다퉈 뛰어들다				사회생활	사회 활동
고급	앞당기다	동사	계획을 앞당기다					
중급	앞두다	동사	시험을 앞두다					
중급	앞뒤	명사	앞뒤를 돌아보다	전후			개념	위치 및 방향
중급	앞머리	명사	앞머리를 기르다		뒷머리	외모 표현하기	인간	신체 부위
중급	앞머리	명사	비행기의 앞머리		뒷머리	외모 표현하기		
중급	앞바다	명사	인천 앞바다	근해		여행		
중급	앞서	부사	앞서 도착하다					
중급	앞서다	동사	한발 앞서다				개념	순서
중급	앞서다	동사	걱정이 앞서다					
중급	앞세우다	동사	반장을 앞세우다				개념	순서
고급	앞장	명사	앞장을 서다	선두			개념	순서
중급	앞장서다	동사	앞장서 가다				개념	순서
고급	앞지르다	동사	앞지르는 사람			스포츠	개념	순서
중급	앞집	명사	앞집 아줌마		뒷집	집 구하기	주생활	주거 지역
초급	앞쪽	명사	앞쪽 길	전면02|전방	뒤쪽			
중급	애	명사	애가 타다			감정/기분 표현하기	인간	감정
중급	애	명사	애를 쓰다				인간	감정
초급	애	명사	애를 돌보다				인간	사람의 종류
초급	애	명사	애를 키우다				인간	사람의 종류
초급	애	명사	애 기저귀				인간	사람의 종류
고급	애교	명사	애교를 떨다				인간	인지 행위
고급	애국	명사	애국 운동				정치와 행정	정치 및 행정 행위
중급	애기	명사	애기를 낳다			가족행사	인간	사람의 종류
고급	애니메이션	명사	애니메이션을 보다			대중문화	문화	대중문화
고급	애매하다	형용사	애매한 태도					
중급	애쓰다	동사	애쓴 보람				인간	태도
고급	애완	명사	애완으로 기르다					
고급	애완견	명사	애완견을 기르다			여가생활	동식물	동물류
중급	애완동물	명사	애완동물을 기르다				동식물	동물류
고급	애용	명사	국산품 애용					
초급	애인	명사	애인과 연애하다	연인		소개하기(자기소개)	사회생활	인간관계
중급	애정	명사	애정이 식다			연애와 결혼	인간	감정
고급	애지중지	부사	애지중지 키우다					
고급	애착	명사	애착을 가지다			심리		
고급	애창곡	명사	애창곡을 부르다			대중문화	문화	대중문화
고급	애초	명사	애초의 계획	당초|시초			개념	시간
고급	애칭	명사	애칭을 부르다			인간관계	사회생활	언어 행위
고급	애타다	동사	애타는 심정	애끓다		심리	인간	감정
고급	애틋하다	형용사	애틋한 마음			심리	인간	감정
고급	액	접사	수출액			경제 경영	경제생활	경제 수단
중급	액세서리	명사	액세서리를 걸치다			외모 표현하기	의생활	모자, 신발, 장신구
중급	액수	명사	액수가 많다				경제생활	경제 수단
중급	액자	명사	액자를 걸다			집 구하기	주생활	생활용품
고급	액체	명사	액체 상태			과학과 기술	개념	모양
초급	앨범	명사	앨범을 펼치다	사진첩				
초급	야	감탄사		얘02				
중급	야간	명사	야간 근무		주간02		개념	시간
중급	야경	명사	야경을 감상하다	밤경치00		주말 및 휴가		
고급	야광	명사	야광 스티커			과학과 기술	개념	밝기
초급	야구	명사	야구 경기	베이스볼00		취미	삶	여가 활동
중급	야근	명사	야근이 잦다			직장생활	사회생활	직장 생활
고급	야기	명사	문제 야기					
중급	야단	명사	야단을 떨다			인간관계		
중급	야단	명사	야단을 맞다			인간관계	사회생활	언어 행위
고급	야단맞다	동사	선생님께 야단맞다			인간관계	사회생활	언어 행위
고급	야단치다	동사	아이를 야단치다	꾸지람하다|나무라다		인간관계	사회생활	언어 행위
고급	야당	명사	야당 의원		여당	정치	정치와 행정	정치 및 행정 주체
고급	야무지다	형용사	야무진 성격	당차다		심리	인간	성격
고급	야생	명사	야생 동물			환경문제		
고급	야영	명사	야영 훈련			여가생활		
중급	야옹	부사					동식물	동물 소리
중급	야외	명사	야외로 나가다			주말 및 휴가|#취미	개념	위치 및 방향
고급	야유회	명사	야유회를 즐기다			직장생활	삶	여가 활동
초급	야채	명사	야채를 데치다	채소		음식 주문하기	식생활	채소
중급	야하다	형용사	옷차림이 야하다			외모 표현하기	인간	태도
초급	약	관형사	약 1시간					
초급	약	명사	약을 복용하다	약품		약국 이용하기	삶	약품류
초급	약간02/약간	부사/명사	약간 크다				개념	정도
초급	약국	명사	약국에 가다	약방		약국 이용하기	삶	치료 시설
중급	약도	명사	약도를 그리다			집 구하기		
고급	약물	명사	약물을 먹다	약수02		보건과 의료	삶	치료 행위
초급	약사	명사	약사가 되다			약국 이용하기	사회생활	직업
고급	약세	명사	약세를 보이다			경제 경영	경제생활	경제 상태
고급	약소하다	형용사	약소한 선물				개념	정도
초급	약속	명사	약속을 지키다			약속하기	사회생활	사회 활동
고급	약자	명사	약자를 보호하다		강자	사회제도	인간	사람의 종류
중급	약점	명사	약점을 잡다		강점02			
고급	약탈	명사	약탈을 벌이다	겁탈		역사		
중급	약품	명사	약품 개발	약03		건강	삶	치료 행위
중급	약품	명사	화학 약품			건강	삶	약품류
초급	약하다	형용사	맥박이 약하다		강하다02	건강	인간	체력 상태
중급	약혼	명사	약혼을 발표하다	정혼|혼약|가약00		연애와 결혼	삶	가족 행사
중급	약혼녀	명사	약혼녀를 만나다			연애와 결혼	삶	가족 행사
중급	약혼자	명사	약혼자가 되다			연애와 결혼	삶	가족 행사
고급	약화	명사	세력 약화		강화		개념	정도
고급	약효	명사	약효가 나타나다	약발		보건과 의료	삶	치료 행위
고급	얄밉다	형용사	얄미운 사람			심리	인간	성격
초급	얇다	형용사	얇은 껍질		두껍다		개념	모양
중급	얌전	명사	얌전을 떨다			성격 표현하기	인간	태도
고급	얌체	명사	얌체 운전자			인간관계	인간	태도
중급	양	명사	양을 몰다				동식물	동물류
중급	양	관형사	양 볼					
중급	양	명사	알맞은 양		질01	음식 설명하기	개념	양
고급	양	의존명사	이영희 양	미스02		인간관계		
고급	양가	명사	양가 부모님			문화차이		
중급	양국	명사	양국이 협력하다			문화 비교하기	정치와 행정	정치 및 행정 주체
중급	양념	명사	양념을 뿌리다			요리 설명하기	식생활	식재료
중급	양력	명사	양력과 음력	태양력		가족행사	개념	시간
고급	양로원	명사	양로원을 방문하다			사회문제		
초급	양말	명사	양말을 신다			복장 표현하기	의생활	모자, 신발, 장신구
고급	양반	명사	양반 계층			역사	사회생활	직위
중급	양배추	명사	양배추를 썰다			요리 설명하기	식생활	채소
중급	양보	명사	자리 양보			인간관계	사회생활	사회 활동
초급	양복	명사	양복 차림			복장 표현하기	의생활	옷 종류
중급	양산	명사	양산을 쓰다			외모 표현하기	의생활	모자, 신발, 장신구
고급	양상	명사	복잡한 양상			사회문제		
고급	양성	명사	인재 양성	육성02		교육	교육	교수 학습 행위
고급	양성평등	명사	양성평등을 주장하다			사회제도		
고급	양손	명사	양손을 잡다	쌍수			인간	신체 부위
고급	양식	명사	양식을 갖추다				인간	인지 행위
초급	양식	명사	양식을 먹다			음식 주문하기	식생활	음식
중급	양식	명사	양식에 맞추다	포맷				
중급	양식	명사	생활 양식					
고급	양식	명사	양식이 바닥나다	식량			식생활	곡류
초급	양식집	명사	양식집에 가다			음식 주문하기	식생활	식생활 관련 장소
중급	양심	명사	양심에 찔리다			감정/기분 표현하기	인간	감정
중급	양옆	명사	양옆에 앉다				개념	위치 및 방향
고급	양육	명사	자녀 양육			교육	삶	삶의 행위
고급	양질	명사	양질의 서비스			경제 경영	개념	성질
중급	양쪽	명사	양쪽 뺨	양측			개념	위치 및 방향
고급	양초	명사	양초를 켜다			주거 생활	주생활	생활용품
고급	양측	명사	양측 의견	양쪽		스포츠		
고급	양치	명사	불소 양치			보건과 의료	삶	일상 행위
초급	양치질	명사	양치질 습관	칫솔질			삶	일상 행위
중급	양파	명사	양파 냄새			요리 설명하기	식생활	채소
고급	양해	명사	양해를 구하다	이해02		인간관계	사회생활	언어 행위
중급	얕다	형용사	강이 얕다		깊다		개념	모양
중급	얕다	형용사	얕은 생각		깊다			
중급	얕다	형용사	경험이 얕다		깊다			
고급	얕보다	동사	얕보는 말투	경시하다		인간관계	인간	태도
중급	얘	줄어든 말	이 아이				개념	인칭
초급	얘기	명사	얘기를 꺼내다			학교생활	사회생활	언어 행위
초급	얘기	명사	얘기를 듣다			학교생활	사회생활	언어 행위
초급	어	감탄사						
고급	어간	명사	어간을 밝히다			언어	교육	학문 용어
고급	어감	명사	어감이 좋다					
고급	어금니	명사	어금니를 깨물다			보건과 의료	인간	신체 부위
중급	어긋나다	동사	뼈가 어긋나다	어그러지다		실수담 말하기		
중급	어긋나다	동사	규칙에 어긋나다	어그러지다		실수담 말하기		
중급	어기다	동사	약속을 어기다			실수담 말하기		
고급	어김없이	부사	어김없이 지키다				인간	태도
초급	어깨	명사	어깨가 넓다			외모 표현하기	인간	신체 부위
초급	어느	관형사	어느 나라				개념	의문
중급	어느덧	부사	어느덧 사라지다				개념	시간
중급	어느새	부사	어느새 다 자라다				개념	시간
고급	어둑어둑	부사	어둑어둑 해가 지다			기후	개념	밝기
고급	어둑어둑하다	형용사	어둑어둑한 밤			기후	개념	밝기
중급	어둠	명사	어둠이 깔리다			날씨와 계절	개념	밝기
초급	어둡다	형용사	어두운 밤		밝다02		개념	밝기
초급	어둡다	형용사	어두운 색		밝다02		개념	밝기
초급	어디	대명사				위치 표현하기	개념	의문
초급	어떠하다	형용사	어떠한 문제			인사하기	개념	의문
중급	어떡하다	줄어든 말	어떠하게 하다			실수담 말하기		
초급	어떤	관형사	어떤 일				개념	의문
초급	어떤	관형사	어떤 색				개념	의문
초급	어떻다	형용사	근황이 어떻다			인사하기	개념	의문
중급	어려움	명사	어려움을 겪다			감정/기분 표현하기	인간	감정
중급	어려워하다	동사	선배를 어려워하다			감정/기분 표현하기	인간	태도
고급	어렴풋이	부사	어렴풋이 생각나다				개념	밝기
초급	어렵다	형용사	문제가 어렵다		쉽다	학교생활	인간	능력
초급	어렵다	형용사	어려운 사람			학교생활		
고급	어루만지다	동사	볼을 어루만지다				인간	신체에 가하는 행위
중급	어르신	명사	어르신을 뵙다			인간관계	사회생활	인간관계
초급	어른	명사	어른이 되다	성인01			인간	사람의 종류
초급	어른	명사	이웃 어른				인간	사람의 종류
고급	어리다	동사	눈물이 어리다					
초급	어리다	형용사	어린 시절				인간	용모
고급	어리둥절하다	형용사	어리둥절한 모양			심리	인간	감정
중급	어리석다	형용사	어리석은 대답			성격 표현하기	인간	능력
초급	어린아이	명사	어린아이가 울다	소아			인간	사람의 종류
중급	어린애	명사	어린애 응석			인간관계	인간	사람의 종류
초급	어린이	명사	어린이 도서관				인간	사람의 종류
고급	어린이집	명사	어린이집에 가다			교육	교육	교육 기관
고급	어마어마하다	형용사	규모가 어마어마하다	어마하다		경제 경영	개념	정도
중급	어머	감탄사				감정/기분 표현하기	인간	감정
초급	어머니	명사	어머니와 아버지		아버지	소개하기(가족소개)	삶	친족 관계
초급	어머님	명사	어머님과 아버님			소개하기(가족소개)	삶	친족 관계
고급	어미	명사	어미 노릇		아비		삶	친족 관계
고급	어미	명사	어미가 불규칙하다			교육	교육	학문 용어
고급	어민	명사	어민 마을	어부		직업과 진로	경제생활	경제 행위 주체
고급	어부지리	명사				경제 경영		
중급	어색하다	형용사	어색한 관계			감정/기분 표현하기	인간	태도
초급	어서	부사	어서 가다			인사하기	개념	시간
초급	어서	부사	어서 오세요			인사하기		
고급	어설프다	형용사	어설픈 연기				인간	태도
고급	어수선하다	형용사	방이 어수선하다			사회문제		
고급	어순	명사	어순 배열			언어		
고급	어업	명사	어업의 중심지			직업과 진로	사회생활	직업
고급	어우러지다	동사	함께 어우러지다				사회생활	사회 생활 상태
초급	어울리다	동사	사람들과 어울리다			복장 표현하기		
초급	어울리다	동사	어울리는 말			복장 표현하기		
고급	어원	명사	단어의 어원			언어		
고급	어이없다	형용사	어이없는 표정	어처구니없다		심리	인간	감정
중급	어저께02/어저께	부사/명사	어저께 아침	어제01|어제02			개념	시간
초급	어제02/어제	부사/명사	어제와 오늘	어저께01|어저께02|작일		시간 표현하기	개념	시간
초급	어젯밤	명사	어젯밤 꿈			시간 표현하기	개념	시간
고급	어조	명사	어조가 부드럽다			언어	사회생활	언어 행위
중급	어지럽다	형용사	머리가 어지럽다			건강	인간	감각
중급	어지럽다	형용사	어지러운 마음			건강		
고급	어지럽히다	동사	눈앞을 어지럽히다					
고급	어지럽히다	동사	방을 어지럽히다					
고급	어지르다	동사	어지르는 습관			주거 생활	주생활	주거 상태
중급	어쨌든	부사		아무튼				
중급	어쩌다	부사						
중급	어쩌면	부사						
중급	어쩐지	부사						
고급	어찌	부사						
중급	어찌나	부사						
중급	어찌하다	동사	어찌할 수 없다					
중급	어차피	부사	어차피 안 되다					
고급	어처구니	명사	어처구니가 없다	어이01				
고급	어처구니없다	형용사	어처구니없는 행동	어이없다		심리	인간	감정
고급	어치	접사	값어치				개념	정도
고급	어투	명사	다정한 어투	말투		언어	사회생활	언어 행위
고급	어학	명사	어학 분야	언어학		언어	교육	전공과 교과목
중급	어휘	명사	풍부한 어휘			언어	사회생활	말
중급	어휴	감탄사				감정/기분 표현하기		
초급	억03/억	수사/관형사	숫자				개념	수
고급	억누르다	동사	감정을 억누르다					
고급	억세다	형용사	줄기가 억세다				개념	성질
고급	억수	명사	억수로 퍼붓다			기후	자연	기상 및 기후
고급	억압	명사	종교 억압			사회문제		
중급	억양	명사	강한 억양	어조		언어	사회생활	말
중급	억울하다	형용사	억울한 누명			감정/기분 표현하기	인간	감정
고급	억제	명사	감정 억제			심리		
고급	억지	명사	억지를 부리다	떼02			인간	태도
중급	억지로	부사	억지로 웃다				인간	태도
중급	언급	명사	자세한 언급			대중매체	사회생활	언어 행위
초급	언니	명사	언니와 동생			소개하기(가족소개)	삶	친족 관계
중급	언덕	명사	언덕을 오르다	구릉00		지리정보|#집 구하기	자연	지형
고급	언뜻	부사	언뜻 보이다	얼핏				
중급	언론	명사	언론 매체			대중매체	사회생활	매체
고급	언론사	명사	언론사 기자			언론	사회생활	직장
고급	언론인	명사	언론인 출신			언론	사회생활	직업
초급	언어	명사	음성 언어			학교생활	사회생활	소통 수단
초급	언제01/언제	대명사/부사				시간 표현하기	개념	의문
초급	언제나	부사				시간 표현하기	개념	시간
중급	언젠가	부사					개념	시간
고급	언짢다	형용사	기분이 언짢다			심리	인간	감정
고급	언행	명사	언행이 바르다			언어	사회생활	언어 행위
중급	얹다	동사	지붕을 얹다					
중급	얹다	동사	웃돈을 얹다					
고급	얹히다	동사	책이 얹히다					
초급	얻다	동사	음식을 얻다				사회생활	사회 활동
고급	얻어맞다	동사	따귀를 얻어맞다				인간	신체에 가하는 행위
중급	얻어먹다	동사	밥을 얻어먹다			음식 설명하기		
고급	얼	명사	민족의 얼				인간	감각
초급	얼굴	명사	갸름한 얼굴	안면02		외모 표현하기	인간	신체 부위
초급	얼다	동사	강이 얼다		녹다	날씨와 계절		
중급	얼룩	명사	옷의 얼룩			집안일		
중급	얼른	부사	얼른 일어나다				인간	태도
중급	얼리다	동사	얼음을 얼리다		녹이다			
초급	얼마	명사	얼마예요?			물건사기	개념	의문
중급	얼마간	명사	얼마간의 돈				개념	시간
초급	얼마나	부사	얼마나 예쁜지			교통 이용하기	개념	양
초급	얼마나	부사				교통 이용하기	개념	양
고급	얼버무리다	동사	대답을 얼버무리다			언어	사회생활	언어 행위
고급	얼어붙다	동사	얼어붙은 강			기후		
초급	얼음	명사	얼음이 녹다				식생활	식재료
고급	얼핏	부사	얼핏 보다	언뜻				
고급	얽매이다	동사	관습에 얽매이다				사회생활	사회 생활 상태
고급	얽히다	동사	실이 얽히다				사회생활	사회 생활 상태
중급	엄격	명사	엄격 규제			성격 표현하기	인간	태도
고급	엄격히	부사	엄격히 규제하다			교육	인간	태도
고급	엄두	명사	엄두가 나다				인간	인지 행위
초급	엄마	명사	엄마를 닮다			소개하기(가족소개)	삶	친족 관계
고급	엄살	명사	엄살을 부리다			보건과 의료	인간	태도
중급	엄숙하다	형용사	엄숙한 분위기				인간	태도
고급	엄중하다	형용사	경비가 엄중하다					
고급	엄지	명사	엄지를 들다				인간	신체 부위
고급	엄지손가락	명사	엄지손가락을 들다	엄지손00			인간	신체 부위
고급	엄청	부사	엄청 크다				개념	정도
중급	엄청나다	형용사	엄청난 피해				개념	정도
고급	엄하다	형용사	규칙이 엄하다			심리	인간	태도
고급	업	접사	건설업				사회생활	직업
중급	업계	명사	서비스 업계			직장생활	경제생활	경제 행위 장소
중급	업다	동사	아이를 업다				인간	신체 행위
중급	업다	동사	권력을 등에 업다					
중급	업무	명사	업무를 끝내다			직장생활	사회생활	직장 생활
고급	업소	명사	판매 업소			경제 경영	경제생활	경제 행위 장소
고급	업자	명사	부동산 업자			경제 경영	경제생활	경제 행위 주체
중급	업적	명사	연구 업적			직장생활		
고급	업종	명사	인기 업종			직업과 진로		
중급	업체	명사	업체와 거래하다			직장생활	경제생활	경제 행위 장소
초급	없다	형용사	돈이 없다		있다02			
중급	없애다	동사	근심을 없애다					
중급	없애다	동사	쓰레기를 없애다					
중급	없어지다	동사	말이 없어지다					
중급	없어지다	동사	돈이 없어지다					
중급	없이	부사	사고 없이					
고급	엇갈리다	동사	길이 엇갈리다					
고급	엉금엉금	부사	엉금엉금 기어가다				인간	신체 행위
고급	엉기다	동사	반죽이 엉기다	엉키다				
초급	엉덩이	명사	엉덩이를 두드리다	히프		외모 표현하기	인간	신체 부위
중급	엉뚱하다	형용사	엉뚱한 생각			성격 표현하기	인간	태도
중급	엉망	명사	엉망인 생활			실수담 말하기	주생활	주거 상태
고급	엉성하다	형용사	차림새가 엉성하다				개념	성질
고급	엉엉	부사	엉엉 울다			심리	인간	소리
고급	엉키다	동사	선이 엉키다	엉클어지다|엉기다				
중급	엉터리	명사	엉터리로 말하다			실수담 말하기		
중급	엊그제02/엊그제	부사/명사	엊그제 아침				개념	시간
고급	엎다	동사	상을 엎다					
중급	엎드리다	동사	바닥에 엎드리다				인간	신체 행위
중급	에너지	명사	에너지가 넘치다			환경문제		
중급	에너지	명사	대체 에너지			환경문제		
중급	에스컬레이터	명사	에스컬리에터에 오르다				주생활	주택 구성
고급	에어로빅	명사	에어로빅 동작	에어로빅댄스00		스포츠	삶	여가 활동
초급	에어컨	명사	에어컨을 켜다	에어컨디셔너		집 구하기	주생활	생활용품
고급	에워싸다	동사	경호원이 에워싸다					
초급	엘리베이터	명사	엘리베이터를 타다	승강기		집 구하기	주생활	주택 구성
중급	여	명사	남과 여	여자	남02		인간	사람의 종류
중급	여가	명사	여가를 즐기다			주말 및 휴가	삶	여가 활동
중급	여간	부사						
중급	여건	명사	좋은 여건					
중급	여고	명사	여고 시절			학교생활	교육	교육 기관
중급	여관	명사	여관을 잡다			여행		
초급	여권	명사	여권을 발급하다	패스|패스포트				
초급	여기	대명사		이곳		물건사기	개념	지시
중급	여기다	동사	친구로 여기다				인간	인지 행위
초급	여기저기	명사	여기저기 돌아다니다	곳곳|이곳저곳|도처		위치 표현하기	개념	위치 및 방향
고급	여당	명사	여당의 정책			정치	정치와 행정	정치 및 행정 주체
초급	여덟02/여덟	수사/관형사	숫자				개념	수
중급	여덟째02∙여덟째01/여덟째	수사·관형사/명사	순서				개념	순서
초급	여동생	명사	여동생을 두다		남동생	소개하기(가족소개)	삶	친족 관계
고급	여드레	명사	여드레가 되다				개념	시간
중급	여드름	명사	여드름이 나다			건강|#외모 표현하기	삶	병과 증상
초급	여든02/여든	수사/관형사	숫자				개념	수
초급	여러	관형사	여러 나라				개념	수
고급	여러모로	부사	여러모로 기쁘다					
초급	여러분	대명사				소개하기(자기소개)	개념	인칭
중급	여럿	명사	여럿 가운데				개념	수
고급	여론	명사	여론 조사	공론01		언론	사회생활	언어 행위
고급	여류	명사	여류 시인			예술	문화	문화 활동 주체
초급	여름	명사	무더운 여름			날씨와 계절	개념	시간
중급	여름철	명사	여름철 날씨			주말 및 휴가	개념	시간
중급	여름휴가	명사	여름휴가를 떠나다			주말 및 휴가	개념	시간
고급	여리다	형용사	피부가 여리다			심리	인간	성격
중급	여보	감탄사				연애와 결혼		
초급	여보세요	감탄사				전화하기		
중급	여부	명사	사실 여부					
고급	여사	명사	김 여사			인간관계	인간	사람의 종류
초급	여섯02/여섯	수사/관형사	숫자				개념	수
중급	여섯째02·여섯째01/여섯째	수사·관형사/명사	순서				개념	순서
초급	여성	명사	여성과 남성	여02	남성	개인정보 교환하기	인간	사람의 종류
고급	여성상	명사	이상적인 여성상					
고급	여성적01∙여성적	관형사∙명사	여성적 취향			심리	인간	성격
고급	여아	명사	여아를 낳다				인간	사람의 종류
고급	여야	명사	여야 회담			정치	정치와 행정	정치 및 행정 주체
고급	여우	명사	여우의 꼬리				동식물	동물류
중급	여유	명사	여유가 넘치다			주말 및 휴가		
중급	여유롭다	형용사	여유로운 삶			주말 및 휴가	인간	태도
고급	여의다	동사	부모를 여의다			인간관계	삶	삶의 행위
중급	여인	명사	중년 여인			인간관계	인간	사람의 종류
초급	여자	명사	예쁜 여자		남자	개인정보 교환하기	인간	사람의 종류
고급	여전하다	형용사	여전한 성격					
중급	여전히	부사	여전히 똑같다				인간	태도
고급	여정	명사	여정을 마치다					
고급	여지00/여지	명사/의존명사	선택의 여지	나위				
중급	여쭈다	동사	선생님께 여쭈다	여쭙다			사회생활	언어 행위
초급	여쭙다	동사	선생님께 여쭙다	여쭈다		학교생활	사회생활	언어 행위
고급	여태	부사	여태 자다					
고급	여파	명사	여파가 밀려오다			사회문제		
초급	여학생	명사	여학생 기숙사		남학생	학교생활	교육	교수 학습 주체
초급	여행	명사	여행 경비			여행	삶	여가 활동
중급	여행가	명사	배낭 여행가			여행	사회생활	직업
초급	여행사	명사	여행사 상품			여행	사회생활	직장
초급	여행지	명사	신혼 여행지			여행	삶	여가 시설
고급	역	명사	역을 맡다	역할		대중문화		
초급	역	명사	역에 내리다	철도역		교통 이용하기	사회생활	교통 이용 장소
고급	역겹다	형용사	냄새가 역겹다			심리	인간	감정
고급	역경	명사	역경과 고난					
고급	역대	명사	역대 대통령			역사		
고급	역도	명사	역도 선수			스포츠	삶	여가 도구
고급	역동적01∙역동적	관형사∙명사	역동적 변화					
고급	역량	명사	역량을 강화하다			직업과 진로	인간	능력
초급	역사	명사	한국의 역사			학교생활		
초급	역사	명사	역사를 강의하다	역사학		학교생활	교육	전공과 교과목
중급	역사가	명사	역사가가 연구하다				사회생활	직업
중급	역사상	명사	한국 역사상					
중급	역사적01∙역사적	관형사∙명사	역사적 기록	사적03				
초급	역시	부사	나 역시	또한				
고급	역지사지	명사						
중급	역할	명사	역할을 맡다			직장생활		
고급	역효과	명사	역효과가 나다					
중급	엮다	동사	실을 엮다					
고급	엮이다	동사	책이 엮이다					
중급	연	명사	연 강수량				개념	시간
고급	연	명사	연을 날리다				삶	여가 도구
중급	연간	명사	연간 수입			직장생활|#사건, 사고, 재해 기술하기	개념	시간
초급	연결	명사	연결이 끊기다			전화하기	사회생활	통신 행위
고급	연계	명사	연계 상품					
중급	연고	명사	연고를 바르다			건강	삶	약품류
중급	연관	명사	연관이 없다	관련				
중급	연구	명사	연구 성과			학교생활	교육	학문 행위
중급	연구소	명사	연구소를 설립하다			직업과 진로	교육	학교 시설
중급	연구실	명사	연구실에서 공부하다			직업과 진로	교육	학교 시설
중급	연구원	명사	전문 연구원				사회생활	직업
중급	연구원	명사	연구원 생활				교육	학교 시설
중급	연구자	명사	연구자의 이론			직업과 진로	교육	교수 학습 주체
초급	연극	명사	연극 공연			주말 및 휴가	문화	대중문화
고급	연금	명사	연금 혜택				경제생활	경제 수단
중급	연기	명사	무기한 연기					
중급	연기	명사	담배 연기			사건, 사고, 재해 기술하기		
중급	연기	명사	배우의 연기			대중매체		
중급	연기자	명사	드라마 연기자	연기인00		대중매체	문화	문화 활동 주체
고급	연날리기	명사	연날리기를 즐기다			문화차이	삶	여가 활동
고급	연대	명사	연대 미상			역사	개념	시간
고급	연대	명사	연대 책임				사회생활	사회 활동
중급	연도	명사	졸업 연도				개념	시간
중급	연두색	명사	색			외모 표현하기	개념	색깔
초급	연락	명사	연락을 주다			전화하기	사회생활	사회 활동
초급	연락처	명사	연락처를 남기다			전화하기		
중급	연령	명사	연령 제한	나이		개인정보 교환하기		
고급	연령층	명사	다양한 연령층	나이층		사회제도		
고급	연료	명사	연료를 공급하다			주거 생활	자연	자원
초급	연말	명사	연말 모임		연초	날짜 표현하기	개념	시간
고급	연말연시	명사	연말연시 행사			인간관계	개념	시간
중급	연못	명사	연못을 파다	못00			자연	지형
중급	연봉	명사	연봉이 오르다			직업과 진로|#직장생활	경제생활	경제 수단
고급	연비	명사	연비가 줄다	연료 소비율00		경제 경영	사회생활	교통수단
고급	연상	명사	연상의 연인		연하		사회생활	인간관계
고급	연상	명사	연상 작용				인간	인지 행위
중급	연설	명사	연설을 듣다				사회생활	언어 행위
초급	연세	명사	연세가 많다			소개하기(가족소개)		
중급	연속	명사	고난의 연속					
고급	연수	명사	사법 연수			교육	교육	교수 학습 행위
초급	연습	명사	피아노 연습				교육	교수 학습 행위
중급	연애	명사	연애 감정			연애와 결혼	삶	삶의 행위
고급	연약하다	형용사	연약한 여자	유약하다			인간	체력 상태
고급	연연하다01/연연하다	동사/형용사	과거에 연연하다			심리	인간	인지 행위
고급	연예	명사	연예 소식			대중문화	문화	문화 활동
초급	연예인	명사	유명 연예인			소개하기(자기소개)	문화	문화 활동 주체
중급	연인	명사	연인 관계	애인		인간관계	사회생활	인간관계
고급	연일01/연일	명사/부사	연일 계속되다			기후	개념	시간
고급	연잇다	동사	폭우가 연잇다	잇따르다		사회문제		
중급	연장	명사	연장 근무		단축			
고급	연장자	명사	연장자를 우대하다			인간관계	사회생활	인간관계
고급	연재	명사	신문 연재			언론		
중급	연주	명사	피아노 연주			공연과 감상	문화	문화 활동
고급	연주자	명사	피아노 연주자			예술	문화	문화 활동 주체
중급	연주회	명사	피아노 연주회			공연과 감상	문화	문화생활 장소
고급	연중	명사	연중 강우량				개념	시간
중급	연체	명사	연체 도서			공공기관 이용하기		
중급	연체료	명사	연체료를 내다	연체금00		공공기관 이용하기	경제생활	경제 수단
고급	연초	명사	연초 계획		연말		개념	시간
중급	연출	명사	영화 연출			공연과 감상|#대중매체		
중급	연탄	명사	연탄을 나르다			집 구하기		
고급	연평균	명사	연평균 기온			기후	개념	양
초급	연필	명사	연필을 깎다			학교생활	교육	학습 관련 사물
고급	연하	명사	연하의 남자		연상01	인간관계	사회생활	인간관계
중급	연하다	형용사	고기가 연하다		질기다	음식 설명하기	개념	색깔
중급	연하다	형용사	색깔이 연하다		진하다	외모 표현하기	개념	색깔
중급	연합	명사	유럽 연합					
초급	연휴	명사	추석 연휴			주말 및 휴가	개념	시간
초급	열02/열	수사/관형사	숫자				개념	수
고급	열	명사	열과 행				개념	모양
초급	열	명사	열이 나다	신열			삶	병과 증상
고급	열거	명사	항목 열거			언어	사회생활	언어 행위
고급	열광	명사	열광의 도가니			대중문화	인간	태도
중급	열기	명사	뜨거운 열기					
초급	열다	동사	문을 열다		닫다			
초급	열다	동사	파티를 열다					
고급	열대	명사	열대 지방			기후	개념	지역
고급	열대야	명사	열대야 현상			기후		
고급	열등감	명사	열등감을 느끼다			심리	인간	감정
고급	열띠다	형용사	열띤 토론			스포츠		
고급	열람실	명사	도서관 열람실			교육	교육	학교 시설
고급	열량	명사	열량 섭취	칼로리01		식문화		
고급	열렬하다	형용사	열렬한 팬			심리	인간	태도
중급	열리다	동사	사과가 열리다	열다				
초급	열리다	동사	문이 열리다		닫히다			
초급	열리다	동사	파티가 열리다					
고급	열망	명사	열망이 크다			심리	인간	인지 행위
중급	열매	명사	열매가 열리다				동식물	식물의 부분
고급	열성	명사	열성 팬			과학과 기술	인간	태도
고급	열성	명사	열성 유전자					
고급	열성적01∙열성적	관형사∙명사	열정적 태도			심리	인간	태도
초급	열쇠	명사	열쇠 구멍	키04		집 구하기	주생활	생활용품
중급	열쇠고리	명사	열쇠고리를 사오다					
초급	열심히	부사	열심히 공부하다					
고급	열악하다	형용사	열악한 환경			사회문제		
고급	열의	명사	열의를 보이다			심리	인간	감정
중급	열정	명사	열정을 쏟다			성격 표현하기	인간	태도
중급	열중	명사	일에 열중하다				인간	태도
중급	열째02∙열째01/열째	수사∙관형사/명사	순서				개념	순서
초급	열차	명사	열차를 타다			교통 이용하기	사회생활	교통수단
고급	열풍	명사	열풍이 불다				자연	기상 및 기후
초급	열흘	명사	열흘의 휴가	열흘날00		날짜 표현하기	개념	시간
고급	염두	명사	염두에 두다	마음속				
고급	염려	명사	주위의 염려			심리	인간	인지 행위
중급	염색	명사	염색 머리		탈색	외모 표현하기	의생활	미용 행위
고급	염소	명사	염소를 몰다				동식물	동물류
고급	염원	명사	민족의 염원	소망		종교	인간	인지 행위
고급	염증	명사	염증이 생기다			보건과 의료	삶	병과 증상
고급	염치	명사	염치가 없다				인간	태도
초급	엽서	명사	엽서를 배달하다	우편엽서		공공기관 이용하기(우체국)	사회생활	소통 수단
중급	엿보다	동사	몰래 엿보다					
고급	엿새	명사	엿새가 지나다				개념	시간
중급	영	부사					개념	수
초급	영	명사	숫자	공03|제로				
고급	영광	명사	영광을 돌리다			종교		
초급	영국	명사	나라			개인정보 교환하기	개념	지역
고급	영락없이	부사	영락없이 똑같다					
고급	영리	명사	영리 목적			경제 경영	경제생활	경제 상태
중급	영리하다	형용사	영리한 학생			성격 표현하기	인간	능력
고급	영문	명사	영문을 모르다					
고급	영문	명사	영문을 해석하다			언어	사회생활	말
중급	영상	명사	영상에 담다			대중매체	사회생활	매체
중급	영상	명사	영상의 온도		영하	날씨와 계절	개념	온도
고급	영세민	명사	영세민을 착취하다	빈민		사회제도	경제생활	경제 상태
초급	영수증	명사	영수증을 끊다			물건사기	경제생활	경제 수단
중급	영양	명사	영양 상태			요리 설명하기		
고급	영양가	명사	영양가가 풍부하다			식문화	식생활	맛
고급	영양사	명사	학교 영양사			직업과 진로	사회생활	직업
고급	영양소	명사	영양소를 보존하다			식문화		
중급	영양제	명사	영양제를 챙기다			건강	삶	약품류
초급	영어	명사	영어 수업			학교생활	사회생활	말
중급	영업	명사	영업 정지			직장생활	사회생활	직장 생활
중급	영역	명사	활동 영역	경지|부문|분야				
중급	영웅	명사	전쟁 영웅			한국의 문학	인간	사람의 종류
중급	영원	명사	영원을 약속하다				개념	시간
중급	영원히	부사	영원히 사랑하다				개념	시간
고급	영입	명사	선수 영입			직장생활		
고급	영장	명사	영장을 발부하다			법	정치와 행정	사법 및 치안 행위
고급	영재	명사	영재를 발굴하다			교육	인간	사람의 종류
고급	영토	명사	영토를 늘리다			정치		
초급	영하	명사	영하의 기온		영상02	날씨와 계절	개념	온도
중급	영향	명사	영향을 미치다					
중급	영향력	명사	영향력을 미치다					
중급	영혼	명사	영혼이 되다	혼령|영03				
초급	영화	명사	영화 감상			영화 보기	문화	대중문화
중급	영화감독	명사	영화감독이 되다			대중매체	문화	문화 활동 주체
초급	영화관	명사	영화관에 가다			영화 보기	문화	문화생활 장소
초급	영화배우	명사	영화배우가 되다			영화 보기	문화	문화 활동 주체
고급	영화제	명사	영화제가 개막되다			대중문화		
초급	옆	명사	옆 사람			위치 표현하기	개념	위치 및 방향
고급	옆구리	명사	옆구리가 아프다			보건과 의료	인간	신체 부위
초급	옆집	명사	옆집 아저씨			집 구하기	주생활	주거 지역
중급	예	명사	예로부터 내려오다				개념	시간
초급	예	감탄사		네03				
중급	예	명사	대표적인 예					
중급	예	명사	예가 바르다				사회생활	사회 활동
중급	예	명사	예를 갖추다	예식			사회생활	사회 활동
중급	예감	명사	불길한 예감				인간	인지 행위
고급	예견	명사	예견이 적중하다				인간	인지 행위
중급	예고	명사	예고 방송					
중급	예금	명사	예금을 인출하다				경제생활	경제 행위
고급	예년	명사	예년 수준			경제 경영	개념	시간
고급	예능	명사	예능 프로그램			대중문화	문화	대중문화
고급	예리하다	형용사	예리한 송곳			심리	인간	성격
초급	예매	명사	영화표 예매		예매00	영화 보기	삶	여가 활동
고급	예문	명사	예문을 만들다			언어	사회생활	소통 수단
고급	예물	명사	예물 시계			문화차이	사회생활	사회 활동
고급	예민하다	형용사	성격이 예민하다			심리	인간	성격
중급	예방	명사	산불 예방					
고급	예배	명사	예배를 드리다			종교	종교	종교 행위
중급	예보	명사	날씨 예보			날씨와 계절	자연	기상 및 기후
중급	예비	명사	예비 식량					
초급	예쁘다	형용사	얼굴이 예쁘다			외모 표현하기	인간	용모
고급	예사롭다	형용사	예사로운 일					
중급	예산	명사	예산 낭비				경제생활	경제 수단
중급	예상	명사	예상과 다르다				인간	인지 행위
중급	예선	명사	예선 통과			취미		
고급	예수	명사	예수를 믿다			종교	종교	신앙 대상
초급	예순02/예순	수사/관형사	숫자				개념	수
초급	예술	명사	예술 작품			취미	문화	예술
중급	예술가	명사	예술가 기질	아티스트|예술인00		직업과 진로|#공연과 감상	문화	문화 활동 주체
고급	예술성	명사	예술성이 짙다			예술		
중급	예술적01∙예술적	관형사∙명사	예술적 작품					
고급	예술품	명사	예술품을 감상하다			예술	문화	예술
초급	예습	명사	예습과 복습		복습	학교생활	교육	교수 학습 행위
고급	예시	명사	예시를 들다					
중급	예식장	명사	예식장을 예약하다			초대와 방문	삶	가족 행사
초급	예약	명사	호텔 예약			약속하기	삶	여가 활동
고급	예언	명사	예언이 적중하다				사회생활	언어 행위
중급	예외	명사	예외 현상					
고급	예외적01∙예외적	관형사∙명사	예외적 현상					
중급	예의	명사	예의가 바르다			성격 표현하기	사회생활	사회 활동
고급	예의범절	명사	예의범절을 지키다			사회제도	인간	태도
고급	예전	명사	예전 모습			인간관계	개념	시간
중급	예절	명사	예절을 지키다	예법		인간관계	사회생활	사회 활동
중급	예정	명사	예정 시간					
고급	예정일	명사	예정일이 임박하다				개념	시간
고급	예체능	명사	예체능 과목			교육		
중급	예측	명사	예측이 어긋나다				인간	인지 행위
중급	예컨대	부사						
초급	옛	관형사	옛 친구			시간 표현하기		
초급	옛날	명사	먼 옛날			시간 표현하기	개념	시간
초급	옛날	명사	옛날 모습			시간 표현하기	개념	시간
중급	옛날이야기	명사	옛날이야기를 듣다	옛이야기		한국의 문학	사회생활	언어 행위
고급	옛말	명사	옛말 그대로				사회생활	말
중급	오	감탄사						
초급	오03/오	수사/관형사	숫자				개념	수
중급	오가다	동사	술잔이 오가다				삶	일상 행위
고급	오기	명사	오기가 생기다			심리	인간	감정
고급	오누이	명사	오누이 사이	남매		인간관계	삶	친족 관계
초급	오늘02/오늘	부사/명사	오늘의 메뉴	금일		날짜 표현하기	개념	시간
중급	오늘날	명사	오늘날의 현실	오늘01			개념	시간
초급	오다	동사	학교에 오다		가다01		인간	신체 행위
초급	오다	동사	편지가 오다		가다01			
초급	오다	동사	비가 오다				자연	기상 및 기후
초급	오다	동사	겨울이 오다					
고급	오디오	명사	오디오를 끄다			과학과 기술	주생활	생활용품
중급	오락	명사	오락 문화				삶	여가 활동
중급	오락	명사	컴퓨터 오락				삶	여가 활동
중급	오락실	명사	오락실 게임			취미	삶	여가 시설
초급	오래	부사	오래 걸리다			시간 표현하기	개념	시간
고급	오래가다	동사	감기가 오래가다					
초급	오래간만	명사	오래간만에 만나다			인사하기	개념	시간
중급	오래도록	부사	오래도록 간직하다				개념	시간
초급	오래되다	형용사	오래된 건물			인사하기	개념	시간
중급	오래오래	부사	오래오래 사세요	길이길이00			개념	시간
중급	오랜	관형사	오랜 시간				개념	시간
초급	오랜만	명사	오랜만에 만나다			인사하기	개념	시간
초급	오랫동안	명사	오랫동안 사귀다			인사하기	개념	시간
초급	오렌지	명사	오렌지 주스			음식 주문하기	식생활	과일
중급	오로지	부사	오로지 공부만 하다					
고급	오류	명사	오류를 범하다			언어		
중급	오르내리다	동사	계단을 오르내리다					
중급	오르내리다	동사	기온이 오르내리다					
초급	오르다	동사	값이 오르다		내리다			
고급	오르막길	명사	오르막길을 오르다		내리막길		자연	지형
중급	오른발	명사	오른발을 내딛다		왼발	건강	인간	신체 부위
초급	오른손	명사	오른손을 들다		왼손	외모 표현하기	인간	신체 부위
초급	오른쪽	명사	오른쪽 방향	오른편|우측|우편01	왼쪽	위치 표현하기	개념	위치 및 방향
고급	오른팔	명사	오른팔을 쓰다				인간	신체 부위
중급	오른편	명사	오른편을 향하다	오른쪽	왼편	지리정보	개념	위치 및 방향
고급	오름세	명사	오름세가 지속되다	상승세	내림세	경제 경영	경제생활	경제 상태
중급	오리	명사	오리를 잡다			요리 설명하기	동식물	동물류
고급	오리다	동사	색종이를 오리다				인간	신체 행위
고급	오만	명사	오만이 느껴지다				인간	태도
고급	오붓하다	형용사	오붓한 분위기			인간관계		
초급	오빠	명사	친한 오빠			소개하기(가족소개)	삶	친족 관계
초급	오십01/오십	수사/관형사	숫자				개념	수
중급	오염	명사	오염 물질					
초급	오월	명사	달			날짜 표현하기	개념	시간
초급	오이	명사	오이를 썰다			음식 주문하기	식생활	채소
초급	오전	명사	오전을 넘기다		오후02	시간 표현하기	개념	시간
고급	오죽	부사	오죽 힘들면					
고급	오줌	명사	오줌을 싸다			보건과 의료	인간	생리 현상
중급	오직	부사	오직 공부만 하다	다만				
중급	오징어	명사	오징어 요리			요리 설명하기	식생활	식재료
고급	오케스트라	명사	오케스트라 공연	관현악단		예술	문화	음악
중급	오토바이	명사	오토바이를 몰다	모터사이클		교통 이용하기	사회생활	교통수단
중급	오페라	명사	오페라를 감상하다	가극		공연과 감상	문화	대중문화
중급	오피스텔	명사	오피스텔을 분양하다			집 구하기	주생활	건물 종류
중급	오해	명사	오해를 풀다	곡해		실수담 말하기	인간	인지 행위
초급	오후	명사	오후 수업		오전02		개념	시간
중급	오히려	부사	오히려 화를 내다					
고급	옥상	명사	옥상에 올라가다			건축	주생활	주택 구성
중급	옥수수	명사	옥수수를 굽다			요리 설명하기	식생활	곡류
중급	온	관형사	온 집안				개념	정도
중급	온갖	관형사	온갖 방법					
고급	온난화	명사	지구 온난화			환경문제	자연	재해
고급	온대	명사	온대 기후			기후	개념	지역
초급	온도	명사	온도가 높다			날씨와 계절	개념	온도
고급	온돌	명사	온돌 침대			건축	주생활	주택 구성
중급	온라인	명사	온라인 게임			컴퓨터와 인터넷	사회생활	매체
중급	온몸	명사	온몸이 나른하다			건강	인간	신체 부위
고급	온수	명사	온수가 나오다	더운물	냉수	식문화	식생활	음료
고급	온실가스	명사	온실가스를 배출하다			환경문제	자연	재해
고급	온전하다	형용사	온전한 상태				개념	모양
고급	온전히	부사	온전히 보관하다					
중급	온종일02/온종일	부사/명사	하루 온종일	종일01|종일02|진종일01|진종일02			개념	시간
중급	온천	명사	온천 관광	온천장00				
중급	온통/온통	부사/명사	온통 그 생각뿐이다				개념	정도
고급	온화하다	형용사	온화한 겨울			기후	자연	기상 및 기후
중급	올	명사	올 삼월				개념	시간
초급	올라가다	동사	나무에 올라가다		내려가다		인간	신체 행위
초급	올라가다	동사	성적이 올라가다					
초급	올라가다	동사	값이 올라가다		내려가다			
중급	올라서다	동사	계단에 올라서다		내려서다			
중급	올라서다	동사	궤도에 올라서다		내려서다			
초급	올라오다	동사	정상에 올라오다		내려오다		인간	신체 행위
중급	올라타다	동사	비행기에 올라타다			교통 이용하기		
중급	올려놓다	동사	책을 올려놓다		내려놓다			
중급	올려다보다	동사	하늘을 올려다보다		내려다보다			
초급	올리다	동사	값을 올리다		내리다		경제생활	경제 행위
초급	올리다	동사	성적을 올리다					
초급	올리다	동사	결혼식을 올리다					
초급	올림	명사	홍길동 올림				사회생활	통신 행위
초급	올림픽	명사	올림픽 경기					
고급	올바로	부사	올바로 인식하다					
중급	올바르다	형용사	올바른 태도				인간	태도
중급	올여름	명사	올여름 날씨				개념	시간
초급	올해	명사	올해를 시작하다	금년		날짜 표현하기	개념	시간
중급	옮기다	동사	숙소를 옮기다			집 구하기		
중급	옮기다	동사	발걸음을 옮기다			집 구하기		
초급	옳다	형용사	판단이 옳다		그르다01		인간	인지 행위
초급	옷	명사	옷을 입다	의복		복장 표현하기	의생활	옷 종류
고급	옷감	명사	고급 옷감			외양	의생활	옷감
초급	옷걸이	명사	옷걸이에 걸다			집 구하기	주생활	생활용품
고급	옷깃	명사	옷깃을 세우다	깃02		외양	의생활	옷의 부분
고급	옷자락	명사	옷자락을 붙잡다			외양	의생활	옷의 부분
초급	옷장	명사	옷장을 정리하다			집 구하기	주생활	생활용품
중급	옷차림	명사	옷차람이 가볍다	복장		복장 표현하기|#외모 표현하기	의생활	의복 착용 상태
고급	옹기종기	부사	옹기종기 모이다			인간관계	개념	모양
초급	와	감탄사						
초급	와이셔츠	명사	와이셔츠를 입다	와이샤쓰00		복장 표현하기	의생활	옷 종류
중급	와인	명사	와인을 마시다			음식 설명하기	식생활	음료
고급	완곡하다	형용사	완곡한 표현			언어		
고급	완공	명사	완공 예정			건축		
고급	완료	명사	준비 완료					
고급	완만하다	형용사	완만한 경사			지리정보	개념	모양
중급	완벽	명사	완벽을 추구하다					
중급	완성	명사	완성을 시키다		미완성			
고급	완성도	명사	완성도가 높다				개념	정도
중급	완전	명사	완전을 기하다					
초급	완전히	부사	완전히 끝나다				개념	정도
고급	완주	명사	마라톤 완주			스포츠		
고급	완치	명사	난치병 완치	전치		보건과 의료	삶	치료 행위
고급	완쾌	명사	완쾌를 빌다			보건과 의료	삶	치료 행위
고급	완화	명사	규제 완화					
고급	왈가왈부	명사		가타부타			사회생활	언어 행위
초급	왕	명사	왕과 왕비	임금01			정치와 행정	정치 및 행정 주체
고급	왕궁	명사	화려한 왕궁			역사	문화	전통문화
고급	왕권	명사	왕권을 유지하다	군권00		역사	정치와 행정	정치 및 행정 행위
고급	왕따	명사	왕따를 당하다			인간관계	사회생활	사회 생활 상태
고급	왕래	명사	왕래가 잦다	내왕			사회생활	사회 활동
중급	왕복	명사	왕복 열차			교통 이용하기	사회생활	교통 이용 행위
고급	왕위	명사	왕위 계승	보위		역사	정치와 행정	정치 및 행정 주체
고급	왕자	명사	왕자가 태어나다			역사	정치와 행정	정치 및 행정 주체
고급	왕조	명사	조선 왕조			역사		
초급	왜	부사	왜 그래?				개념	의문
고급	왜곡	명사	역사 왜곡			역사		
초급	왜냐하면	부사						
고급	왜소하다	형용사	왜소한 체격			외양	개념	모양
중급	왠지	부사	왠지 기분이 좋다					
중급	외갓집	명사	외갓집에 가다			가족행사		
중급	외과	명사	외과 의사			건강	삶	치료 시설
중급	외교	명사	외교 관계			공공기관 이용하기	정치와 행정	정치 및 행정 행위
중급	외교관	명사	외교관을 임명하다			직업과 진로	정치와 행정	정치 및 행정 주체
초급	외국	명사	외국 생활	이국|타국	내국	여행	개념	지역
초급	외국어	명사	외국어로 말하다			학교생활	사회생활	말
초급	외국인	명사	외국인 노동자	외인|이방인	내국인	개인정보 교환하기	인간	사람의 종류
고급	외동딸	명사	외동딸을 기르다			인간관계	인간	사람의 종류
고급	외동아들	명사	외동아들을 기르다			인간관계	인간	사람의 종류
고급	외래	명사	외래 문물		재래	보건과 의료		
고급	외래어	명사	외래어를 쓰다	차용어		언어	사회생활	말
중급	외로움	명사	외로움을 느끼다			감정/기분 표현하기	인간	감정
초급	외롭다	형용사	외로운 인생			감정/기분 표현하기	인간	감정
중급	외면	명사	외면이 화려하다	겉면				
중급	외모	명사	준수한 외모			외모 표현하기	인간	용모
고급	외무	명사	외무 장관			정치	정치와 행정	정치 및 행정 행위
고급	외무부	명사	외무부 직원				정치와 행정	정치 및 행정 주체
중급	외박	명사	외박이 잦다				삶	일상 행위
중급	외부	명사	외부 공사		내부		개념	위치 및 방향
중급	외삼촌	명사	외삼촌과 외숙모	외숙	친삼촌	가족행사	삶	친족 관계
중급	외숙모	명사	외숙모와 외삼촌			가족행사	삶	친족 관계
중급	외식	명사	외식 산업			음식 설명하기	식생활	식사 및 조리 행위
고급	외식비	명사	외식비가 많다			경제 경영	경제생활	경제 수단
고급	외신	명사	외신 기자			언론	사회생활	통신 행위
중급	외아들	명사	외아들을 두다	독자01	외딸	가족행사	삶	친족 관계
고급	외양	명사	외양이 아름답다	겉모양			인간	용모
초급	외우다	동사	단어를 외우다			학교생활	인간	인지 행위
고급	외유내강	명사		내강외유00	외강내유00	심리	인간	성격
고급	외적01∙외적	관형사∙명사	외적 조건		내적01|내적02			
고급	외제	명사	외제 상품	외국제		경제 경영	경제생활	경제 행위
초급	외출	명사	외출을 삼가다				삶	일상 행위
중급	외출복	명사	외출복을 입다	외출옷00		복장 표현하기	의생활	옷 종류
중급	외치다	동사	크게 외치다				사회생활	언어 행위
중급	외투	명사	외투를 입다				의생활	옷 종류
중급	외할머니	명사	외할머니를 뵙다	외조모	친할머니	가족행사	삶	친족 관계
중급	외할아버지	명사	외할아버지와 외할머니	외조부	친할아버지	가족행사	삶	친족 관계
고급	외향적01∙외향적	관형사∙명사	외향적 성격		내향적01|내향적02	심리	인간	성격
고급	외형	명사	외형이 아름답다				개념	모양
고급	외형적01∙외형적	관형사∙명사	외형적 모습			외양	개념	모양
고급	외화	명사	외화 송금			경제 경영	경제생활	경제 수단
고급	외환	명사	외환 위기	외국환 어음		경제 경영	경제생활	경제 수단
중급	왼발	명사	왼발이 크다		오른발	건강	인간	신체 부위
초급	왼손	명사	왼손을 들다		오른손	외모 표현하기	인간	신체 부위
초급	왼쪽	명사	왼쪽에 놓다	왼편|좌|좌측|좌편	오른쪽	위치 표현하기	개념	위치 및 방향
중급	왼편	명사	왼편에 앉다	왼쪽	오른편	지리정보	개념	위치 및 방향
중급	요	명사	요를 깔다				주생활	생활용품
중급	요	관형사	요 녀석				개념	지시
중급	요가	명사	요가를 배우다			취미	삶	여가 활동
고급	요건	명사	요건을 갖추다					
중급	요구	명사	요구를 들어주다				사회생활	사회 활동
중급	요구르트	명사	요구르트를 마시다			음식 설명하기	식생활	음료
초급	요금	명사	전화 요금			공공기관 이용하기(우체국)|#교통	경제생활	경제 수단
고급	요란	명사	요란을 떨다					
고급	요령	명사	요령이 생기다				인간	인지 행위
초급	요리	명사	요리 비결	조리04		취미	식생활	식사 및 조리 행위
초급	요리	명사	한국 요리				식생활	식사 및 조리 행위
중급	요리법	명사	요리법을 개발하다	조리법		요리 설명하기	식생활	식사 및 조리 행위
초급	요리사	명사	한식 요리사	조리사		소개하기(자기소개)	사회생활	직업
중급	요새	명사	요 사이				개념	시간
중급	요소	명사	구성 요소					
중급	요약	명사	내용 요약					
고급	요양	명사	요양 시설			사회제도	삶	치료 행위
고급	요양원	명사	요양원을 방문하다	요양소		사회제도	삶	치료 시설
고급	요원	명사	비밀 요원				정치와 행정	사법 및 치안 주체
중급	요인	명사	성공 요인					
초급	요일	명사	시간			요일 표현하기	개념	시간
고급	요점	명사	요점을 간추리다	요체		교육		
중급	요즈음	명사	요즈음 유행이다				개념	시간
초급	요즘	명사	요즘 시대			날짜 표현하기	개념	시간
중급	요청	명사	삭제 요청			문제 해결하기(분실 및 고장)	사회생활	언어 행위
고급	요컨대	부사						
고급	요트	명사	요트를 타다			스포츠	사회생활	교통수단
중급	욕	명사	욕을 퍼붓다	욕설		언어	사회생활	언어 행위
고급	욕구	명사	욕구 충족			심리	인간	감정
중급	욕망	명사	욕망을 이루다			감정/기분 표현하기	인간	감정
고급	욕설	명사	욕설을 뱉다	욕		언어	사회생활	언어 행위
중급	욕실	명사	욕실을 청소하다	목욕실00		집 구하기	주생활	주택 구성
중급	욕심	명사	욕심을 내다			감정/기분 표현하기	인간	감정
중급	용	명사	용이 승천하다				동식물	동물류
중급	용감하다	형용사	용감한 행동			성격 표현하기	인간	태도
중급	용건	명사	급한 용건	볼일		문제 해결하기(분실 및 고장)		
중급	용기	명사	용기를 내다			성격 표현하기	인간	태도
고급	용기	명사	용기에 담다	그릇		식문화	식생활	조리 도구
중급	용도	명사	용도가 다르다	쓰임새				
중급	용돈	명사	용돈을 벌다				경제생활	경제 수단
고급	용량	명사	용량이 크다			경제 경영	개념	양
고급	용례	명사	용례를 분석하다			언어	교육	학문 용어
고급	용모	명사	용모가 단정하다	면상02		외양	인간	용모
고급	용법	명사	다양한 용법			언어	교육	학문 용어
중급	용서	명사	용서를 구하다			실수담 말하기	사회생활	사회 활동
중급	용어	명사	법률 용어			언어	사회생활	말
고급	용의자	명사	용의자를 잡다			법	정치와 행정	사법 및 치안 주체
고급	용이하다	형용사	사용이 용이하다					
고급	용지	명사	복사 용지			교육	교육	학습 관련 사물
중급	용품	명사	등산 용품					
고급	용하다	형용사	용한 점쟁이				인간	능력
고급	우거지다	동사	숲이 우거지다			환경문제		
고급	우기	명사	사막의 우기			기후	자연	기상 및 기후
중급	우기다	동사	주장을 우기다			인간관계	사회생활	언어 행위
고급	우뇌	명사	우뇌가 발달하다			과학과 기술	인간	신체 부위
고급	우대	명사	우대 조건	후대01		인간관계	사회생활	사회 활동
초급	우동	명사	우동을 먹다			음식 주문하기	식생활	음식
고급	우두커니	부사	우두커니 서다				개념	모양
고급	우뚝	부사	우뚝 솟다	우뚝이00			개념	모양
고급	우량	명사	우량 품종		불량	환경문제	인간	능력
고급	우러나다	동사	맛이 우러나다					
고급	우렁차다	형용사	우렁찬 외침	우렁우렁하다00			인간	능력
중급	우려	명사	우려가 크다				인간	인지 행위
고급	우르르	부사	우르르 몰려가다				개념	모양
초급	우리	대명사				소개하기(가족소개)	개념	인칭
초급	우리나라	명사	우리나라 사람			소개하기(자기소개)	개념	지역
중급	우물	명사	우물을 파다			집 구하기		
고급	우발적01∙우발적	관형사∙명사	우발적 사고			사회문제		
초급	우산	명사	우산을 쓰다			복장 표현하기	의생활	모자, 신발, 장신구
초급	우선	부사	우선 먼저			시간 표현하기	개념	순서
중급	우선	명사	노약자 우선				개념	순서
고급	우선순위	명사	우선순위를 정하다			철학, 윤리		
고급	우선시	명사	능력을 우선시하다				인간	인지 행위
고급	우성	명사	우성 유전자			과학과 기술		
고급	우세	명사	압도적 우세	우월	열세	정치	인간	능력
중급	우수	명사	우수 학생					
고급	우수성	명사	우수성이 돋보이다				인간	능력
고급	우스꽝스럽다	형용사	우스꽝스러운 말투				개념	모양
중급	우습다	형용사	표정이 우습다			감정/기분 표현하기	인간	감정
중급	우승	명사	우승 후보			취미		
중급	우아하다	형용사	분위기가 우아하다			외모 표현하기	인간	태도
고급	우여곡절	명사		곡절01			삶	삶의 상태
중급	우연	명사	우연의 일치		필연01			
중급	우연히	부사	우연히 발견하다					
고급	우열	명사	우열을 가리다				인간	능력
중급	우울	명사	우울에 빠지다			감정/기분 표현하기	인간	감정
고급	우울증	명사	우울증을 앓다			심리	삶	병과 증상
고급	우월	명사	우월 의식	우세		심리	인간	능력
고급	우위	명사	우위를 차지하다				인간	능력
초급	우유	명사	우유를 마시다			음식 주문하기	식생활	음료
고급	우유부단	명사				심리	인간	태도
중급	우정	명사	우정을 나누다	우애|우의01		인간관계	인간	감정
중급	우주	명사	우주 만물				자연	천체
고급	우직하다	형용사	우직한 성격			심리	인간	성격
초급	우체국	명사	우체국 사서함			공공기관 이용하기(우체국)	정치와 행정	공공 기관
중급	우체통	명사	빨간 우체통			공공기관 이용하기	사회생활	소통 수단
중급	우측	명사	우측 방향	오른쪽	좌측	교통 이용하기	개념	위치 및 방향
고급	우파	명사	우파 세력			정치	정치와 행정	정치 및 행정 행위
중급	우편	명사	등기 우편			공공기관 이용하기	사회생활	소통 수단
중급	우편물	명사	우편물을 받다	우편02		공공기관 이용하기	사회생활	소통 수단
중급	우편함	명사	우편함에 넣다			공공기관 이용하기	사회생활	소통 수단
초급	우표	명사	우표를 붙이다			공공기관 이용하기(우체국)		
고급	우호적01∙우호적	관형사∙명사	우호적 태도			정치	인간	태도
중급	우회전	명사	우회전을 허용하다		좌회전	교통 이용하기	개념	위치 및 방향
고급	우후죽순	명사						
중급	운	명사	운이 좋다	운수				
초급	운동	명사	운동 시설			취미	삶	여가 활동
중급	운동량	명사	운동량을 늘리다			건강	삶	여가 활동
초급	운동복	명사	운동복을 입다	체육복		복장 표현하기	의생활	옷 종류
중급	운동선수	명사	운동선수가 되다	스포츠맨		취미	사회생활	직업
초급	운동장	명사	운동장을 뛰다			학교생활	삶	여가 시설
초급	운동화	명사	운동화를 신다			복장 표현하기	의생활	모자, 신발, 장신구
중급	운명	명사	운명을 믿다	명운|명03		연애와 결혼		
중급	운명	명사	운명이 걸리다	명운|명03		연애와 결혼		
고급	운명적01∙운명적	관형사∙명사	운명적인 만남					
중급	운반	명사	이삿짐 운반			교통 이용하기|#집 구하기		
고급	운송	명사	운송이 빠르다	통운		경제 경영	경제생활	경제 행위
고급	운수업	명사	운수업이 발달하다			직업과 진로	사회생활	직업
중급	운영	명사	기업 운영			직장생활	사회생활	직장 생활
고급	운용	명사	운용 자금			경제 경영		
초급	운전	명사	초보 운전			교통 이용하기	사회생활	교통 이용 행위
중급	운전기사	명사	버스 운전기사	기사01		교통 이용하기	사회생활	직업
중급	운전면허	명사	운전면허를 따다			교통 이용하기		
초급	운전사	명사	트럭 운전사			교통 이용하기	사회생활	직업
고급	운전자	명사	음주 운전자				인간	사람의 종류
고급	운항	명사	항공 운항				사회생활	교통 이용 행위
중급	운행	명사	지하철 운행			교통 이용하기	사회생활	교통 이용 행위
초급	울다	동사	아이가 울다		웃다	감정/기분 표현하기	인간	신체 행위
초급	울다	동사	강아지가 울다				동식물	동식물 행위
고급	울렁거리다	동사	울렁거리는 가슴	울렁대다|울렁울렁하다				
고급	울렁거리다	동사	속이 울렁거리다	울렁대다|울렁울렁하다				
중급	울리다	동사	전화기가 울리다					
중급	울리다	동사	아이를 울리다					
중급	울리다	동사	경적을 울리다					
고급	울먹이다	동사	울먹이는 목소리			심리	인간	신체 행위
고급	울부짖다	동사	울부짖는 목소리			심리	인간	신체 행위
초급	울산	명사	도시			개인정보 교환하기	개념	지역
초급	울음	명사	울음을 그치다		웃음	감정/기분 표현하기	인간	신체 행위
중급	울음소리	명사	울음소리가 들리다		웃음소리	감정/기분 표현하기	인간	생리 현상
고급	울창하다	형용사	나무가 울창하다			환경문제		
고급	울타리	명사	울타리를 치다			건축	주생활	주택 구성
고급	울퉁불퉁	부사	울퉁불퉁 파이다			지리정보	개념	모양
고급	울퉁불퉁하다	형용사	길이 울퉁불퉁하다			지리정보	개념	모양
초급	움직이다	동사	몸을 움직이다				인간	신체 행위
중급	움직임	명사	움직임을 따라가다				인간	신체 행위
고급	움츠리다	동사	몸을 움츠리다				인간	신체 행위
고급	움켜잡다	동사	손을 움켜잡다				인간	신체 행위
고급	움켜쥐다	동사	주먹을 움켜쥐다				인간	신체 행위
중급	웃기다	동사	사람을 웃기다			감정/기분 표현하기		
초급	웃다	동사	활짝 웃다		울다01	감정/기분 표현하기	인간	신체 행위
고급	웃돌다	동사	평균을 웃돌다		밑돌다	경제 경영		
중급	웃어른	명사	웃어른을 공경하다			인간관계	사회생활	인간관계
초급	웃음	명사	웃음이 나다		울음	감정/기분 표현하기	인간	신체 행위
중급	웃음소리	명사	웃음소리가 들리다		울음소리	감정/기분 표현하기	인간	생리 현상
고급	웅성웅성	부사	웅성웅성 떠들다				인간	소리
고급	웅장하다	형용사	폭포가 웅장하다				개념	모양
고급	웅크리다	동사	어깨를 웅크리다				인간	신체 행위
중급	워낙	부사	워낙 비싸다	원체				
중급	워낙	부사	워낙 말이 없다	원체				
고급	원-	접사	원자재					
초급	원	의존명사	천 원			물건사기	개념	세는 말
중급	원	명사	원 모양					
고급	원	접사	유치원			교육	교육	교육 기관
고급	원가	명사	제품 원가			경제 경영	경제생활	경제 수단
고급	원격	명사	원격 조종					
고급	원고	명사	원고 변호사		피고	법	정치와 행정	사법 및 치안 주체
고급	원금	명사	원금 이자	본전		경제 경영	경제생활	경제 수단
고급	원동력	명사	삶의 원동력					
중급	원래02/원래	부사/명사	원래 그렇다	본디01|본디02				
고급	원료	명사	천연 원료			과학과 기술		
중급	원룸	명사	원룸에 살다			집 구하기	주생활	건물 종류
중급	원리	명사	원리를 발견하다					
중급	원리	명사	시장 원리					
중급	원만하다	형용사	원만한 성격			성격 표현하기	인간	성격
고급	원망	명사	원망이 쌓이다			심리	인간	감정
고급	원본	명사	원본 서류			직장생활		
고급	원산지	명사	원산지를 밝히다			식문화		
고급	원색적01∙원색적	관형사∙명사	원색적 색깔					
고급	원색적01∙원색적	관형사∙명사	원색적 비난					
중급	원서	명사	입학 원서					
고급	원수	명사	원수를 갚다				사회생활	인간관계
중급	원숭이	명사	수컷 원숭이				동식물	동물류
고급	원시	명사	원시 시대			역사	개념	시간
고급	원심력	명사	원심력을 이용하다			과학과 기술	교육	학문 용어
고급	원어민	명사	원어민 교사			언어	인간	사람의 종류
고급	원유	명사	원유를 수입하다			경제 경영	자연	자원
중급	원인	명사	원인을 밝히다	이유				
고급	원자력	명사	원자력 발전			과학과 기술	자연	자원
고급	원작	명사	원작 소설			대중문화	문화	문학
고급	원장	명사	병원 원장			직업과 진로	사회생활	직위
고급	원조	명사	원조 물자			경제 경영	경제생활	경제 행위
고급	원주민	명사	원주민을 내쫓다			역사	인간	사람의 종류
중급	원칙	명사	원칙을 따르다					
초급	원피스	명사	원피스를 입다			복장 표현하기	의생활	옷 종류
초급	원하다	동사	도움을 원하다	소원하다01		감정/기분 표현하기	인간	인지 행위
고급	원형	명사	원형을 복원하다				개념	모양
고급	원형	명사	동사 원형	기본형				
고급	원형	명사	원형 탁자			주거 생활	개념	모양
고급	원화	명사	원화로 환전하다			경제 경영	경제생활	경제 수단
고급	원활	명사	소통이 원활하다			보건과 의료		
초급	월02/월	의존명사/명사	몇 월			날짜 표현하기	개념	세는 말
중급	월	명사	요일				개념	시간
고급	월간	명사	월간 잡지	월간지		언론	개념	시간
초급	월급	명사	월급을 받다			한국생활	경제생활	경제 수단
중급	월드컵	명사	월드컵이 열리다				삶	여가 활동
중급	월말	명사	월말 정산		월초		개념	시간
중급	월세	명사	월세를 내다	사글세		집 구하기	주생활	주거 형태
중급	월세	명사	월세를 살다	월셋방		집 구하기	주생활	주거 형태
초급	월요일	명사	요일			요일 표현하기	개념	시간
고급	월차	명사	월차를 내다			직장생활	개념	시간
중급	웬	관형사	웬 영문인지					
중급	웬만하다	형용사	웬만한 일				개념	정도
중급	웬일	명사	웬일로 일찍 오다					
고급	웰빙	명사	웰빙 식품			주거 생활	삶	삶의 상태
초급	위	명사	위와 아래		아래	위치 표현하기	개념	위치 및 방향
초급	위	명사	나무 위		아래	위치 표현하기	개념	위치 및 방향
중급	위	의존명사	1위	등02			개념	순서
고급	위	명사	위가 쓰리다	위장02		보건과 의료	인간	신체 내부 구성
고급	위계질서	명사	위계질서를 따르다			인간관계	사회생활	사회 생활 상태
고급	위급하다	형용사	위급한 상황			보건과 의료		
중급	위기	명사	위기를 극복하다					
중급	위대하다	형용사	위대한 업적			공연과 감상		
고급	위독하다	형용사	생명이 위독하다			보건과 의료	삶	병과 증상
고급	위력	명사	위력을 발휘하다				인간	능력
중급	위로	명사	위로를 받다			감정/기분 표현하기	사회생활	언어 행위
중급	위반	명사	신호 위반			교통 이용하기	사회생활	사회 활동
고급	위법	명사	위법 행위		적법	법	정치와 행정	정치 및 치안 상태
고급	위상	명사	위상을 높이다					
고급	위생	명사	위생 관리			보건과 의료		
고급	위생적01∙위생적	관형사∙명사	위생적 관리		비위생적01|비위생적02	보건과 의료	주생활	주거 상태
고급	위성	명사	위성을 쏘다	인공위성		과학과 기술	자연	천체
중급	위아래	명사	위아래로 정렬하다	아래위			개념	위치 및 방향
고급	위안	명사	위안을 받다			심리	사회생활	사회 활동
고급	위암	명사	위암 환자			보건과 의료	삶	병과 증상
고급	위염	명사	위염에 걸리다	위장염		보건과 의료	삶	병과 증상
고급	위원	명사	선거 위원				정치와 행정	정치 및 행정 주체
중급	위원회	명사	위원회가 열리다					
고급	위인	명사	세계의 위인				인간	사람의 종류
고급	위인	명사	형편없는 위인				인간	사람의 종류
고급	위조	명사	위조 여권			사회문제		
고급	위주	명사	입시 위주					
초급	위쪽	명사	위쪽과 아래쪽	위편00	아래쪽	위치 표현하기	개념	위치 및 방향
고급	위축	명사	세포의 위축					
고급	위축	명사	심리적 위축					
중급	위층	명사	위층과 아래층	상층	아래층	집 구하기	개념	위치 및 방향
초급	위치	명사	위치를 옮기다			위치 표현하기	개념	위치 및 방향
고급	위태롭다	형용사	목숨이 위태롭다			보건과 의료		
중급	위하다	동사	가족을 위하다				사회생활	사회 활동
중급	위하다	동사	생계를 위하다					
초급	위험	명사	위험이 닥치다			교통 이용하기	사회생활	교통 이용 행위
중급	위험성	명사	위험성이 크다					
중급	위협	명사	위협을 주다				사회생활	언어 행위
고급	위화감	명사	위화감을 조성하다			심리	인간	감정
중급	윗글	명사	윗글을 읽다					
중급	윗사람	명사	윗사람을 모시다	손윗사람	아랫사람	인간관계	사회생활	인간관계
고급	유	명사	유와 무		무03			
고급	유가	명사	유가를 인상하다			경제 경영	경제생활	경제 수단
고급	유감	명사	유감을 표명하다			심리		
고급	유골	명사	유골이 안치되다	유해00		문화차이		
중급	유교	명사	유교 문화			문화 비교하기	종교	종교 유형
고급	유권자	명사	유권자의 선택	선거인00		정치	정치와 행정	정치 및 행정 주체
고급	유기농	명사	유기농 식물	유기 농업		식문화		
고급	유난스럽다	형용사	유난스러운 행동				인간	태도
중급	유난히	부사	유난히 작다				인간	태도
중급	유능	명사	유능과 무능				인간	능력
고급	유대감	명사	유대감을 형성하다			인간관계	사회생활	사회 활동
고급	유도	명사	유도 선수			스포츠	삶	여가 활동
중급	유도	명사	대화 유도				사회생활	사회 활동
고급	유독	부사	유독 심하다					
고급	유동	명사	유동 인구			사회문제		
고급	유동적01∙유동적	관형사∙명사	유동적 상황		고정적01|고정적02	사회문제		
중급	유람선	명사	유람선을 타다			여행	사회생활	교통수단
고급	유래	명사	유래가 깊다	내력		역사		
중급	유럽	명사	유럽 국가			여행	개념	지역
고급	유례	명사	유례가 없다	전례		사회문제		
중급	유료	명사	유료 주차장		무료01	컴퓨터와 인터넷	경제생활	경제 수단
중급	유리	명사	유리한 조건		불리			
초급	유리	명사	유리가 깨지다				주생활	가사 행위
중급	유리창	명사	유리창을 닦다			집 구하기	주생활	주택 구성
고급	유망	명사	유망 직종					
중급	유머	명사	유머 감각			성격 표현하기	사회생활	언어 행위
초급	유명	명사	유명 가수		무명02	여행		
중급	유물	명사	유물을 전시하다			여행	문화	전통문화
고급	유발	명사	동기 유발					
고급	유비무환	명사						
고급	유사	명사	유사 제품			경제 경영	개념	모양
중급	유산	명사	유산을 물려받다				문화	전통문화
고급	유서	명사	유서를 남기다				사회생활	언어 행위
고급	유세	명사	선거 유세			정치	정치와 행정	정치 및 행정 행위
고급	유식하다	형용사	유식한 사람		무식하다		인간	능력
고급	유심히	부사	유심히 살피다				인간	태도
고급	유아	명사	유아 시절	어린아이		교육	인간	사람의 종류
고급	유언	명사	유언을 남기다				사회생활	언어 행위
고급	유언비어	명사		낭설|뜬소문		사회문제	사회생활	말
고급	유연성	명사	유연성을 기르다			스포츠	인간	체력 상태
고급	유연하다	형용사	몸이 유연하다				인간	체력 상태
고급	유용	명사	유용 정보		무용03			
초급	유월	명사	달			날짜 표현하기	개념	시간
고급	유유상종	명사				인간관계		
고급	유의	명사	유의 사항				인간	인지 행위
고급	유익	명사	유익한 이야기					
중급	유일	명사	세계 유일					
고급	유일무이	명사						
고급	유입	명사	지하수 유입					
중급	유적	명사	유적이 발견되다	고적		여행	문화	전통문화
중급	유적지	명사	유적지를 조사하다			여행	문화	문화생활 장소
고급	유전	명사	가풍 유전			과학과 기술	교육	학문 용어
고급	유전	명사	유전 질환					
고급	유전병	명사	유전병에 걸리다			보건과 의료	삶	병과 증상
고급	유전자	명사	유전자를 조작하다	유전 인자		과학과 기술	교육	학문 용어
중급	유지	명사	질서 유지					
고급	유창성	명사	유창성을 기르다			언어		
중급	유창하다	형용사	영어가 유창하다			언어		
고급	유출	명사	원유 유출			사회문제	사회생활	통신 행위
고급	유출	명사	정보 유출					
고급	유치	명사	올림픽 유치				사회생활	사회 활동
초급	유치원	명사	유치원에 입학하다			학교생활	교육	교육 기관
중급	유치하다	형용사	유치한 생각			성격 표현하기	인간	태도
중급	유쾌	명사	유쾌한 성격			감정/기분 표현하기	인간	감정
중급	유통	명사	자본의 유통			직장생활	경제생활	경제 행위
중급	유통	명사	상품의 유통			직장생활	경제생활	경제 행위
고급	유포	명사	유언비어 유포			언론	사회생활	통신 행위
초급	유학	명사	유학을 가다			학교생활	교육	교수 학습 행위
고급	유학	명사	유학을 공부하다			철학, 윤리	교육	전공과 교과목
초급	유학생	명사	유학생 신분			학교생활	교육	교수 학습 주체
고급	유해	명사	유해 물질		무해00	사회문제		
초급	유행	명사	유행을 따르다			복장 표현하기		
고급	유행가	명사	유행가를 부르다			대중문화	문화	대중문화
중급	유형	명사	유형을 나누다					
중급	유혹	명사	뇌물의 유혹				사회생활	사회 활동
중급	유혹	명사	여자의 유혹					
고급	유효	명사	유효 기간		무효	법		
고급	유흥비	명사	유흥비로 사용하다			경제 경영	경제생활	경제 수단
고급	유희	명사	유희 시설	놀이		여가생활	삶	여가 활동
초급	육01/육	수사/관형사	숫자				개념	수
초급	육교	명사	육교를 건너다			길찾기	사회생활	교통 이용 장소
중급	육군	명사	육군 부대				정치와 행정	사법 및 치안 주체
고급	육로	명사	육로로 이동하다				사회생활	교통 이용 장소
고급	육류	명사	육류를 섭취하다			식문화	식생활	식재료
고급	육상	명사	육상 경기			스포츠		
고급	육식	명사	육식을 금하다			식문화	식생활	식사 및 조리 행위
초급	육십01/육십	수사/관형사	숫자				개념	수
고급	육아	명사	육아 문제			교육	삶	삶의 행위
중급	육지	명사	육지에서 살다	땅		지리정보	자연	지형
중급	육체	명사	건강한 육체	신체|육신		건강	인간	신체 부위
중급	육체적01∙육체적	관형사∙명사	육체적 피로		정신적01|정신적02	건강		
고급	윤	명사	윤이 나다	윤기		외양	개념	밝기
고급	윤리	명사	윤리 의식			철학, 윤리	교육	전공과 교과목
고급	윤리적	관형사∙명사	윤리적 가치관			철학, 윤리	인간	태도
고급	율동	명사	율동을 배우다			대중문화	문화	문화 활동
고급	융통성	명사	융통성이 없다	신축성			인간	태도
고급	융합	명사	융합 실험			과학과 기술	사회생활	사회 활동
초급	윷놀이	명사	윷놀이를 하다			가족행사	삶	여가 도구
고급	으레	부사						
고급	으르다	동사	으르는 말투			인간관계	인간	태도
고급	으스대다	동사	으스대는 모습				인간	태도
중급	으악	감탄사				감정/기분 표현하기		
중급	은	명사	금과 은				자연	자원
고급	은근히	부사	은근히 미워하다				개념	성질
고급	은메달	명사	은메달을 따다			스포츠		
고급	은사	명사	대학 은사			교육	교육	교수 학습 주체
고급	은은하다	형용사	은은한 조명				개념	밝기
고급	은퇴	명사	은퇴 발표			직장생활	사회생활	직장 생활
초급	은행	명사	은행에 입금하다				경제생활	경제 행위 장소
중급	은혜	명사	은혜를 갚다			인간관계	사회생활	사회 활동
고급	읊다	동사	시를 읊다			언어	사회생활	언어 행위
고급	음	명사	소리			교육	인간	소리
초급	음	감탄사						
고급	음	명사	음과 양		양05		교육	학문 용어
중급	음력	명사	음력 생일	태음력		가족행사	개념	시간
초급	음료	명사	과일 음료	음료수		음식 주문하기	식생활	음료
초급	음료수	명사	물	음용수		음식 주문하기	식생활	음료
초급	음료수	명사	주스			음식 주문하기	식생활	음료
고급	음모	명사	음모를 꾸미다					
중급	음반	명사	음반을 내다	디스크|판03		공연과 감상	문화	음악
중급	음성	명사	음성을 듣다				인간	생리 현상
초급	음식	명사	음식을 먹다			음식 주문하기	식생활	음식
초급	음식	명사	음식 찌꺼기	음식물				
중급	음식물	명사	음식물을 삼키다	음식		음식 설명하기	식생활	음식
초급	음식점	명사	음식점에서 식사하다	식당		음식 주문하기	식생활	식생활 관련 장소
초급	음악	명사	음악을 듣다			취미	문화	음악
초급	음악가	명사	음악가가 연주하다			소개하기(자기소개)	문화	문화 활동 주체
중급	음악회	명사	음악회에 가다	콘서트		공연과 감상	문화	문화생활 장소
중급	음주	명사	음주 운전		금주02	음식 설명하기	식생활	식사 및 조리 행위
고급	음질	명사	깨끗한 음질			대중문화		
고급	음치	명사	음치 클리닉			대중문화	인간	능력
고급	음향	명사	음향 효과			대중문화		
초급	응	감탄사						
고급	응급	명사	응급 치료			보건과 의료	삶	치료 행위
중급	응급실	명사	병원 응급실			건강	삶	치료 시설
고급	응급조치	명사	응급조치를 취하다			보건과 의료		
중급	응답	명사	응답을 기다리다		무응답|질의		사회생활	언어 행위
고급	응답자	명사	설문 응답자			교육	인간	사람의 종류
고급	응모	명사	응모 기간			직업과 진로		
중급	응시	명사	응시에 합격하다			직업과 진로	사회생활	직장 생활
고급	응용	명사	응용 학문					
중급	응원	명사	응원 소리			취미	사회생활	사회 활동
고급	응하다	동사	협상에 응하다				사회생활	사회 활동
고급	의	명사	의를 저버리다			철학, 윤리		
중급	의견	명사	의견을 나누다			인간관계	사회생활	언어 행위
고급	의과	명사	의과 대학			교육	교육	전공과 교과목
중급	의논	명사	의논 주제	논의		인간관계	사회생활	언어 행위
고급	의대	명사	의대에 진학하다			교육	교육	교육 기관
중급	의도	명사	의도를 파악하다	뜻|의향|의사01|의지02				
고급	의도적01∙의도적	관형사∙명사	의도적 접근				인간	태도
고급	의례적01∙의례적	관형사∙명사	의례적 행사					
고급	의뢰	명사	협조 의뢰				사회생활	사회 활동
고급	의료	명사	의료 행위			보건과 의료	삶	치료 행위
중급	의류	명사	여성 의류			복장 표현하기	의생활	옷 종류
고급	의리	명사	의리를 지키다	예의				
중급	의무	명사	의무를 다하다	책무			정치와 행정	정치 및 행정 행위
중급	의무적01∙의무적	관형사∙명사	의무적 규정					
중급	의문	명사	의문이 생기다				인간	인지 행위
초급	의미	명사	단어의 의미	뜻|의의		학교생활	사회생활	언어 행위
중급	의복	명사	의복을 갈아입다	옷		복장 표현하기	의생활	옷 종류
중급	의사	명사	의사를 밝히다	뜻|의도|의향|의지02			사회생활	언어 행위
초급	의사	명사	치과 의사				사회생활	직업
고급	의사소통	명사	의사소통 능력			언론	사회생활	언어 행위
중급	의상	명사	무대 의상	옷		복장 표현하기	의생활	옷 종류
중급	의상	명사	전통 의상					
고급	의생활	명사	의생활과 식생활			외양		
고급	의성어	명사	언어			언어	사회생활	말
고급	의술	명사	뛰어난 의술			보건과 의료	삶	치료 행위
중급	의식	명사	의식을 잃다			건강	인간	감각
중급	의식	명사	공동체 의식				인간	감각
중급	의식	명사	종교 의식	의례|식01		가족행사	사회생활	사회 행사
고급	의식적01∙의식적	관형사∙명사	의식적 행동				인간	인지 행위
고급	의식주	명사	의식주 문제			주거 생활		
중급	의심	명사	의심을 받다			감정/기분 표현하기	인간	인지 행위
고급	의아하다	형용사	의아한 시선			심리	인간	감정
고급	의약품	명사	의약품을 판매하다			보건과 의료	삶	치료 행위
중급	의외	명사	의외의 결과	뜻밖				
고급	의외로	부사	의외로 많다	뜻밖에		심리	인간	감정
중급	의욕	명사	의욕이 넘치다			감정/기분 표현하기	인간	감정
고급	의욕적01∙의욕적	관형사∙명사	의욕적 자세				인간	태도
고급	의원	명사	국회 의원			정치	정치와 행정	정치 및 행정 주체
고급	의의	명사	의의를 갖다	의미				
초급	의자	명사	의자에 앉다			학교생활	주생활	생활용품
고급	의젓하다	형용사	의젓한 태도				인간	태도
중급	의존	명사	알코올 의존				사회생활	사회 활동
고급	의존도	명사	의존도가 높다					
고급	의존적01∙의존적	관형사∙명사	의존적 자세				인간	태도
중급	의지	명사	난간에 의지하다				사회생활	사회 활동
중급	의지	명사	종교에 의지하다					
중급	의지	명사	의지가 강하다	뜻|의도|의향|의사01			인간	태도
고급	의태어	명사	언어			언어	사회생활	말
고급	의하다	동사	소문에 의하면					
고급	의학	명사	의학을 전공하다			교육	교육	전공과 교과목
고급	의학적01∙의학적	관형사∙명사	의학적 지식			보건과 의료		
고급	의향	명사	의향을 묻다	뜻|의도|의사01|의지02			인간	인지 행위
고급	의혹	명사	의혹이 생기다	의아		심리	인간	감정
고급	의회	명사	의회가 열리다			정치	정치와 행정	정치 및 행정 주체
초급	이	명사	이를 닦다				인간	신체 부위
고급	이	의존명사	말하는 이				인간	사람의 종류
초급	이06/이	관형사/대명사					개념	지시
초급	이07/이	수사/관형사	숫자				개념	수
초급	이거	대명사				위치 표현하기	개념	지시
초급	이것	대명사				위치 표현하기	개념	지시
고급	이것저것	명사	이것저것 묻다				개념	지시
고급	이견	명사	이견을 좁히다				사회생활	언어 행위
초급	이곳	대명사		여기		위치 표현하기	개념	지시
중급	이곳저곳	명사	이곳저곳을 살피다	여기저기		지리정보	개념	지역
중급	이국적01∙이국적	관형사∙명사	이국적 풍경			여행		
고급	이글거리다	동사	이글거리는 태양	이글대다|이글이글하다				
초급	이기다	동사	경기에서 이기다		지다02|패배하다		사회생활	사회 활동
고급	이기심	명사	이기심을 버리다			심리	인간	감정
중급	이기적01∙이기적	관형사∙명사	이기적 성격		이타적01|이타적02	성격 표현하기	인간	태도
고급	이기주의	명사	이기주의가 팽배하다	에고이즘		심리	인간	태도
중급	이끌다	동사	단체를 이끌다				사회생활	사회 활동
중급	이끌다	동사	대화를 이끌다				사회생활	사회 활동
고급	이끌리다	동사	손에 이끌리다					
초급	이날	명사	이날 공연			날짜 표현하기	개념	시간
중급	이내	부사					개념	정도
중급	이내	명사	한 시간 이내	안01	이외			
중급	이념	명사	교육 이념					
고급	이다	동사	머리에 이다				인간	신체 행위
중급	이달	명사	이달 말				개념	시간
중급	이대로	부사	이대로 두다				개념	지시
중급	이동	명사	장소 이동			여행		
고급	이득	명사	막대한 이득			경제 경영	경제생활	경제 상태
고급	이듬해	명사	이듬해 봄				개념	시간
중급	이따	부사	이따 만나요	이따가			개념	시간
초급	이따가	부사	이따가 가다	이따		시간 표현하기	개념	시간
고급	이따금	부사	이따금 생각나다	드문드문			개념	빈도
초급	이때	명사	이때를 놓치다			시간 표현하기	개념	시간
고급	이래	의존명사	건국 이래				개념	시간
중급	이래서	줄어든 말	이리하여서					
중급	이러다	동사	이러고 있다					
초급	이런	관형사	이런 일			위치 표현하기	개념	지시
중급	이런저런	관형사	이런저런 문제					
초급	이렇다	형용사	결과가 이렇다			위치 표현하기	개념	지시
고급	이레	명사	이레가 지나다	이렛날00			개념	수
고급	이력	명사	이력이 화려하다			직업과 진로	인간	능력
중급	이력서	명사	이력서를 내다			직업과 진로	사회생활	직장 생활
고급	이례적01∙이례적	관형사∙명사	이례적 조치					
중급	이론	명사	철학 이론					
고급	이론적01∙이론적	관형사∙명사	이론적 접근			철학, 윤리	교육	학문 행위
중급	이롭다	형용사	몸에 이롭다	유리하다01	해롭다			
고급	이루	부사	이루 말할 수 없다				개념	정도
중급	이루다	동사	꿈을 이루다					
중급	이루다	동사	가정을 이루다					
중급	이루어지다	동사	소원이 이루어지다					
중급	이룩하다	동사	성장을 이룩하다					
고급	이륙	명사	비행기 이륙		착륙		사회생활	교통 이용 행위
중급	이르다	동사	목적지에 이르다			여행		
중급	이르다	동사	자세히 이르다			인간관계		
초급	이르다	형용사	이른 아침		늦다02	시간 표현하기	개념	시간
중급	이른바	부사		소위02				
고급	이를테면	부사						
초급	이름	명사	이름을 짓다	명01		개인정보 교환하기		
초급	이름	명사	이름 석 자	성명01				
고급	이름나다	동사	이름난 가수			대중문화	사회생활	사회 생활 상태
중급	이름표	명사	이름표를 달다	명찰01		직업과 진로	개념	위치 및 방향
중급	이리	부사	이리 오다				개념	위치 및 방향
중급	이리저리	부사	이리저리 돌아다니다				개념	위치 및 방향
초급	이마	명사	이마가 넓다			외모 표현하기	인간	신체 부위
중급	이만	부사	이만 줄이다					
중급	이만큼01/이만큼	부사/명사	이만큼 달라지다	이만치01|이만치02			개념	정도
중급	이메일	명사	이메일을 보내다	전자 우편		컴퓨터와 인터넷	사회생활	소통 수단
고급	이면	명사	이면에 쓰다	뒷면				
고급	이면	명사	갈등의 이면	속|속사정|속정00	표면			
고급	이면지	명사	이면지로 활용하다					
초급	이모	명사	친척			소개하기(가족소개)	삶	친족 관계
초급	이미	부사	이미 끝나다	벌써			개념	시간
중급	이미지	명사	청각적 이미지	심상02		외모 표현하기		
중급	이미지	명사	이미지가 좋다			외모 표현하기		
중급	이민	명사	이민을 가다					
고급	이바지	명사	사회에 이바지하다				사회생활	사회 활동
중급	이발	명사	이발 도구			외모 표현하기	의생활	미용 행위
초급	이번	명사	이번 주	금번|이참		시간 표현하기	개념	시간
중급	이벤트	명사	이벤트가 열리다			대중매체	사회생활	사회 활동
중급	이별	명사	이별을 선언하다		상봉	인간관계	사회생활	사회 활동
초급	이분	대명사				소개하기(자기소개)	개념	인칭
초급	이불	명사	이불을 덮다			집 구하기	주생활	생활용품
중급	이비인후과	명사	이비인후과 진료			건강	삶	치료 시설
초급	이사	명사	이사를 가다				주생활	주거 행위
고급	이산가족	명사	이산가족 상봉			정치	삶	친족 관계
초급	이삿짐	명사	이삿짐을 싸다			집 구하기	주생활	주거 행위
초급	이상	명사	한 시간 이상		이하		개념	정도
고급	이상	명사	이상을 실현하다		현실	철학, 윤리	인간	인지 행위
초급	이상	명사	이상 기온					
중급	이상적01∙이상적	관형사∙명사	이상적 방법		현실적01|현실적02			
고급	이상형	명사	이상형을 만나다			인간관계	개념	모양
고급	이색적01∙이색적	관형사∙명사	이색적 풍경			대중문화		
중급	이성	명사	이성을 잃다				인간	감각
중급	이성	명사	이성 친구			인간관계	사회생활	인간관계
고급	이성적01∙이성적	관형사∙명사	이성적 판단		비이성적00	철학, 윤리	인간	태도
고급	이슬	명사	이슬이 맺히다			지리정보	자연	지표면 사물
고급	이슬람교	명사	이슬람교를 믿다	회교		종교	종교	종교 유형
고급	이식	명사	심장 이식			보건과 의료	삶	치료 행위
고급	이심전심	명사					인간	감정
초급	이십01/이십	수사/관형사	숫자				개념	수
초급	이야기	명사	이야기를 들려주다			학교생활	사회생활	언어 행위
초급	이야기	명사	이야기를 나누다			학교생활	사회생활	언어 행위
중급	이어	부사		이어서			개념	순서
고급	이어받다	동사	전통을 이어받다			역사		
고급	이어서	부사	이어서 시작되다	이어			개념	순서
중급	이어지다	동사	아래로 이어지다				개념	순서
중급	이어지다	동사	토론이 이어지다					
고급	이어폰	명사	이어폰으로 듣다			대중문화	의생활	모자, 신발, 장신구
고급	이열치열	명사				기후		
중급	이왕02/이왕	부사/명사	이왕의 일	이왕에|기왕01|기왕02				
고급	이왕이면	부사		기왕이면				
중급	이외	명사	관계자 이외		이내03			
초급	이용	명사	이용 방법			교통 이용하기		
중급	이용자	명사	인터넷 이용자			컴퓨터와 인터넷	인간	사람의 종류
초급	이웃	명사	이웃 나라				사회생활	인간관계
초급	이웃	명사	이웃 아줌마				사회생활	인간관계
중급	이웃집	명사	이웃집을 방문하다			집 구하기		
초급	이월	명사	달			날짜 표현하기	개념	시간
초급	이유	명사	이유를 묻다	원인				
고급	이윤	명사	이윤이 남다	이문|이익금		경제 경영	경제생활	경제 상태
중급	이윽고	부사						
고급	이의	명사	이의를 제기하다		동의03	법		
중급	이익	명사	이익과 손해		손해		경제생활	경제 행위
중급	이익	명사	이익이 남다	이윤				
중급	이자	명사	은행 이자				경제생활	경제 수단
초급	이전	명사	이전의 경험		이후	시간 표현하기	개념	순서
중급	이전	명사	주소 이전					
고급	이점	명사	지리적 이점					
초급	이제02/이제	부사/명사	이제부터			시간 표현하기	개념	시간
고급	이제껏	부사	이제껏 돌아다니다	여태껏			개념	시간
중급	이제야	부사	이제야 알다					
고급	이주	명사	해외 이주			역사	주생활	주거 행위
고급	이주민	명사	이주민이 늘어나다	이주자00		역사	인간	사람의 종류
고급	이중	명사	이중으로 등록하다					
고급	이직	명사	이직을 고려하다	전직02		직장생활	사회생활	직장 생활
고급	이직률	명사	이직률이 늘다			직장생활	경제생활	경제 상태
초급	이쪽	대명사		이편		위치 표현하기	개념	위치 및 방향
고급	이치	명사	하늘의 이치					
고급	이탈	명사	항로 이탈					
중급	이튿날	명사	이튿날 아침				개념	시간
초급	이틀	명사	이틀이 지나다			날짜 표현하기	개념	시간
중급	이하	명사	수준 이하		이상01		개념	정도
고급	이해	명사	이해를 따지다				경제생활	경제 상태
초급	이해	명사	이해가 쉽다				인간	인지 행위
중급	이해관계	명사	이해관계를 따지다					
고급	이행	명사	약속 이행			정치		
중급	이혼	명사	이혼 서류		결혼	연애와 결혼	삶	가족 행사
고급	이혼율	명사	이혼율이 증가하다			사회문제	개념	정도
초급	이후	명사	이후의 삶		이전	시간 표현하기	개념	순서
초급	익다	동사	과일이 익다				식생활	식사 및 조리 행위
초급	익다	동사	고기가 익다			요리 설명하기	식생활	식사 및 조리 행위
중급	익다	형용사	손에 익다					
중급	익다	형용사	낯이 익다					
고급	익명	명사	익명의 제보자			언론		
고급	익살스럽다	형용사	익살스러운 표정				개념	모양
초급	익숙하다	형용사	익숙한 손길			한국생활		
초급	익숙하다	형용사	익숙한 환경			한국생활		
중급	익히다	동사	고기를 익히다				식생활	식사 및 조리 행위
중급	익히다	동사	김치를 익히다			요리 설명하기	식생활	식사 및 조리 행위
중급	익히다	동사	기술을 익히다			학교생활|#직업과 진로		
중급	익히다	동사	얼굴을 익히다			학교생활|#직업과 진로		
고급	인	접사	한국인				인간	사람의 종류
고급	인	명사	사 인 가족				개념	세는 말
중급	인간	명사	인간 사회	사람			인간	사람의 종류
중급	인간관계	명사	인간관계가 좋다			인간관계	사회생활	인간관계
고급	인간미	명사	인간미가 넘치다			철학, 윤리	인간	태도
중급	인간성	명사	인간성이 좋다			성격 표현하기	인간	성격
중급	인간적01∙인간적	관형사∙명사	인간적 권리			성격 표현하기	인간	태도
중급	인간적01∙인간적	관형사∙명사	인간적 매력		비인간적00	성격 표현하기		
고급	인건비	명사	인건비가 비싸다			경제 경영	경제생활	경제 수단
중급	인격	명사	인격을 존중하다			성격 표현하기	인간	성격
고급	인격적	관형사∙명사	인격적 존중					
중급	인공	명사	인공 호수	인위				
고급	인공위성	명사	인공위성을 쏘다	위성		과학과 기술		
고급	인공적	관형사∙명사	인공적인 맛			과학과 기술		
중급	인구	명사	수도권 인구					
고급	인권	명사	인권을 존중하다			철학, 윤리		
고급	인근	명사	인근 지역	근처		지리정보	개념	위치 및 방향
초급	인기	명사	인기가 많다					
고급	인내	명사	인내로 극복하다			심리	인간	성격
고급	인내심	명사	인내심이 강하다			심리	인간	성격
중급	인도	명사	인도로 걷다	보도01		교통 이용하기	사회생활	교통 이용 장소
초급	인도네시아	명사	나라			개인정보 교환하기	개념	지역
고급	인도적01∙인도적	관형사∙명사	인도적 차원		비인도적00	정치		
중급	인력	명사	인력을 양성하다			직업과 진로|#직장생활		
중급	인류	명사	인류 공동체					
고급	인명	명사	인명 피해			사회문제		
고급	인문계	명사	인문계 고등학교			교육	교육	전공과 교과목
고급	인문학	명사	인문학을 공부하다			교육	교육	전공과 교과목
중급	인물	명사	인물 사진				인간	사람의 종류
중급	인물	명사	인물이 좋다			공연과 감상|#한국의 문학		
중급	인물	명사	등장인물					
초급	인분	의존명사	삼 인분			음식 주문하기	개념	세는 말
고급	인사	명사	유명 인사			언론	인간	사람의 종류
초급	인사	명사	아침 인사			인사하기	사회생활	사회 활동
초급	인사	명사	감사 인사			인사하기	사회생활	사회 활동
고급	인사	명사	인사 관리			직장생활	사회생활	직장 생활
고급	인산인해	명사					개념	양
초급	인삼	명사	인삼을 먹다	삼03		음식 주문하기	식생활	식재료
중급	인삼차	명사	인삼차를 마시다			음식 설명하기	식생활	음료
중급	인상	명사	인상이 좋다			외모 표현하기	인간	용모
중급	인상	명사	요금 인상		인하		경제생활	경제 행위
중급	인상	명사	인상에 남다				인간	용모
중급	인상적01∙인상적	관형사∙명사	인상적 작품					
고급	인상착의	명사	범인의 인상착의			외양	인간	용모
고급	인색	명사	남에게 인색하다			심리	인간	성격
중급	인생	명사	인생을 바치다	인생살이				
고급	인생관	명사	긍정적 인생관			철학, 윤리		
고급	인성	명사	인성 교육			철학, 윤리	인간	성격
중급	인쇄	명사	인쇄가 선명하다			대중매체	사회생활	통신 행위
중급	인스턴트	명사	인스턴트 음식			음식 설명하기	식생활	음식
중급	인식	명사	인식이 달라지다				인간	인지 행위
중급	인심	명사	인심이 넉넉하다			인간관계	인간	감정
중급	인연	명사	인연을 맺다	연고02		인간관계	사회생활	인간관계
중급	인용	명사	인용 문구				교육	학문 행위
중급	인원	명사	인원이 부족하다					
고급	인위적01∙인위적	관형사∙명사	인위적 모습	인공적00	자연적01|자연적02			
중급	인재	명사	우수한 인재					
고급	인적01∙인적	관형사∙명사	인적 사항					
중급	인정	명사	인정이 넘치다			인간관계	인간	감정
중급	인정	명사	소유권 인정				인간	인지 행위
중급	인정받다	동사	능력을 인정받다			직장생활		
고급	인종	명사	소수 인종			문화차이	인간	사람의 종류
고급	인지	명사	인지 능력				인간	인지 행위
고급	인지도	명사	인지도가 떨어지다			대중문화	개념	정도
초급	인천	명사	도시				개념	지역
중급	인체	명사	인체를 해부하다			건강	인간	신체 부위
고급	인출	명사	예금 인출			경제 경영	경제생활	경제 행위
고급	인출기	명사	현금 인출기					
초급	인터넷	명사	인터넷 쇼핑				사회생활	매체
중급	인터뷰	명사	인터뷰 기사			직업과 진로|#대중매체	사회생활	언어 행위
고급	인턴	명사	인턴으로 일하다			직업과 진로	사회생활	직위
고급	인파	명사	인파가 몰리다			여가생활		
중급	인하	명사	가격 인하		인상02		경제생활	경제 행위
중급	인하다	동사	그로 인하여					
초급	인형	명사	곰 인형				삶	여가 도구
고급	일	접사	기념일				개념	시간
초급	일	명사	일이 쌓이다					
초급	일	명사	슬픈 일					
초급	일	명사	일을 저지르다					
초급	일	명사	일이 생기다					
초급	일02/일	수사/관형사	숫자			날짜 표현하기	개념	수
중급	일	명사	요일				개념	시간
초급	일06/일	의존명사/명사	삼 일	-일		날짜 표현하기	개념	세는 말
고급	일간지	명사	일간지를 보다	일간 신문		언론	사회생활	매체
고급	일감	명사	일감이 쌓이다	일거리		경제 경영	경제생활	경제 수단
고급	일거양득	명사		일거이득00|일석이조			경제생활	경제 상태
초급	일곱02/일곱	수사/관형사	숫자				개념	수
중급	일곱째02∙일곱째01/일곱째	수사·관형사/명사	순서				개념	순서
고급	일과	명사	하루 일과			주거 생활	삶	일상 행위
고급	일관성	명사	일관성을 유지하다			철학, 윤리	인간	태도
고급	일광욕	명사	일광욕을 즐기다			기후	삶	여가 활동
중급	일교차	명사	일교차가 크다			날씨와 계절	개념	정도
고급	일그러지다	동사	표정이 일그러지다				개념	모양
초급	일기	명사	일기를 쓰다				삶	일상 행위
고급	일깨우다	동사	잘못을 일깨우다			교육	인간	인지 행위
고급	일념	명사	복수의 일념			심리		
고급	일다	동사	물결이 일다					
중급	일단	부사						
중급	일대	명사	서울 일대	일원00		교통 이용하기	개념	위치 및 방향
고급	일대일	명사	일대일 면접			직업과 진로		
중급	일등	명사	일등 신랑			학교생활	개념	순서
고급	일련	명사	일련의 과정			사회문제		
고급	일례	명사	일례를 들다					
고급	일류	명사	일류 대학			교육		
고급	일리	명사	일리가 있다					
고급	일몰	명사	일몰 시간	해넘이	일출	기후	자연	기상 및 기후
중급	일반	명사	일반 가정					
중급	일반	명사	일반 상식	보편				
고급	일반석	명사	일반석에 앉다				사회생활	교통수단
중급	일반인	명사	일반인 대상				인간	사람의 종류
중급	일반적01∙일반적	관형사∙명사	일반적 생각	보편적01|보편적02	국부적01|국부적02			
고급	일방적01∙일방적	관형사∙명사	일방적 주장				인간	태도
초급	일본	명사	나라			개인정보 교환하기	개념	지역
중급	일본어	명사	일본어 회화	일어		언어	사회생활	말
중급	일본인	명사	일본인을 만나다			문화 비교하기	인간	사람의 종류
초급	일부	명사	일부 지역	일부분			개념	정도
중급	일부러	부사	일부러 오다				인간	태도
중급	일부분	명사	일부분에 속하다	일부			개념	정도
고급	일삼다	동사	운동을 일삼다					
중급	일상	명사	일상에 만족하다					
중급	일상생활	명사	일상생활에서 사용하다					
중급	일상적01∙일상적	관형사∙명사	일상적 사용					
고급	일상화	명사	운동의 일상화					
중급	일생	명사	일생을 살다	평생				
중급	일석이조	명사		일거양득		언어		
중급	일손	명사	일손을 구하다	손01		집안일		
고급	일시01/일시	명사/부사	일시 귀국하다	한때01|한때02|한시01			개념	시간
중급	일시	명사	모임 일시				개념	시간
중급	일시불	명사	일시불로 내다			물건사기	경제생활	경제 수단
중급	일시적01∙일시적	관형사∙명사	일시적 감정				개념	시간
초급	일식	명사	일식을 먹다				식생활	음식
초급	일식집	명사	일식집에서 먹다			음식 주문하기	식생활	식생활 관련 장소
중급	일쑤/일쑤	명사/부사	굶기가 일쑤이다					
중급	일어	명사	일어로 말하다	일본어		언어	사회생활	말
초급	일어나다	동사	일찍 일어나다		자다	하루생활	삶	일상 행위
초급	일어나다	동사	의자에서 일어나다			하루생활	인간	신체 행위
초급	일어나다	동사	사고가 일어나다			하루생활		
초급	일어서다	동사	자리에서 일어서다	기립하다|일어나다			인간	신체 행위
초급	일요일	명사	요일			요일 표현하기	개념	시간
고급	일원	명사	사회의 일원					
초급	일월	명사	달			날짜 표현하기	개념	시간
중급	일으키다	동사	상체를 일으키다			사건, 사고, 재해 기술하기		
중급	일으키다	동사	문제를 일으키다			사건, 사고, 재해 기술하기		
중급	일일이	부사	일일이 검사하다	하나하나02				
고급	일자	명사	시험 일자	날짜			개념	시간
중급	일자리	명사	일자리를 구하다	직장		직업과 진로_x000D_	사회생활	직업
중급	일정	명사	일정 기준					
중급	일정	명사	여행 일정			여행		
중급	일정	명사	일정을 마치다					
고급	일정량	명사	일정량을 넘다				개념	양
중급	일정표	명사	경기 일정표			여행		
고급	일제히	부사	일제히 일어서다					
중급	일종	명사	일종의 자유					
고급	일주	명사	세계 일주			여가생활	삶	여가 활동
초급	일주일	명사	일주일이 걸리다			날짜 표현하기	개념	시간
고급	일찌감치	부사	일찌감치 끝내다	일찌거니00	느지감치00		개념	시간
초급	일찍	부사	일찍 오다	일찍이		시간 표현하기	개념	시간
초급	일찍	부사	먼저			시간 표현하기	개념	시간
중급	일찍이	부사	일찍이 떠나다	일찍			개념	시간
중급	일체02/일체	명사/부사	여행비 일체				개념	정도
중급	일출	명사	일출을 보다	해돋이	일몰	여행	자연	기상 및 기후
중급	일치	명사	의견 일치					
고급	일컫다	동사	최고라 일컫다			언어	사회생활	언어 행위
고급	일탈	명사	일탈 행위			사회문제		
고급	일터	명사	일터에서 일하다	작업장		직장생활	경제생활	경제 행위 장소
고급	일터	명사	일터를 구하다	직장				
중급	일행	명사	일행과 헤어지다			여행	사회생활	인간관계
고급	일화	명사	유명한 일화			역사		
고급	일환	명사	사업의 일환					
중급	일회용	명사	일회용 젓가락			환경문제		
중급	일회용품	명사	일회용품을 사용하다			환경문제		
초급	일흔02/일흔	수사/관형사	숫자				개념	수
중급	읽기	명사	읽기를 잘하다			학교생활	교육	교수 학습 행위
초급	읽다	동사	큰 소리로 읽다			공공기관 이용하기(도서관)	사회생활	언어 행위
초급	읽다	동사	시를 읽다					
중급	읽히다	동사	책이 읽히다			학교생활		
중급	읽히다	동사	책을 읽히다			학교생활		
초급	잃다	동사	물건을 잃다					
초급	잃다	동사	길을 잃다					
초급	잃어버리다	동사	물건을 잃어버리다					
초급	잃어버리다	동사	자식을 잃어버리다					
초급	잃어버리다	동사	길을 잃어버리다					
중급	임금	명사	임금을 올리다				경제생활	경제 수단
고급	임기	명사	임기가 끝나다			직장생활	개념	시간
고급	임대	명사	임대 아파트		임차00	직장생활	주생활	주거 형태
고급	임대료	명사	임대료를 내다		임차료00	직장생활	경제생활	경제 수단
고급	임명	명사	임명을 받다		해임	직장생활	사회생활	직장
중급	임무	명사	임무를 맡기다			직장생활	사회생활	직장 생활
고급	임산부	명사	만삭의 임산부			보건과 의료	인간	사람의 종류
중급	임시	명사	임시로 맡다			직업과 진로		
중급	임신	명사	임신 초기	잉태|회임		연애와 결혼	삶	삶의 행위
고급	임신부	명사	만삭의 임신부	임부		보건과 의료	인간	사람의 종류
고급	임업	명사	임업이 발달하다			경제 경영		
고급	임용	명사	교사 임용			직장생활	사회생활	직장
고급	임원	명사	임원을 선출하다			종교	사회생활	직위
고급	임종	명사	임종을 지키다			보건과 의료	삶	삶의 행위
고급	임하다	동사	경기에 임하다					
초급	입	명사	입을 열다			외모 표현하기	인간	신체 부위
고급	입가	명사	입가의 미소				인간	신체 부위
초급	입구	명사	지하철 입구		출구	길찾기	사회생활	교통 이용 장소
중급	입국	명사	입국 수속		출국	여행		
중급	입금	명사	입금 통장		출금	공공기관 이용하기	경제생활	경제 행위
초급	입다	동사	옷을 입다		벗다	복장 표현하기	의생활	의복 착용 행위
초급	입다	동사	피해를 입다					
중급	입대	명사	군 입대	입영	제대	문화 비교하기	정치와 행정	정치 및 행정 행위
중급	입력	명사	자료 입력					
중급	입맛	명사	입맛이 좋다	밥맛|식욕|구미01		음식 설명하기	인간	감각
중급	입사	명사	입사 시험		퇴사	직업과 진로	사회생활	직장 생활
고급	입상	명사	대회 입상					
초급	입술	명사	빨간 입술	입		외모 표현하기	인간	신체 부위
중급	입시	명사	대학 입시	입학시험		학교생활	교육	교수 학습 행위
고급	입실	명사	고사장 입실		퇴실		주생활	주거 행위
고급	입양	명사	해외 입양					
초급	입원	명사	입원 환자		퇴원	병원 이용하기	삶	치료 행위
중급	입장	명사	입장 시간		퇴장	공연과 감상		
중급	입장	명사	입장을 밝히다					
초급	입장권	명사	입장권을 사다			취미	삶	여가 활동
중급	입장료	명사	입장료를 내다			공연과 감상	경제생활	경제 수단
고급	입증	명사	무죄 입증			법		
고급	입지	명사	입지 조건			직장생활		
초급	입학	명사	대학 입학		퇴학	학교생활	교육	교수 학습 행위
중급	입학시험	명사	입학시험에 합격하다	입시		학교생활	교육	교수 학습 행위
중급	입학식	명사	입학식을 치르다	입교식		학교생활	사회생활	사회 행사
중급	입히다	동사	옷을 입히다			집안일	의생활	의복 착용 행위
중급	입히다	동사	피해를 입히다			집안일		
중급	잇다	동사	끈을 잇다				개념	순서
중급	잇다	동사	대를 잇다					
고급	잇달다	동사	문의가 잇달다	잇따르다				
중급	잇따르다	동사	차가 잇따르다	연달다|잇달다		사건, 사고, 재해 기술하기	개념	순서
고급	잇몸	명사	잇몸이 아프다			보건과 의료	인간	신체 부위
초급	있다01/있다	동사/형용사	나무가 있다		없다			
초급	있다01/있다	동사/형용사	집에 있다		없다			
초급	있다01/있다	동사/형용사	경험이 있다		없다			
초급	있다01/있다	동사/형용사	모임이 있다		없다			
초급	잊다	동사	번호를 잊다				인간	인지 행위
초급	잊다	동사	약속을 잊다					
초급	잊어버리다	동사	비밀번호를 잊어버리다				인간	인지 행위
중급	잊히다	동사	잊혀진 노래				인간	인지 행위
초급	잎	명사	잎이 무성하다				동식물	식물의 부분
중급	자	명사	자로 재다				교육	학습 관련 사물
중급	자	감탄사						
중급	자	명사	하늘 천 자	글자				
중급	자	명사	이름 석 자					
고급	자가	명사	자가 진단			교육		
중급	자가용	명사	자가용으로 출근하다			교통 이용하기	사회생활	교통수단
고급	자각	명사	자각 증세			보건과 의료	인간	인지 행위
고급	자갈	명사	자갈을 줍다			지리정보	자연	지표면 사물
중급	자격	명사	보호자 자격			직업과 진로		
중급	자격증	명사	자격증을 따다			직업과 진로		
고급	자국	명사	눈물 자국					
고급	자국	명사	자국으로 돌아가다	본국		정치	개념	지역
고급	자그마하다	형용사	자그마한 몸집				개념	모양
중급	자극	명사	외부 자극			감정/기분 표현하기		
고급	자극적01∙자극적	관형사∙명사	자극적 음식			언론	개념	정도
고급	자금	명사	결혼 자금			경제 경영	경제생활	경제 수단
고급	자급자족	명사				경제 경영	경제생활	경제 상태
중급	자기02/자기	대명사/명사	자기만 알다				개념	인칭
초급	자기소개	명사	자기소개를 하다			소개하기(자기소개)	사회생활	사회 활동
고급	자기중심적	관형사∙명사	자기중심적 사고			철학, 윤리	인간	태도
초급	자꾸	부사	자꾸 반복하다				개념	빈도
중급	자꾸만	부사	자꾸만 칭얼거리다				개념	빈도
고급	자네	대명사				언어	개념	인칭
중급	자녀	명사	자녀를 양육하다			개인정보 교환하기	삶	친족 관계
초급	자다	동사	낮잠을 자다		깨다01		삶	일상 행위
중급	자동	명사	자동으로 움직이다		수동02			
중급	자동	명사	자동 교체					
초급	자동차	명사	자동차를 운전하다			교통 이용하기	사회생활	교통수단
초급	자동판매기	명사	음료수 자동판매기	자판기		음식 주문하기		
중급	자라나다	동사	몸이 자라나다					
중급	자라나다	동사	자라난 환경					
초급	자라다	동사	나무가 자라다				동식물	동식물 행위
초급	자라다	동사	막내로 자라다					
초급	자랑	명사	솜씨 자랑			성격 표현하기	인간	태도
중급	자랑스럽다	형용사	아들이 자랑스럽다			감정/기분 표현하기	인간	감정
중급	자료	명사	자료를 찾다				교육	학습 관련 사물
초급	자르다	동사	머리를 자르다					
초급	자리	명사	자리에 앉다				개념	위치 및 방향
중급	자리	명사	자리를 펴다	이부자리				
고급	자립	명사	경제적 자립			경제 경영		
중급	자막	명사	영어 자막			공연과 감상		
고급	자만	명사	자만에 빠지다			심리	인간	태도
중급	자매	명사	쌍둥이 자매			가족행사	삶	친족 관계
고급	자모	명사	한글 자모	낱자		언어	교육	학문 용어
고급	자문	명사	자문을 구하다				사회생활	언어 행위
고급	자발적01∙자발적	관형사∙명사	자발적 참여				인간	태도
고급	자백	명사	자백을 받다			사회문제	사회생활	언어 행위
중급	자본	명사	자본이 부족하다			직업과 진로|#직장생활	경제생활	경제 수단
고급	자본주의	명사	자본주의 사회			정치		
중급	자부심	명사	자부심을 느끼다			감정/기분 표현하기	인간	감정
고급	자산	명사	자산을 모으다			경제 경영	경제생활	경제 수단
중급	자살	명사	자살을 시도하다	자결|자진00|자해	타살	사건, 사고, 재해 기술하기	삶	삶의 행위
고급	자상하다	형용사	자상한 성격			심리	인간	성격
고급	자선	명사	자선 공연			종교	사회생활	사회 활동
중급	자세	명사	바른 자세				인간	태도
중급	자세하다	형용사	자세한 설명					
초급	자세히	부사	자세히 알다					
고급	자손	명사	직계 자손			인간관계	삶	친족 관계
고급	자손	명사	자손이 번성하다	후손|후예				
고급	자수	명사	범인의 자수			사회문제	정치와 행정	사법 및 치안 행위
고급	자수성가	명사				경제 경영	삶	삶의 행위
초급	자식	명사	자식을 기르다			소개하기(가족소개)	삶	친족 관계
초급	자신	명사	자신을 돌보다			소개하기(자기소개)	개념	인칭
중급	자신	명사	자신이 있다	자부		성격 표현하기	인간	감정
중급	자신감	명사	자신감이 넘치다			성격 표현하기	인간	감정
고급	자신만만하다	형용사	자신만만한 태도			심리	인간	태도
고급	자아	명사	자아가 강하다			심리		
고급	자아실현	명사	자아실현을 꿈꾸다			철학, 윤리		
초급	자연	명사	자연으로 돌아가다			여행		
초급	자연	명사	자연을 보호하다			여행		
고급	자연계	명사	자연계 학과			교육	교육	전공과 교과목
중급	자연스럽다	형용사	자연스러운 모습		부자연스럽다		인간	태도
고급	자연재해	명사	자연재해가 일어나다	천재02		환경문제	자연	재해
중급	자연적01∙자연적	관형사∙명사	자연적 환경	천연적00	인위적01|인위적02			
중급	자연환경	명사	자연환경을 보호하다					
중급	자연히	부사	자연히 없어지다	자연02				
고급	자영업	명사	자영업에 종사하다			직업과 진로	사회생활	직업
고급	자영업자	명사	자영업자로 일하다			경제 경영	경제생활	경제 행위 주체
고급	자외선	명사	자외선이 강하다			과학과 기술	자연	기상 및 기후
중급	자원	명사	자원이 풍부하다			환경문제	자연	자원
고급	자원	명사	자원으로 입대하다			심리	인간	태도
고급	자원봉사	명사	자원봉사 활동			종교	사회생활	사회 활동
고급	자원봉사자	명사	자원봉사자를 모집하다			종교	인간	사람의 종류
초급	자유	명사	자유를 누리다				삶	삶의 상태
중급	자유롭다	형용사	자유로운 생각			성격 표현하기	인간	태도
고급	자유분방	명사				심리	인간	태도
고급	자유자재	명사				언어	인간	능력
고급	자율	명사	자율 학습		타율01	교육	인간	태도
고급	자율성	명사	자율성이 보장되다		타율성00		인간	태도
고급	자율적01∙자율적	관형사∙명사	자율적 분위기		타율적01|타율적02		인간	태도
고급	자음	명사	모음과 자음	닿소리		언어	교육	학문 용어
고급	자자손손	명사		대대손손			삶	친족 관계
고급	자장가	명사	자장가를 부르다				문화	음악
초급	자장면	명사	자장면을 먹다	짜장면		음식 주문하기	식생활	음식
고급	자재	명사	건축 자재			건축	주생활	주택 구성
초급	자전거	명사	자전거를 타다			교통 이용하기	사회생활	교통수단
고급	자정	명사	자정 무렵		정오		개념	시간
고급	자제	명사	자제가 필요하다					
중급	자존심	명사	자존심을 지키다			성격 표현하기	인간	감정
초급	자주	부사	자주 만나다			시간 표현하기	개념	빈도
고급	자주	명사	자주 독립			역사		
중급	자주색	명사	색	자주|자색00		외모 표현하기	개념	색깔
고급	자질	명사	자질을 갖추다			직업과 진로	인간	능력
고급	자체	명사	자체 점검					
고급	자초지종	명사				사회문제		
고급	자취	명사	자취를 감추다			사회문제		
중급	자취	명사	자취 생활			집 구하기		
고급	자치	명사	지방 자치			정치	정치와 행정	정치 및 행정 행위
고급	자칫	부사	자칫 잘못되다					
고급	자칫하다	동사	자칫하면 늦다					
고급	자태	명사	자태가 아름답다			외양	개념	모양
초급	자판기	명사	커피 자판기	자동판매기				
고급	작	접사	대표작				문화	예술
중급	작가	명사	시나리오 작가			공연과 감상	문화	문화 활동 주체
중급	작곡	명사	동요 작곡			공연과 감상	문화	문화 활동
중급	작곡가	명사	가요 작곡가			직업과 진로|#공연과 감상	문화	문화 활동 주체
초급	작년	명사	작년 겨울	지난해		날짜 표현하기	개념	시간
초급	작다	형용사	얼굴이 작다			물건사기	개념	모양
초급	작다	형용사	치수가 작다		크다01	물건사기	개념	모양
초급	작다	형용사	목소리가 작다		크다01	물건사기		
중급	작동	명사	작동을 멈추다					
중급	작문	명사	작문을 읽다	글짓기		한국의 문학	교육	교수 학습 행위
고급	작별	명사	작별 인사				사회생활	사회 활동
중급	작성	명사	보고서 작성			학교생활|#직장생활	교육	교수 학습 행위
고급	작성자	명사	보고서 작성자			컴퓨터와 인터넷	인간	사람의 종류
고급	작심삼일	명사						
중급	작업	명사	준비 작업			직장생활	사회생활	직장 생활
중급	작용	명사	상호 작용					
중급	작은아버지	명사	친척	숙부		가족행사	삶	친족 관계
중급	작은어머니	명사	친척	숙모		가족행사	삶	친족 관계
중급	작은집	명사	작은집에 가다			가족행사		
중급	작전	명사	작전을 세우다					
고급	작정	명사	떠나기로 작정하다				인간	인지 행위
중급	작품	명사	예술 작품			공연과 감상	문화	예술
초급	잔	명사	커피 잔			음식 주문하기	개념	세는 말
고급	잔고	명사	예금 잔고			경제 경영	경제생활	경제 수단
고급	잔돈	명사	잔돈으로 바꾸다			경제 경영	경제생활	경제 수단
중급	잔돈	명사	잔돈을 모으다	잔금02		물건사기	경제생활	경제 수단
중급	잔돈	명사	잔돈을 받다	거스름돈		물건사기	경제생활	경제 수단
중급	잔디밭	명사	잔디밭에 앉다			지리정보		
중급	잔뜩	부사	잔뜩 사다				개념	정도
중급	잔뜩	부사	잔뜩 기대하다					
중급	잔소리	명사	잔소리가 많다	잔말		인간관계	사회생활	언어 행위
고급	잔인하다	형용사	잔인한 행동					
고급	잔잔하다	형용사	잔잔한 호수					
초급	잔치	명사	생일잔치			초대와 방문	사회생활	사회 행사
초급	잘	부사	잘 모르다				개념	정도
초급	잘	부사	잘 맞다					
초급	잘	부사	잘 가다					
초급	잘	부사	잘 자다					
초급	잘	부사	잘 어울리다					
중급	잘나다	형용사	잘난 외모		못나다		인간	능력
고급	잘다	형용사	알이 잘다		굵다		개념	모양
초급	잘되다	동사	일이 잘되다		안되다01			
초급	잘되다	동사	잘된 작품		안되다01			
중급	잘리다	동사	나무가 잘리다			직장생활		
초급	잘못02/잘못	부사/명사	잘못이 많다					
초급	잘못되다	동사	순서가 잘못되다					
초급	잘못되다	동사	친구가 잘못되다					
초급	잘못하다	동사	계산을 잘못하다				인간	능력
초급	잘못하다	동사	말을 잘못하다					
중급	잘살다	동사	잘사는 나라					
초급	잘생기다	형용사	잘생긴 사람			외모 표현하기	인간	용모
초급	잘하다	동사	노래를 잘하다				인간	능력
초급	잠	명사	잠이 오다				삶	일상 행위
중급	잠그다	동사	문을 잠그다					
중급	잠그다	동사	단추를 잠그다				의생활	의복 착용 행위
중급	잠기다	동사	문이 잠기다			사건, 사고, 재해 기술하기		
중급	잠기다	동사	단추가 덜 잠기다					
중급	잠기다	동사	물에 잠기다			사건, 사고, 재해 기술하기		
중급	잠기다	동사	생각에 잠기다					
초급	잠깐02/잠깐	부사/명사	잠깐 기다리다			시간 표현하기	개념	시간
고급	잠꼬대	명사	잠꼬대가 심하다				사회생활	언어 행위
중급	잠들다	동사	아기가 잠들다				삶	일상 행위
초급	잠시02/잠시	부사/명사	잠시 기다리다			시간 표현하기	개념	시간
중급	잠옷	명사	잠옷을 입다			복장 표현하기	의생활	옷 종류
초급	잠자다	동사	잠자는 모습				삶	일상 행위
고급	잠자리	명사	잠자리를 펴다	자리02				
중급	잠자리	명사	잠자리가 날아다니다				동식물	곤충류
고급	잠자코	부사	잠자코 있다				인간	태도
고급	잠잠하다	형용사	바람이 잠잠하다					
고급	잠재력	명사	잠재력을 지니다			경제 경영	인간	능력
초급	잡다	동사	손을 잡다				인간	신체 행위
초급	잡다	동사	벌레를 잡다				인간	신체 행위
고급	잡다하다	형용사	잡다한 생각					
고급	잡담	명사	잡담을 나누다				사회생활	언어 행위
초급	잡수시다	동사	저녁을 잡수시다			음식 주문하기	식생활	식사 및 조리 행위
고급	잡아가다	동사	범인을 잡아가다					
고급	잡아끌다	동사	손목을 잡아끌다					
고급	잡아내다	동사	약점을 잡아내다					
중급	잡아당기다	동사	문을 잡아당기다					
중급	잡아먹다	동사	동물을 잡아먹다					
중급	잡아먹다	동사	시간을 잡아먹다					
고급	잡음	명사	잡음이 들리다	잡소리				
초급	잡지	명사	잡지를 보다	잡지책		취미	사회생활	매체
초급	잡채	명사	잡채를 먹다			음식 주문하기	식생활	음식
고급	잡초	명사	잡초를 뽑다	잡풀		환경문제	동식물	식물류
고급	잡화	명사	잡화 매장			경제 경영		
중급	잡히다	동사	도둑이 잡히다					
중급	잡히다	동사	균형이 잡히다					
고급	장	명사	제1장					
고급	장	접사	이사장	장01			사회생활	직위
고급	장	접사	단어장					
고급	장	명사	대화의 장					
고급	장	명사	장이 막히다	창자		보건과 의료	인간	신체 내부 구성
고급	장	명사	장을 담그다	간장01		식문화	식생활	식재료
고급	장	접사	삼일장			문화차이	삶	가족 행사
초급	장	의존명사	한 장			학교생활	개념	세는 말
중급	장가	명사	장가를 가다			연애와 결혼	삶	가족 행사
초급	장갑	명사	장갑을 끼다			복장 표현하기	의생활	모자, 신발, 장신구
고급	장거리	명사	장거리 운전	원거리		스포츠		
중급	장관	명사	장관에 임명되다			공공기관 이용하기	정치와 행정	정치 및 행정 주체
고급	장군	명사	장군의 명령			역사	정치와 행정	사법 및 치안 주체
고급	장기	명사	장기 자랑				인간	능력
고급	장기	명사	장기 계약	장기간	단기01	법	개념	시간
고급	장기	명사	장기를 기증하다			보건과 의료	인간	신체 내부 구성
중급	장기간	명사	장기간 머물다	장기02			개념	시간
중급	장기적01∙장기적	관형사∙명사	장기적 목표				개념	시간
중급	장난	명사	장난이 심하다			실수담 말하기		
중급	장난	명사	장난을 걸다			실수담 말하기		
초급	장난감	명사	장난감 기차	완구		취미	삶	여가 도구
중급	장남	명사	장남과 장녀	맏아들		가족행사	삶	친족 관계
고급	장년	명사	장년 남성				삶	삶의 상태
고급	장단	명사	판소리 장단					
중급	장단점	명사	성격의 장단점	장단02		성격 표현하기		
고급	장담	명사	장담을 못하다				사회생활	언어 행위
중급	장래	명사	장래 희망			직업과 진로	개념	시간
중급	장래	명사	장래가 유망하다	전도02		직업과 진로		
고급	장래성	명사	장래성이 있다			직업과 진로	인간	능력
고급	장려	명사	저축 장려			정치		
고급	장례	명사	장례를 치르다			인간관계	삶	가족 행사
중급	장례식	명사	장례식을 치르다			초대와 방문	삶	가족 행사
중급	장르	명사	영화의 장르			공연과 감상		
초급	장마	명사	여름 장마			날씨와 계절	자연	재해
중급	장마철	명사	장마철이 다가오다			날씨와 계절	개념	시간
고급	장만	명사	음식 장만					
중급	장면	명사	경기 장면			공연과 감상		
중급	장모	명사	장모와 장인			연애와 결혼	삶	친족 관계
초급	장미	명사	장미가 피다				동식물	식물류
중급	장미꽃	명사	장미꽃을 주다				동식물	식물류
고급	장바구니	명사	장바구니가 무겁다			경제 경영		
고급	장본인	명사	사건의 장본인				인간	사람의 종류
고급	장비	명사	촬영 장비					
중급	장사	명사	장사가 잘되다			직업과 진로|#직장생활	경제생활	경제 행위
초급	장소	명사	약속 장소			위치 표현하기	개념	지역
중급	장수	명사	장수 마을	만수01		건강		
고급	장시간	명사	장시간이 걸리다				개념	시간
중급	장식	명사	화려한 장식	치장|수식01		집 구하기		
고급	장신구	명사	머리 장신구			외양		
고급	장악	명사	언론 장악					
중급	장애	명사	장애 요인	방해|저해				
중급	장애	명사	시각 장애					
고급	장애물	명사	장애물을 넘다	방해물				
중급	장애인	명사	장애인 복지	불구자|장애자			인간	사람의 종류
고급	장유유서	명사				철학, 윤리	사회생활	사회 활동
중급	장인	명사	장인과 장모			연애와 결혼	삶	친족 관계
고급	장인	명사	장인 정신			직업과 진로		
중급	장점	명사	장점과 단점		단점	직업과 진로		
고급	장차	부사	장차 발전하다				개념	시간
고급	장치	명사	도청 장치			과학과 기술		
중급	장하다	형용사	아들이 장하다			감정/기분 표현하기	인간	감정
중급	장학금	명사	장학금을 받다			학교생활	경제생활	경제 수단
고급	장학생	명사	국비 장학생			교육		
고급	잦다	형용사	기침이 잦다				개념	빈도
고급	잦다	형용사	싸움이 잦다	흔하다				
중급	재-	접사	재등록					
고급	재개발	명사	재개발 지역			사회문제		
고급	재고	명사	재고 정리	재고품				
고급	재기	명사	재기를 꿈꾸다					
고급	재난	명사	재난을 피하다			사회문제	자연	재해
중급	재능	명사	예술적 재능			직업과 진로	인간	능력
중급	재다	동사	무게를 재다					
고급	재단	명사	재단을 설립하다					
중급	재떨이	명사	재떨이를 비우다				주생활	생활용품
고급	재력	명사	재력을 얻다				경제생활	경제 상태
고급	재롱	명사	재롱을 피우다					
초급	재료	명사	재료를 준비하다			요리 설명하기	식생활	식재료
고급	재무	명사	재무를 관리하다			경제 경영	경제생활	경제 수단
고급	재물	명사	재물을 모으다			경제 경영	경제생활	경제 수단
초급	재미	명사	재미를 느끼다			감정/기분 표현하기	인간	감정
초급	재미없다	형용사	재미없는 이야기		재미있다	감정/기분 표현하기		
초급	재미있다	형용사	재미있는 친구	재미나다	재미없다	한국생활		
고급	재배	명사	작물 재배			환경문제	경제생활	경제 행위
고급	재벌	명사	재벌 총수			경제 경영	경제생활	경제 행위 주체
고급	재빠르다	형용사	동작이 재빠르다				인간	태도
중급	재빨리	부사	재빨리 도망치다					
중급	재산	명사	재산을 모으다				경제생활	경제 수단
중급	재산	명사	나라의 재산					
중급	재생	명사	재생의 기회	갱생|소생				
중급	재생	명사	재생 종이					
중급	재생	명사	피부 재생					
고급	재수	명사	재수 학원				교육	교수 학습 행위
중급	재수	명사	재수가 좋다					
고급	재앙	명사	재앙이 닥치다			환경문제	자연	재해
중급	재우다	동사	아기를 재우다					
고급	재원	명사	막대한 재원				경제생활	경제 수단
중급	재작년	명사	재작년 여름	전전년00|전전해00|지지난해00			개념	시간
고급	재정	명사	국가 재정			경제 경영	경제생활	경제 상태
고급	재정적01∙재정적	관형사∙명사	재정적 지원			정치	경제생활	경제 상태
중급	재주	명사	재주가 많다			직업과 진로	인간	능력
중급	재주	명사	재주를 부리다			직업과 진로	인간	능력
고급	재직	명사	재직 기간			직장생활	사회생활	직장 생활
고급	재질	명사	금속 재질			외양		
초급	재채기	명사	재채기가 나오다				인간	생리 현상
고급	재촉	명사	재촉을 받다					
고급	재충전	명사	재충전을 시키다			여가생활		
고급	재치	명사	재치가 넘치다				인간	능력
중급	재킷	명사	재킷을 입다			복장 표현하기	의생활	옷 종류
고급	재택	명사	재택에서 일하다			직장생활		
고급	재테크	명사	재테크 비법			경제 경영	경제생활	경제 행위
중급	재판	명사	재판이 열리다				정치와 행정	사법 및 치안 행위
중급	재학	명사	재학 증명서			학교생활	교육	교수 학습 행위
중급	재학생	명사	재학생이 늘다			학교생활	교육	교수 학습 주체
고급	재해	명사	재해를 당하다			사회문제	자연	재해
고급	재현	동사	상황 재현			대중문화		
고급	재혼	명사	재혼 부부			인간관계	삶	삶의 행위
고급	재활	명사	재활 운동			보건과 의료	삶	치료 행위
중급	재활용	명사	재활용 쓰레기			환경문제		
중급	재활용품	명사	재활용품을 모으다			환경문제		
중급	잼	명사	잼을 바르다			음식 설명하기	식생활	식재료
고급	잽싸다	형용사	걸음이 잽싸다				인간	태도
고급	쟁점	명사	쟁점을 다루다	이슈		사회문제		
중급	쟤	줄어든 말	저 아이				개념	인칭
초급	저	대명사				소개하기(자기소개)	개념	인칭
중급	저-	접사	저학년		고-02		개념	정도
초급	저04/저	관형사/대명사				위치 표현하기	개념	지시
초급	저	감탄사						
고급	저가	명사	저가 항공	싼값	고가02	경제 경영	경제생활	경제 상태
초급	저거	대명사				위치 표현하기	개념	지시
초급	저것	대명사				위치 표현하기	개념	지시
고급	저고리	명사	저고리를 입다			외양	의생활	옷 종류
초급	저곳	대명사		저기01		위치 표현하기	개념	지시
초급	저금	명사	저금을 찾다				경제생활	경제 행위
중급	저급	명사	저급 문화		고급	학교생활	개념	정도
초급	저기	대명사		저곳		위치 표현하기	개념	지시
중급	저기	감탄사					개념	지시
고급	저기압	명사	저기압과 고기압			기후	자연	기상 및 기후
초급	저녁	명사	저녁이 되다		아침	시간 표현하기	개념	시간
초급	저녁	명사	저녁을 먹다	저녁밥	아침	시간 표현하기	식생활	식사 및 조리 행위
중급	저녁때	명사	저녁때에 만나다	저녁녘			개념	시간
중급	저녁때	명사	저녁때까지 굶다				개념	시간
중급	저러다	동사	떠들고 저러다				개념	지시
초급	저런	관형사	저런 사람			위치 표현하기	개념	지시
고급	저런	감탄사						
초급	저렇다	형용사				위치 표현하기	개념	지시
중급	저렴하다	형용사	저렴한 물건			물건사기	경제생활	경제 상태
중급	저리	부사	저리 치우다				개념	위치 및 방향
고급	저리다	형용사	다리가 저리다			보건과 의료	인간	감각
중급	저마다01/저마다	부사/명사	저마다 다르다					
중급	저만큼01/저만큼	부사/명사	저만큼 느끼다	저만치01|저만치02			개념	정도
고급	저물다	동사	날이 저물다			기후	자연	기상 및 기후
고급	저버리다	동사	기대를 저버리다					
초급	저번	명사	저번 주	지난번		시간 표현하기	개념	시간
초급	저분	대명사				소개하기(자기소개)	개념	인칭
고급	저서	명사	저서를 쓰다				문화	문학
고급	저소득	명사	저소득과 고소득		고소득	경제 경영	경제생활	경제 상태
고급	저승	명사	저승과 이승	저세상|황천00	이승	종교		
중급	저울	명사	저울에 달다			물건사기	식생활	조리 도구
중급	저자	명사	책의 저자				문화	문화 활동 주체
고급	저작권	명사	저작권을 가지다			언론		
중급	저장	명사	파일 저장	갈무리		컴퓨터와 인터넷		
중급	저절로	부사	저절로 가다					
고급	절정	명사	인기 절정	정점|정상03				
고급	저조	명사	참여율 저조					
중급	저지르다	동사	실수를 저지르다			실수담 말하기		
초급	저쪽	대명사		저편		위치 표현하기	개념	지시
중급	저축	명사	저축 예금				경제생활	경제 행위
고급	저출산	명사	저출산 문제			사회문제		
고급	저하	명사	시력 저하				개념	정도
고급	저학력	명사	저학력과 고학력			교육	인간	능력
고급	저항	명사	저항을 받다			역사		
고급	저해	명사	저해 요인	방해|장애				
고급	저혈압	명사	저혈압과 고혈압	저혈압증00		보건과 의료	삶	병과 증상
초급	저희	대명사				소개하기(자기소개)	개념	인칭
중급	적	명사	적을 공격하다				사회생활	인간관계
중급	적	명사	건강의 적					
중급	적극	명사	적극 검토하다		소극00	성격 표현하기	인간	태도
중급	적극적01∙적극적	관형사∙명사	적극적 태도		소극적01|소극적02	성격 표현하기	인간	태도
고급	적금	명사	적금 통장			경제 경영	경제생활	경제 행위
초급	적다	동사	이름을 적다			학교생활	개념	양
초급	적다	형용사	양이 적다		많다			
초급	적당하다	형용사	적당한 가격				개념	정도
중급	적당히	부사	적당히 마시다				인간	태도
고급	적대	명사	적대 관계			정치	사회생활	사회 활동
고급	적도	명사	지구의 적도			지리정보	개념	지역
고급	적령기	명사	결혼 적령기			문화차이	개념	시간
고급	적립	명사	포인트 적립			경제 경영	경제생활	경제 행위
고급	적발	명사	비리 적발	적출		법	정치와 행정	사법 및 치안 행위
고급	적색	명사	색				개념	색깔
중급	적성	명사	적성을 고려하다			직업과 진로	인간	능력
고급	적시다	동사	수건을 적시다					
중급	적어도	부사					개념	정도
중급	적어지다	동사	수입이 적어지다				개념	정도
중급	적용	명사	적용을 받다					
중급	적응	명사	시차 적응			한국생활	사회생활	사회 활동
고급	적응력	명사	적응력이 뛰어나다			직업과 진로	인간	능력
중급	적자	명사	적자가 발생하다		흑자		경제생활	경제 수단
고급	적잖다	형용사	적잖은 비용				개념	양
중급	적절하다	형용사	적절한 시기				개념	정도
고급	적절히	부사	적절히 이용하다					
고급	적정	명사	적정 온도					
고급	적합	명사	적합 판정					
중급	적히다	동사	이름이 적히다					
초급	전	관형사	전 세계				개념	수
고급	전	접사	사진전				문화	문화생활 장소
초급	전02/전	명사/관형사	전 총리			시간 표현하기		
초급	전02/전	명사/관형사	결혼 전		후02	시간 표현하기	개념	순서
고급	전	접사	결승전			스포츠	삶	여가 활동
중급	전개	명사	새로운 전개					
중급	전개	명사	내용 전개					
초급	전공	명사	전공 공부			학교생활	교육	전공과 교과목
초급	전공	명사	전공을 이수하다	전공과목		학교생활	교육	전공과 교과목
고급	전구	명사	전구를 갈다	알01		과학과 기술	주생활	생활용품
중급	전국	명사	전국 대회	거국		지리정보	개념	지역
중급	전국적01∙전국적	관형사∙명사	전국적 규모			지리정보		
고급	전기	명사	전기를 맞이하다					
고급	전기	명사	전기와 후기		후기02	역사	개념	시간
고급	전기	명사	전기를 읽다			역사		
초급	전기	명사	전기가 끊기다				주생활	가사 행위
중급	전날	명사	시험 전날				개념	시간
고급	전년	명사	전년 대비	지난해		경제 경영	개념	시간
고급	전념	명사	전념을 다하다				인간	태도
중급	전달	명사	물건 전달				사회생활	사회 활동
고급	전담	명사	전담 부서			직장생활		
고급	전동	명사	전동 기관차			과학과 기술		
고급	전등	명사	전등을 켜다			과학과 기술	주생활	생활용품
고급	전래	명사	전래 동화			문화차이		
고급	전략	명사	전략을 세우다			직장생활		
고급	전략적01∙전략적	관형사∙명사	전략적 선택			직장생활		
고급	전력	명사	전력 소비량			과학과 기술	자연	자원
고급	전력	명사	전력을 다하다				인간	태도
중급	전망	명사	아파트 전망	조망		직업과 진로		
중급	전망	명사	전망이 밝다			직업과 진로		
고급	전망대	명사	전망대에 오르다			여가생활		
고급	전면	명사	전면 광고					
고급	전면적01∙전면적	관형사∙명사	전면적 개혁					
고급	전무후무	명사						
고급	전문	명사	전문을 읽다				사회생활	소통 수단
중급	전문	명사	전문 분야					
중급	전문가	명사	전문가를 초빙하다			직업과 진로	사회생활	직업
고급	전문성	명사	전문성이 높다			직업과 진로		
중급	전문적01∙전문적	관형사∙명사	전문적 지식		일반적01|일반적02			
중급	전문점	명사	커피 전문점			물건사기	경제생활	경제 행위 장소
중급	전문직	명사	전문직에 종사하다			직업과 진로	사회생활	직업
고급	전반	명사	사회 전반			사회문제	개념	시간
고급	전반	명사	전반과 후반			스포츠		
고급	전반부	명사	전반부와 후반부		후반부	스포츠		
고급	전반적01∙전반적	관형사∙명사	전반적 수준					
초급	전부02/전부	부사/명사	전부 모이다	모두01|모두02			개념	양
중급	전설	명사	아름다운 전설			한국의 문학	문화	전통문화
고급	전성기	명사	전성기를 누리다				개념	시간
중급	전세	명사	전세로 살다			집 구하기	주생활	주거 형태
고급	전셋값	명사	전셋값이 비싸다	전세가		건축	경제생활	경제 수단
고급	전송	명사	사진 전송			컴퓨터와 인터넷	사회생활	통신 행위
중급	전시	명사	전시 상품			공연과 감상	문화	문화 활동
고급	전시관	명사	전시관을 구경하다			예술	문화	문화생활 장소
중급	전시장	명사	가구 전시장			공연과 감상	문화	문화생활 장소
중급	전시회	명사	전시회를 관람하다			공연과 감상	문화	문화생활 장소
고급	전신	명사	전신 거울	온몸		보건과 의료	인간	신체 부위
고급	전액	명사	전액 환불			경제 경영	경제생활	경제 수단
고급	전업	명사	전업 작가			직업과 진로		
고급	전역	명사	수도권 전역				개념	지역
고급	전염	명사	감기 전염			보건과 의료	삶	병과 증상
고급	전염병	명사	전염병에 걸리다			보건과 의료	삶	병과 증상
중급	전용	명사	외국인 전용					
중급	전용	명사	버스 전용					
중급	전원	명사	전원이 참가하다				개념	정도
중급	전원	명사	전원을 끄다			컴퓨터와 인터넷		
고급	전유물	명사	특권층의 전유물					
고급	전율	명사	전율을 느끼다			대중문화	인간	감각
고급	전자	명사	전자와 후자		후자			
중급	전자	명사	전자 제품					
중급	전자레인지	명사	전자레인지에 데우다			집 구하기	식생활	조리 도구
중급	전자사전	명사	전자사전을 찾다			학교생활	교육	학습 관련 사물
중급	전쟁	명사	한국 전쟁					
중급	전쟁	명사	입시 전쟁					
고급	전쟁터	명사	전쟁터에 나가다	전장		정치		
고급	전적01∙전적	관형사∙명사	전적인 책임					
중급	전제	명사	전제 조건					
고급	전직	명사	전직 장관			직업과 진로	사회생활	직업
초급	전철	명사	전철을 타다			교통 이용하기	사회생활	교통수단
초급	전체	명사	전체 국민				개념	양
중급	전체적01∙전체적	관형사∙명사	전체적 분위기					
중급	전통	명사	전통 의상			문화 비교하기	문화	전통문화
고급	전통문화	명사	전통문화를 계승하다			문화차이	문화	전통문화
중급	전통적01∙전통적	관형사∙명사	전통적 방식			문화 비교하기		
고급	전투	명사	전투를 치르다			정치		
고급	전파	명사	문화의 전파				사회생활	통신 행위
초급	전하다	동사	편지를 전하다				사회생활	사회 활동
초급	전하다	동사	마음을 전하다				사회생활	사회 활동
고급	전학	명사	전학을 가다			교육	교육	교수 학습 행위
초급	전혀	부사	전혀 모르다	전연			개념	정도
고급	전형	명사	전형을 따르다					
고급	전형적01∙전형적	관형사∙명사	전형적인 인물					
초급	전화	명사	전화를 걸다			전화하기	사회생활	소통 수단
초급	전화	명사	전화가 울리다	전화기		전화하기	사회생활	소통 수단
초급	전화기	명사	전화기 벨소리	전화		전화하기	주생활	생활용품
초급	전화번호	명사	집 전화번호			개인정보 교환하기		
고급	전화위복	명사						
고급	전환	명사	기분 전환			여가생활		
고급	전환기	명사	전환기를 맞다			역사	개념	시간
고급	전환점	명사	인생의 전환점					
중급	전후	명사	전후 사정	앞뒤				
중급	전후	명사	명절 전후	-경01			개념	시간
중급	절	명사	절에 가다	사찰01		문화 비교하기	종교	종교 활동 장소
중급	절	명사	절을 받다			문화 비교하기	사회생활	사회 활동
중급	절	명사	1장 1절					
중급	절	명사	노래 일 절					
고급	절감	명사	에너지 절감			경제 경영	경제생활	경제 행위
고급	절다	동사	다리를 절다			보건과 의료	인간	신체 행위
중급	절대01/절대	명사/부사	절대 안정	절대로				
중급	절대로	부사	절대로 아니다	절대02				
중급	절대적01∙절대적	관형사∙명사	절대적 신뢰					
중급	절대적01∙절대적	관형사∙명사	절대적 권력					
고급	절도	명사	절도 사건				정치와 행정	사법 및 치안 행위
고급	절로	부사	절로 웃음이 나다					
중급	절망	명사	절망을 느끼다			감정/기분 표현하기	인간	감정
중급	절반	명사	절반 이상	반절02			개념	정도
고급	절벽	명사	절벽을 오르다			지리정보	자연	지형
고급	절실하다	형용사	절실한 눈빛			심리	인간	감정
중급	절약	명사	시간 절약				경제생활	경제 행위
고급	절이다	동사	소금에 절이다			식문화	식생활	식사 및 조리 행위
고급	절전	명사	에너지 절전			주거 생활	경제생활	경제 행위
고급	절제	명사	감정의 절제				인간	인지 행위
중급	절차	명사	수속 절차					
고급	절친하다	형용사	절친한 사이	극친하다00		인간관계	사회생활	사회 생활 상태
초급	젊다	형용사	젊은 남녀			외모 표현하기	인간	용모
중급	젊은이	명사	젊은이의 꿈		늙은이	인간관계	인간	사람의 종류
중급	젊음	명사	젊음을 유지하다			건강	인간	신체 변화
고급	점	명사	점을 보다				종교	종교 행위
중급	점02/점	명사/의존명사	점을 찍다					
중급	점02/점	명사/의존명사	백 점					
중급	점검	명사	점검을 받다					
고급	점령	명사	점령을 당하다	점거		정치	정치와 행정	정치 및 행정 행위
초급	점수	명사	점수가 높다			학교생활	교육	교수 학습 행위
초급	점심	명사	점심에 만나다	점심때		시간 표현하기	개념	시간
초급	점심	명사	점심을 먹다	중식00		시간 표현하기	식생활	식사 및 조리 행위
중급	점심때	명사	점심때가 되다	점심			개념	시간
초급	점심시간	명사	점심시간이 되다			시간 표현하기	개념	시간
중급	점원	명사	백화점 점원			물건사기	경제생활	경제 행위 주체
고급	점유율	명사	점유율이 높다			경제 경영	개념	정도
중급	점잖다	형용사	점잖은 말투			성격 표현하기	인간	태도
중급	점잖다	형용사	점잖은 분위기			성격 표현하기		
초급	점점	부사	점점 추워지다	차차			개념	정도
고급	점진적01∙점진적	관형사∙명사	점진적 발전					
중급	점차02/점차	부사/명사	점차 좋아지다	점점|차차				
고급	점치다	동사	미래를 점치다				종교	종교 행위
중급	점퍼	명사	점퍼를 입다	잠바		복장 표현하기	의생활	옷 종류
고급	점포	명사	점포 임대			경제 경영	경제생활	경제 행위 장소
고급	점프	명사	점프 동작			스포츠	인간	신체 행위
중급	접근	명사	접근을 막다					
초급	접다	동사	종이를 접다			학교생활	인간	신체 행위
고급	접대	명사	접대를 받다			인간관계	사회생활	사회 활동
중급	접속	명사	문장 접속			컴퓨터와 인터넷	사회생활	통신 행위
중급	접속	명사	전기 접속					
중급	접속	명사	인터넷 접속					
중급	접수	명사	원서 접수					
초급	접시	명사	접시에 담다			음식 주문하기	식생활	조리 도구
중급	접어들다	동사	가을에 접어들다					
고급	접전	명사	접전을 벌이다			정치		
고급	접종	명사	예방 접종			보건과 의료	삶	치료 행위
중급	접촉	명사	접촉 사고			사건, 사고, 재해 기술하기		
중급	접촉	명사	사회적 접촉					
중급	접하다	동사	소식을 접하다.					
초급	젓가락	명사	젓가락과 숟가락			음식 주문하기	식생활	조리 도구
중급	젓다	동사	커피를 젓다			요리 설명하기		
중급	젓다	동사	노를 젓다			요리 설명하기		
중급	젓다	동사	팔을 젓다			요리 설명하기		
고급	정	부사		정히			개념	정도
중급	정	명사	정이 들다			인간관계	인간	감정
고급	정감	명사	정감을 느끼다			심리	인간	감정
초급	정거장	명사	버스 정거장	정류장		교통 이용하기	사회생활	교통 이용 장소
고급	정겹다	형용사	정겨운 목소리			심리	사회생활	사회 생활 상태
고급	정계	명사	정계 인사	정치계00			정치와 행정	정치 및 행정 주체
고급	정교하다	형용사	정교한 기법				개념	모양
고급	정권	명사	정권이 바뀌다			정치	정치와 행정	정치 및 행정 행위
고급	정규	명사	정규 직원					
고급	정규직	명사	정규직 사원			직장생활	사회생활	직위
중급	정기	명사	정기 휴일				개념	시간
중급	정기적01∙정기적	관형사∙명사	정기적 모임					
고급	정년	명사	정년을 앞두다			직장생활	사회생활	직장 생활
고급	정년퇴직	명사	정년퇴직을 맞다			직장생활	사회생활	직장 생활
중급	정답	명사	정답을 고르다		오답	학교생활	교육	교수 학습 행위
고급	정답다	형용사	정다운 얼굴			심리	사회생활	사회 생활 상태
중급	정당	명사	정당에 가입하다	당03			정치와 행정	정치 및 행정 주체
고급	정당하다	형용사	정당한 대가		부당하다			
초급	정도	명사	어느 정도				개념	정도
초급	정도	명사	하루 정도				개념	정도
초급	정류장	명사	버스 정류장	정거장|정류소		교통 이용하기	사회생활	교통 이용 장소
초급	정리	명사	책상 정리			집안일	주생활	가사 행위
초급	정리	명사	파일 정리					
초급	정말02/정말	부사/명사	정말 좋다	참말01|참말02		사과하기	개념	정도
중급	정말로	부사	정말로 믿다	진짜로|정말02			개념	정도
중급	정면	명사	건물의 정면			교통 이용하기	개념	위치 및 방향
초급	정문	명사	학교 정문			학교생활	교육	학교 시설
고급	정밀	명사	정밀 검사			과학과 기술		
중급	정반대	명사	정반대로 행동하다				개념	위치 및 방향
중급	정보	명사	여행 정보					
중급	정보화	명사	정보화 사회					
고급	정복	명사	정복을 당하다			정치	정치와 행정	정치 및 행정 행위
중급	정부	명사	한국 정부			공공기관 이용하기	정치와 행정	정치 및 행정 주체
중급	정부	명사	정부 예산	행정부				
고급	정비	명사	제도 정비			사회제도		
고급	정사각형	명사	정사각형 모양	정방형			개념	모양
중급	정상	명사	정상 수업					
고급	정상	명사	산 정상	산꼭대기|절정		지리정보	자연	지형
중급	정상적01∙정상적	관형사∙명사	정상적 생활					
고급	정상화	명사	정상화 대책			사회문제		
고급	정서	명사	정서 불안			심리		
고급	정서적01∙정서적	관형사∙명사	정서적 교감					
중급	정성	명사	정성을 다하다			인간관계	인간	감정
고급	정성껏	부사	정성껏 준비하다				인간	태도
고급	정성스럽다	형용사	정성스러운 기도				인간	태도
고급	정세	동사	주변 정세	상황|형세			정치와 행정	정치 및 치안 상태
중급	정수기	명사	정수기를 설치하다			집 구하기	식생활	조리 도구
중급	정식	명사	정식 회원					
중급	정신	명사	절약 정신				인간	감각
고급	정신과	명사	정신과 치료			보건과 의료	삶	치료 시설
고급	정신력	명사	정신력이 강하다				인간	능력
중급	정신없다	형용사	구경에 정신없다				인간	감각
중급	정신없다	형용사	준비로 정신없다				삶	삶의 상태
중급	정신없이	부사	정신없이 찾다				인간	감각
중급	정신적01∙정신적	관형사∙명사	정신적 여유		육체적01|육체적02			
고급	정연하다	형용사	논리가 정연하다					
고급	정열	명사	정열을 바치다			심리	인간	감정
고급	정열적01∙정열적	관형사∙명사	정열적 사랑			심리	인간	태도
중급	정오	명사	정오 뉴스		자정01		개념	시간
중급	정원	명사	정원 미달					
초급	정원	명사	정원을 가꾸다			집 구하기	주생활	주택 구성
고급	정월	명사	정월 대보름			문화차이	개념	시간
중급	정육점	명사	정육점의 고기			요리 설명하기	경제생활	경제 행위 장소
고급	정의	명사	정의의 사도			철학, 윤리		
중급	정의	명사	사전 정의					
중급	정작	부사						
중급	정장	명사	정장을 입다			복장 표현하기	의생활	옷 종류
고급	정적02∙정적	관형사∙명사	정적인 분위기		동적01|동적02			
고급	정적	명사	정적이 흐르다					
고급	정전	명사	정전 사고			사회문제		
고급	정점	명사	정점에 다다르다	절정				
고급	정정당당하다	형용사	정정당당한 승부					
고급	정중하다	형용사	정중한 자세				인간	태도
중급	정지	명사	운행 정지					
중급	정지	명사	영업 정지					
중급	정직	명사	정직을 추구하다				인간	태도
중급	정착	명사	정착 생활					
중급	정착	명사	민주주의 정착					
중급	정책	명사	정책 수립	정략		공공기관 이용하기	정치와 행정	정치 및 행정 행위
고급	정책적01∙정책적	관형사∙명사	정책적 지원			정치	정치와 행정	정치 및 행정 행위
고급	정체	명사	정체가 드러나다					
고급	정체	명사	정체가 심하다					
고급	정체기	명사	정체기를 겪다			역사	개념	시간
고급	정체성	명사	정체성을 찾다			역사		
중급	정치	명사	정치 활동				정치와 행정	정치 및 행정 행위
고급	정치가	명사	정치가를 뽑다	정치인		직업과 진로	정치와 행정	정치 및 행정 주체
중급	정치인	명사	야당 정치인	정치가		직업과 진로	정치와 행정	정치 및 행정 주체
중급	정치적01∙정치적	관형사∙명사	정치적 대립				정치와 행정	정치 및 행정 행위
중급	정치적01∙정치적	관형사∙명사	정치적 방법				정치와 행정	정치 및 행정 행위
고급	정통	명사	정통 요리					
초급	정하다	동사	시간을 정하다				사회생활	사회 활동
초급	정하다	동사	규칙을 정하다				사회생활	사회 활동
중급	정형외과	명사	정형외과 의사			건강	삶	치료 시설
고급	정화	명사	환경 정화			환경문제		
고급	정화	명사	자기 정화	카타르시스				
초급	정확	명사	발음이 정확하다		부정확		개념	정도
고급	정확성	명사	논리적 정확성			언어		
중급	정확히	부사	정확히 계산하다					
중급	젖	명사	젖을 먹이다			건강	인간	신체 부위
초급	젖다	동사	옷이 젖다					
고급	젖히다	동사	고개를 뒤로 젖히다				인간	신체 행위
초급	제	대명사					개념	인칭
고급	제	접사	관료제			사회제도		
고급	제	접사	한국제			경제 경영		
중급	제	줄어든 말	저의					
고급	제각기01/제각기	명사/부사	제각기 다르다	각자01|각자02|제가끔|제각각01|제각각02				
고급	제값	명사	제값을 내다			경제 경영	경제생활	경제 수단
중급	제거	명사	냄새 제거			문제 해결하기(분실 및 고장)		
중급	제공	명사	자료 제공					
고급	제과	명사	제과 제빵			식문화	식생활	식사 및 조리 행위
중급	제과점	명사	제과점 빵			음식 설명하기	경제생활	경제 행위 장소
고급	제기	명사	문제 제기	제언|제의				
고급	제대	명사	군 제대		입대	사회제도		
중급	제대로	부사	제대로 갖추다					
중급	제도	명사	결혼 제도			문화 비교하기		
고급	제도적01∙제도적	관형사∙명사	제도적 장치			사회제도		
중급	제때	명사	제때를 놓치다				개념	시간
고급	제멋대로	부사	제멋대로 굴다				인간	태도
초급	제목	명사	소설 제목					
중급	제발	부사						
중급	제법	부사					개념	정도
고급	제비	명사	제비가 날다			환경문제	동식물	동물류
중급	제사	명사	제사를 지내다			가족행사	삶	가족 행사
중급	제시	명사	의견 제시					
중급	제시	명사	신분증 제시					
중급	제시간	명사	제시간에 도착하다				개념	시간
중급	제안	명사	제안을 받다				사회생활	사회 활동
중급	제약	명사	제약을 받다					
고급	제약	명사	제약 회사			보건과 의료	삶	치료 행위
중급	제외	명사	제외 대상					
고급	제의	명사	제의가 들어오다	제기02|제언		직장생활	사회생활	사회 활동
초급	제일03/제일	부사/명사	제일 좋아하다	으뜸			개념	정도
중급	제자	명사	스승과 제자			학교생활	교육	교수 학습 주체
중급	제자리	명사	제자리를 지키다					
중급	제작	명사	음반 제작					
고급	제작자	명사	영화 제작자	작자		대중문화	문화	문화 활동 주체
고급	제재	명사	복장 제재					
고급	제정	명사	법 제정			법	정치와 행정	정치 및 행정 행위
고급	제조	명사	자동차 제조			경제 경영		
고급	제조업	명사	자동차 제조업			경제 경영		
초급	제주도	명사	지명			여행	개념	지역
중급	제출	명사	보고서 제출			학교생활|#직장생활	교육	교수 학습 행위
고급	제치다	동사	라이벌을 제치다			스포츠		
고급	제패	명사	세계 재패			스포츠		
중급	제품	명사	가죽 제품	제조품00		물건사기		
중급	제한	명사	나이 제한					
중급	조03·조	수사·관형사	숫자				개념	수
고급	조	의존명사	헌법 제1조			법		
고급	조	명사/의존명사	조를 짜다			스포츠	개념	세는 말
중급	조각	명사	빵 조각					
고급	조각	명사	조각 작품			예술	문화	예술
고급	조각	명사	조각을 빚다	조소01			문화	예술
고급	조개	명사	조개를 캐다			식문화	식생활	식재료
중급	조건	명사	성공 조건					
고급	조국	명사	조국을 떠나다	고국		사회제도	개념	지역
고급	조그마하다	형용사	조그마한 손				개념	모양
중급	조그맣다	형용사	조그만 얼굴				개념	모양
중급	조그맣다	형용사	조그만 실수					
초급	조금02/조금	부사/명사	조금 먹다				개념	양
초급	조금씩	부사	조금씩 가다				개념	양
고급	조급하다	형용사	조급한 성격			심리	인간	성격
중급	조기	명사	조기에 발견하다				개념	시간
중급	조깅	명사	조깅을 하다			주말 및 휴가	삶	여가 활동
중급	조끼	명사	조끼를 입다			복장 표현하기	의생활	옷 종류
고급	조르다	동사	목을 조르다					
중급	조르다	동사	사 달라고 조르다			인간관계	사회생활	언어 행위
중급	조리	명사	조리 시간	요리01		요리 설명하기	식생활	식사 및 조리 행위
고급	조리법	명사	찌개 조리법	요리법		식문화	식생활	식사 및 조리 행위
고급	조리사	명사	한식 조리사	요리사		직업과 진로	사회생활	직업
중급	조림	명사	생선 조림			요리 설명하기	식생활	음식
고급	조립	명사	장난감 조립			경제 경영		
고급	조마조마	부사	조마조마 걱정하다			심리	인간	감정
고급	조만간	부사	조만간 만나다				개념	시간
중급	조명	명사	조명이 밝다			집 구하기		
고급	조문	명사	조문을 가다	문상		인간관계	사회생활	사회 활동
고급	조문객	명사	조문객을 맞이하다	문상객		문화차이	사회생활	인간관계
중급	조미료	명사	인공 조미료			요리 설명하기	식생활	식재료
고급	조부모	명사	부모를 모시다			인간관계	삶	친족 관계
고급	조사	명사	조사와 어미	토01		언어	교육	학문 용어
중급	조사	명사	조사 결과					
중급	조상	명사	조상을 모시다			가족행사	삶	친족 관계
고급	조선	명사	나라					
고급	조선업	명사	조선업에 종사하다			경제 경영		
고급	조성	명사	분위기 조성					
고급	조세	명사	조세를 거두다	세03|세금		법	경제생활	경제 수단
초급	조심	명사	산불 조심			성격 표현하기	인간	태도
중급	조심스럽다	형용사	행동이 조심스럽다			감정/기분 표현하기	인간	태도
고급	조심조심	부사	조심조심 걸어가다	조심조심히00			인간	태도
중급	조언	명사	조언을 구하다	도움말		인간관계	사회생활	언어 행위
고급	조연	명사	조연 배우			대중문화	문화	문화 활동 주체
초급	조용하다	형용사	집이 조용하다			학교생활	주생활	주거 상태
초급	조용하다	형용사	성격이 조용하다			학교생활	인간	성격
초급	조용히	부사	조용히 말하다			공공기관 이용하기(도서관)		
고급	조의	명사	조의를 표하다			문화차이	사회생활	사회 활동
고급	조의금	명사	조의금을 전하다	부의금		인간관계	사회생활	사회 활동
고급	조이다	동사	나사를 조이다					
중급	조작	명사	음성 조작			사건, 사고, 재해 기술하기		
고급	조작	명사	기계 조작					
고급	조장	명사	과소비 조장					
중급	조절	명사	컨디션 조절					
고급	조정	명사	조정 경기			스포츠		
고급	조정	명사	의견 조정	중재			사회생활	사회 활동
중급	조정	명사	날짜 조정					
고급	조종	명사	비행기 조종					
고급	조종사	명사	비행기 조종사	파일럿		직업과 진로	사회생활	직업
고급	조직	명사	조직을 구성하다			직장생활		
고급	조직적01∙조직적	관형사∙명사	조직적 활동			직장생활		
고급	조짐	명사	조짐을 보이다					
고급	조치	명사	조치를 취하다	조처				
초급	조카	명사	조카가 생기다			소개하기(가족소개)	삶	친족 관계
고급	조퇴	명사	조퇴가 잦다			교육	교육	교수 학습 행위
고급	조합	명사	색 조합					
고급	조합	명사	조합에 가입하다				사회생활	사회 활동
고급	조형미	명사	조형미가 돋보이다			예술	개념	모양
중급	조화	명사	조화를 이루다		부조화			
고급	조화롭다	형용사	조화로운 삶				개념	모양
고급	조회	명사	비밀번호 조회				사회생활	통신 행위
고급	족	접사	조선족				인간	사람의 종류
고급	족하다	형용사	그걸로 족하다			심리	인간	감정
중급	존경	명사	존경을 받다			감정/기분 표현하기|#인간관계	사회생활	사회 활동
고급	존댓말	명사	반말과 존댓말	높임말		언어	사회생활	언어 행위
고급	존엄성	명사	인간의 존엄성					
중급	존재	명사	특별한 존재					
중급	존중	명사	존중을 받다			감정/기분 표현하기|#인간관계	사회생활	사회 활동
초급	졸다	동사	깜빡 졸다				인간	생리 현상
중급	졸리다	동사	졸린 눈				인간	생리 현상
고급	졸리다	동사	목이 졸리다					
초급	졸업	명사	대학교 졸업			학교생활	교육	교수 학습 행위
중급	졸업생	명사	졸업생을 배출하다			학교생활	교육	교수 학습 주체
중급	졸업식	명사	졸업식을 하다			학교생활	사회생활	사회 행사
중급	졸음	명사	졸음이 쏟아지다			건강	인간	생리 현상
고급	졸이다	동사	국을 졸이다			식문화	식생활	식사 및 조리 행위
고급	졸지	명사	졸지에 공개되다					
초급	좀	부사	좀 비싸다				개념	정도
중급	좀처럼	부사		좀체				
초급	좁다	형용사	방이 좁다		넓다	집 구하기	개념	모양
초급	좁다	형용사	폭이 좁다		넓다	집 구하기	개념	모양
초급	좁다	형용사	속이 좁다		넓다	집 구하기		
중급	좁히다	동사	길을 좁히다		넓히다			
고급	종	명사	토마토의 종	종류		환경문제	개념	세는 말
고급	종	명사	종을 개량하다	종자				
고급	종	명사	종이 울리다					
고급	종결	명사	수사의 종결	끝막음				
중급	종교	명사	종교를 믿다			문화 비교하기	종교	종교 유형
중급	종교적01·종교적	관형사∙명사	종교적 신념					
고급	종료	명사	경기 종료		개시02			
초급	종류	명사	종류가 다양하다	종02				
고급	종목	명사	경기 종목			스포츠		
고급	종사	명사	전문직 종사				경제생활	경제 행위
고급	종사자	명사	산업 종사자			직업과 진로	경제생활	경제 행위 주체
중급	종아리	명사	종아리가 굵다			건강	인간	신체 부위
초급	종업원	명사	식당 종업원			물건사기	경제생활	경제 행위 주체
초급	종이	명사	종이에 쓰다			학교생활	교육	학습 관련 사물
중급	종이컵	명사	종이컵을 쓰다					
중급	종일02/종일	부사/명사	종일 일하다	온종일01|온종일02			개념	시간
고급	종전	명사	종전의 방식					
중급	종종	부사	종종 나타나다	가끔			개념	빈도
고급	종착역	명사	기차의 종착역				사회생활	교통 이용 장소
중급	종합	명사	종합 검사					
고급	종합적01∙종합적	관형사∙명사	종합적 연구					
초급	좋다	형용사	품질이 좋다		나쁘다	감정/기분 표현하기		
초급	좋다	형용사	날씨가 좋다			감정/기분 표현하기	인간	감정
초급	좋아하다	동사	꽃을 좋아하다			감정/기분 표현하기	인간	감정
고급	좌뇌	명사	좌뇌와 우뇌				인간	신체 부위
고급	좌담회	명사	좌담회를 열다			언어		
중급	좌석	명사	좌석에 앉다		입석	공연과 감상		
중급	좌우	명사	좌우 날개			지리정보	개념	위치 및 방향
중급	좌우	명사	좌우가 되다					
고급	좌우명	명사	좌우명으로 삼다					
고급	좌절	명사	좌절을 겪다			심리	인간	감정
중급	좌측	명사	좌측과 우측	왼쪽	우측	교통 이용하기	개념	위치 및 방향
고급	좌파	명사	좌파와 우파			정치		
중급	좌회전	명사	좌회전 신호		우회전	교통 이용하기	개념	위치 및 방향
중급	죄	명사	죄와 벌			사건, 사고, 재해 기술하기	정치와 행정	사법 및 치안 행위
고급	죄송스럽다	형용사	죄송스러운 마음			심리	인간	감정
초급	죄송하다	형용사	죄송한 마음			사과하기	인간	감정
고급	죄인	명사	죄인을 처벌하다			법	정치와 행정	사법 및 치안 주체
고급	죄책감	명사	죄책감을 느끼다	죄악감		심리	인간	감정
고급	주01/주	명사/관형사	주를 이루다					
고급	주03/주	명사/의존명사	우량주 50주					
초급	주06/주	의존명사/명사	이번 주	주일02|주일03		요일 표현하기	개념	세는 말
고급	주가	명사	주가가 오르다			경제 경영	경제생활	경제 수단
중급	주간04/주간	명사/의존명사	주간 계획				개념	세는 말
고급	주거	명사	주거 공간	거주|주택		건축	주생활	주거 행위
고급	주거비	명사	주거비를 아끼다			주거 생활		
고급	주거지	명사	주거지를 옮기다	집터		건축	개념	지역
중급	주고받다	동사	인사를 주고받다			인간관계	사회생활	사회 활동
고급	주관	명사	정부 주관					
고급	주관	명사	주관이 뚜렷하다		객관			
중급	주관적01∙주관적	관형사∙명사	주관적 생각				인간	태도
고급	주권	명사	나라의 주권			정치	정치와 행정	정치 및 행정 행위
고급	주기	명사	일 년 주기					
고급	주년	의존명사	오십 주년				개념	세는 말
초급	주다	동사	선물을 주다		받다01		사회생활	사회 활동
초급	주다	동사	상처를 주다				사회생활	사회 활동
초급	주다	동사	마음을 주다				사회생활	사회 활동
고급	주도	명사	주도 세력					
고급	주도적01∙주도적	관형사∙명사	주도적 역할					
고급	주되다	동사	주된 이유					
고급	주력	명사	주력 상품					
고급	주례	명사	결혼식 주례			인간관계		
초급	주로	부사	주로 말하다				개념	정도
고급	주류	명사	주류를 따르다					
고급	주류	명사	주류와 비주류					
고급	주류	명사	주류를 구입하다			식문화	식생활	음료
중급	주름	명사	주름이 생기다			복장 표현하기	인간	신체 변화
중급	주름	명사	치마의 주름			복장 표현하기	의생활	옷의 부분
고급	주름살	명사	주름살이 생기다			외양	인간	신체 변화
초급	주말	명사	주말을 보내다		주초	주말 및 휴가	개념	시간
초급	주머니	명사	실내화 주머니			복장 표현하기	의생활	옷의 부분
초급	주머니	명사	바지 주머니	호주머니		복장 표현하기	의생활	옷의 부분
중급	주먹	명사	주먹을 쥐다			외모 표현하기	인간	신체 부위
중급	주먹	명사	주먹을 쓰다			외모 표현하기		
중급	주목	명사	주목을 끌다					
고급	주무르다	동사	어깨를 주무르다				인간	신체에 가하는 행위
초급	주무시다	동사	낮잠을 주무시다				삶	일상 행위
초급	주문	명사	주문을 받다			음식 주문하기	경제생활	경제 행위
중급	주민	명사	동네 주민	거주민			인간	사람의 종류
중급	주방	명사	주방에서 요리하다	부엌		집 구하기	식생활	식생활 관련 장소
고급	주방장	명사	주방장이 요리하다			식문화		
고급	주범	명사	사건의 주범			사회문제	정치와 행정	사법 및 치안 주체
초급	주변	명사	주변 환경	언저리		위치 표현하기	개념	위치 및 방향
초급	주부	명사	주부의 삶	가정주부|안주인		소개하기(자기소개)	사회생활	직업
초급	주사	명사	주사를 맞다			병원 이용하기	삶	치료 행위
고급	주생활	명사	주생활을 개선하다			주거 생활		
고급	주선	명사	주선으로 만나다					
초급	주소	명사	주소를 옮기다			개인정보 교환하기		
초급	주스	명사	주스를 마시다			음식 주문하기	식생활	음료
고급	주식	명사	주식으로 먹다			식문화	식생활	음식
중급	주식	명사	주식을 팔다	주03			경제생활	경제 수단
고급	주식회사	명사	주식회사를 운영하다			경제 경영		
고급	주어	명사	주어와 목적어			언어	교육	학문 용어
중급	주어지다	동사	기회가 주어지다					
고급	주역	명사	승리의 주역			대중문화	문화	문화 활동 주체
고급	주역	명사	주역을 연기하다	주연01|주연 배우00				
고급	주연	명사	주연 배우	주역		대중문화	문화	문화 활동 주체
중급	주요	명사	주요 인물					
초급	주위	명사	코 주위			위치 표현하기	개념	위치 및 방향
초급	주위	명사	주위 환경			위치 표현하기	개념	위치 및 방향
중급	주유소	명사	주유소에서 일하다			교통 이용하기	경제생활	경제 행위 장소
고급	주의	명사	이념			철학, 윤리		
중급	주의	명사	주의가 산만하다					
중급	주의	명사	추락 주의		부주의			
초급	주인	명사	가게 주인			물건사기	경제생활	경제 행위 주체
중급	주인공	명사	영화 주인공			공연과 감상	인간	사람의 종류
초급	주일03/주일	의존명사/명사	이번 주일	주04|주06		요일 표현하기	개념	세는 말
중급	주장	명사	주장을 내세우다				사회생활	언어 행위
고급	주재료	명사	음식의 주재료			식문화		
중급	주저앉다	동사	땅바닥에 주저앉다				인간	신체 행위
고급	주전	명사	주전 선수			스포츠		
중급	주전자	명사	물 주전자			집안일	식생활	조리 도구
중급	주제	명사	대화 주제					
초급	주차	명사	주차 위반			교통 이용하기	사회생활	교통 이용 행위
중급	주차권	명사	주차권을 사다			교통 이용하기		
중급	주차료	명사	주차료가 비싸다			교통 이용하기	경제생활	경제 수단
초급	주차장	명사	주차장에 세우다			교통 이용하기	사회생활	교통 이용 장소
고급	주체	명사	행동의 주체			철학, 윤리		
고급	주최	명사	주최로 열리다			스포츠		
중급	주택	명사	주택을 짓다	주거		집 구하기	주생활	건물 종류
중급	주택	명사	아파트와 주택	단독 주택				
고급	주택가	명사	주택가 지역			지리정보	주생활	주거 지역
초급	주황색	명사	색	주황			개념	색깔
중급	죽	명사	죽을 쑤다			음식 주문하기|#요리 설명하기	식생활	음식
초급	죽다	동사	사람이 죽다	운명하다	살다		삶	삶의 행위
초급	죽다	동사	기가 죽다		살다			
중급	죽음	명사	죽음을 맞다	사03	삶	한국의 문학	삶	삶의 행위
중급	죽이다	동사	곤충을 죽이다		살리다			
중급	죽이다	동사	숨을 죽이다					
초급	준비	명사	출근 준비					
중급	준비물	명사	준비물을 챙기다			학교생활	교육	학습 관련 사물
고급	준수	명사	신호 준수			법		
고급	준수하다	형용사	준수한 용모			외양		
초급	줄	명사	줄을 매다					
초급	줄	명사	줄을 서다					
초급	줄	명사	몇 줄을 적다	행01				
초급	줄	명사	줄을 긋다					
중급	줄거리	명사	드라마 줄거리			공연과 감상		
중급	줄곧	부사	줄곧 생각하다	내내				
중급	줄기	명사	식물 줄기				동식물	식물의 부분
중급	줄기	명사	역사의 줄기					
중급	줄넘기	명사	줄넘기를 하다			취미	삶	여가 활동
초급	줄다	동사	몸무게가 줄다	감하다	늘다		개념	양
초급	줄다	동사	손님이 줄다	감소하다	늘다		개념	양
초급	줄다	동사	힘이 줄다		늘다			
초급	줄다	동사	수업 시간이 줄다		늘다		개념	양
고급	줄다리기	명사	줄다리기 경기			스포츠	삶	여가 도구
중급	줄무늬	명사	줄무늬 옷			복장 표현하기		
중급	줄어들다	동사	숫자가 줄어들다		늘어나다	요리 설명하기	개념	양
초급	줄이다	동사	소리를 줄이다				개념	양
초급	줄이다	동사	양을 줄이다				개념	양
초급	줄이다	동사	속력을 줄이다				개념	양
고급	줄줄이	부사	줄줄이 이어지다					
고급	줄짓다	동사	줄지어 달리다					
초급	줍다	동사	쓰레기를 줍다					
초급	줍다	동사	지갑을 줍다					
중급	중	명사	스님	불승|승05		문화 비교하기	종교	종교인
초급	중	의존명사	회의 중				개념	시간
초급	중	의존명사	오전 중				개념	시간
초급	중간	명사	학교와 집의 중간			위치 표현하기	개념	위치 및 방향
초급	중간	명사	중간 크기			위치 표현하기		
초급	중간	명사	한 학기 중간			위치 표현하기	개념	위치 및 방향
초급	중간	명사	중간에 그만두다			위치 표현하기		
고급	중개	명사	부동산 중개			경제 경영	사회생활	사회 활동
고급	중개인	명사	부동산 중개인			직업과 진로	사회생활	직업
고급	중계	명사	텔레비전 중계	중계방송		스포츠		
중급	중고	명사	중고 자동차	중고품		물건사기		
중급	중고	명사	중고를 사다					
중급	중고차	명사	중고차를 사다			교통 이용하기	사회생활	교통수단
고급	중공업	명사	중공업이 발전하다			경제 경영		
초급	중국	명사	나라			개인정보 교환하기	개념	지역
중급	중국어	명사	중국어로 말하다			언어	사회생활	말
중급	중국인	명사	중국인을 만나다			문화 비교하기	인간	사람의 종류
초급	중국집	명사	중국집에 주문하다			음식 주문하기	식생활	식생활 관련 장소
중급	중급	명사	중급 수준			학교생활	개념	정도
고급	중년	명사	중년 신사				삶	삶의 상태
중급	중단	명사	운행 중단	중절		사건, 사고, 재해 기술하기		
고급	중대	명사	중대 발표			사회문제		
고급	중도	명사	중도에 탈락하다	도중				
중급	중독	명사	중독을 일으키다			사건, 사고, 재해 기술하기	삶	병과 증상
중급	중독	명사	게임 중독			사건, 사고, 재해 기술하기	삶	병과 증상
고급	중략	명사	이하 중략					
고급	중력	명사	지구의 중력			과학과 기술	교육	학문 용어
고급	중립	명사	중립을 지키다			정치		
고급	중립적01∙중립적	관형사∙명사	중립적 태도					
고급	중매	명사	중매로 만나다	중신		인간관계		
중급	중반	명사	경기의 중반				개념	순서
고급	중병	명사	중병에 걸리다			보건과 의료	삶	병과 증상
고급	중복	명사	중복 결제					
중급	중부	명사	중부 지방			날씨와 계절	개념	지역
고급	중산층	명사	중산층 가정			사회문제		
고급	중상	명사	중상을 당하다			사회문제		
고급	중성	명사	중성 용액			과학과 기술		
고급	중세	명사	중세 시대	중세기00		역사	개념	시간
고급	중소	명사	중소 도시			경제 경영	개념	모양
중급	중소기업	명사	중소기업에 취직하다			직장생활	경제생활	경제 행위 주체
중급	중순	명사	내달 중순				개념	시간
고급	중시	명사	환경 중시	중대시00	경시	철학, 윤리		
중급	중식	명사	중식을 먹다			음식 설명하기	식생활	음식
초급	중심	명사	서울의 중심	복판		위치 표현하기	개념	위치 및 방향
중급	중심지	명사	경제의 중심지			지리정보	개념	지역
초급	중앙	명사	무대 중앙			위치 표현하기	개념	위치 및 방향
초급	중앙	명사	중앙 도서관			위치 표현하기		
중급	중얼거리다	동사	속으로 중얼거리다	중얼대다|중얼중얼하다			사회생활	언어 행위
초급	중요	명사	중요 자료				개념	정도
중급	중요성	명사	환경의 중요성					
고급	중요시	명사	개성 중요시			철학, 윤리		
고급	중점	명사	중점을 두다			경제 경영		
고급	중점적01∙중점적	관형사∙명사	중점적인 투자			경제 경영		
고급	중증	명사	중증 환자		경증	보건과 의료	삶	병과 증상
고급	중지	명사	사용 중지					
초급	중학교	명사	중학교에 들어가다			학교생활	교육	교육 기관
초급	중학생	명사	중학생이 되다			학교생활	교육	교수 학습 주체
중급	중형차	명사	중형차를 운전하다			교통 이용하기	사회생활	교통수단
중급	쥐	명사	쥐를 잡다				동식물	동물류
중급	쥐다	동사	주먹을 쥐다					
고급	즈음	의존명사	새벽 즈음				개념	시간
중급	즉	부사		곧				
중급	즉석	명사	즉석 떡볶이				개념	시간
중급	즉시	명사	즉시 통과				개념	시간
중급	즐거움	명사	즐거움을 느끼다		괴로움	감정/기분 표현하기	인간	감정
초급	즐거워하다	동사	매우 즐거워하다		괴로워하다	감정/기분 표현하기	인간	감정
초급	즐겁다	형용사	즐거운 마음			감정/기분 표현하기	인간	감정
초급	즐기다	동사	휴일을 즐기다			취미	삶	여가 활동
초급	즐기다	동사	즐겨 다니다			취미		
고급	즐비하다	형용사	건물이 즐비하다				개념	모양
고급	즙	명사	즙을 마시다			식문화	식생활	음식
고급	증	접사	가려움증			보건과 의료	삶	병과 증상
중급	증가	명사	인구 증가		감소			
고급	증가세	명사	증가세를 보이다			경제 경영	경제생활	경제 상태
중급	증거	명사	증거를 찾아내다			사건, 사고, 재해 기술하기	정치와 행정	사법 및 치안 행위
고급	증권	명사	보험 증권			경제 경영	경제생활	경제 수단
고급	증대	명사	소득 증대			경제 경영		
중급	증명	명사	과학적 증명			공공기관 이용하기	교육	학문 행위
중급	증명	명사	증명을 발급하다	증명서				
중급	증명서	명사	증명서를 발급하다	증명		공공기관 이용하기		
고급	증발	명사	수분의 증발			과학과 기술		
중급	증상	명사	감기 증상	증세01		건강	삶	병과 증상
중급	증세	명사	독감 증세	증상|증후01		건강	삶	병과 증상
고급	증오	명사	증오를 느끼다			심리	인간	감정
고급	증원	명사	신입생 증원		감원			
고급	증정	명사	선물 증정	기증|증여				
고급	증진	명사	식욕 증진		감퇴			
고급	증후군	명사	명절 증후군			심리		
고급	지	접사	포장지					
고급	지	접사	주간지					
초급	지각	명사	지각이 잦다			학교생활	교육	교수 학습 행위
중급	지각	명사	지각이 생기다			학교생활|#직장생활	인간	인지 행위
초급	지갑	명사	동전 지갑			복장 표현하기	의생활	모자, 신발, 장신구
중급	지겹다	형용사	지겨운 일상			감정/기분 표현하기	인간	감정
중급	지구	명사	지구에 살다				자연	천체
고급	지구력	명사	지구력을 기르다			스포츠	인간	능력
고급	지구촌	명사	지구촌 축제			사회문제	개념	위치 및 방향
고급	지그시	부사	지그시 누르다				개념	정도
고급	지극하다	형용사	지극한 정성				개념	정도
중급	지극히	부사	지극히 간단하다				인간	태도
초급	지금02/지금	부사/명사	지금부터	시방01|시방02		시간 표현하기	개념	시간
초급	지금02/지금	부사/명사	현재			시간 표현하기	개념	시간
중급	지금껏	부사	지금껏 모르다	여태껏				
중급	지급	명사	지급 내역		수취			
고급	지껄이다	동사	지껄이는 소리				사회생활	언어 행위
초급	지나가다	동사	하루가 지나가다	지나다				
초급	지나가다	동사	공원을 지나가다				인간	신체 행위
초급	지나다	동사	자정이 지나다	지나가다			개념	시간
초급	지나다	동사	시내를 지나다	지나가다			개념	시간
중급	지나치다	형용사	지나친 운동					
중급	지난날	명사	지난날을 기억하다				개념	시간
초급	지난달	명사	지난달 중순	전달01|전월		날짜 표현하기	개념	시간
초급	지난번	명사	지난번 경기	먼젓번|이전번|전번|전회		시간 표현하기	개념	시간
초급	지난주	명사	지난주에 만나다	전주03		날짜 표현하기	개념	시간
초급	지난해	명사	지난해에 만나다	작년|전년		날짜 표현하기	개념	시간
초급	지내다	동사	잘 지내다			인사하기	삶	삶의 행위
초급	지내다	동사	친구처럼 지내다			인사하기	삶	삶의 행위
중급	지능	명사	지능이 높다			직업과 진로	인간	능력
중급	지니다	동사	돈을 지니다					
중급	지다	동사	해가 지다				자연	기상 및 기후
중급	지다	동사	꽃이 지다			날씨와 계절	자연	기상 및 기후
고급	지다	동사	노을이 지다					
초급	지다	동사	경기에서 지다		이기다01		사회생활	사회 활동
중급	지다	동사	배낭을 지다					
중급	지다	동사	신세를 지다					
중급	지다	동사	책임을 지다					
고급	지대	명사	산간 지대			지리정보	자연	지형
초급	지도	명사	지도를 보다			여행	교육	학습 관련 사물
중급	지도	명사	지도를 받다			지리정보		
중급	지도자	명사	지도자를 뽑다				정치와 행정	정치 및 행정 주체
고급	지독하다	형용사	냄새가 지독하다				개념	정도
초급	지루하다	형용사	수업이 지루하다			감정/기분 표현하기		
고급	지르다	동사	불을 지르다			사회문제		
초급	지르다	동사	소리를 지르다				인간	신체 행위
고급	지름	명사	원의 지름	직경		교육	교육	학문 용어
중급	지름길	명사	지름길로 가다	첩경		교통 이용하기		
고급	지리	명사	지리에 밝다			지리정보		
고급	지리적01∙지리적	관형사∙명사	지리적 조건			지리정보		
고급	지망	명사	지망 학과			교육		
고급	지면	명사	신문의 지면			언론		
고급	지명	명사	지명의 유래			지리정보		
고급	지문	명사	교과서의 지문			교육		
고급	지문	명사	지문을 채취하다			사회문제	인간	신체 부위
초급	지방	명사	남쪽 지방			개인정보 교환하기	개념	지역
초급	지방	명사	지방 도시			개인정보 교환하기	개념	지역
중급	지방	명사	식물성 지방			건강		
고급	지배	명사	식민지 지배		피지배			
고급	지배적01∙지배적	관형사∙명사	지배적 견해					
중급	지불	명사	비용 지불			물건사기	경제생활	경제 행위
중급	지붕	명사	지붕에 올라가다			집 구하기	주생활	주택 구성
고급	지사	명사	해외 지사			직장생활	경제생활	경제 행위 장소
고급	지상	명사	지상 주차장	지면01	지하	지리정보		
고급	지성	명사	지성이 뛰어나다				인간	능력
고급	지속	명사	지속 시간					
고급	지속적01∙지속적	관형사∙명사	지속적 발전					
고급	지수	명사	물가 지수			경제 경영		
중급	지시	명사	지시 사항				사회생활	사회 활동
중급	지식	명사	전문 지식					
중급	지식인	명사	지식인 사회				인간	사람의 종류
중급	지역	명사	서울 지역			지리정보	개념	지역
고급	지연	명사	출발 지연					
중급	지옥	명사	지옥에 떨어지다			한국의 문학	종교	종교어
초급	지우개	명사	지우개로 지우다	고무지우개		학교생활	교육	학습 관련 사물
초급	지우다	동사	낙서를 지우다					
중급	지원	명사	생활비 지원	뒷받침			사회생활	직장 생활
중급	지원	명사	입사 지원			직업과 진로		
고급	지원금	명사	지원금을 받다			경제 경영	경제생활	경제 수단
고급	지원서	명사	지원서를 제출하다			직업과 진로		
고급	지원자	명사	입사 지원자			직업과 진로		
중급	지위	명사	지위가 높다			직장생활	사회생활	직위
고급	지인	명사	지인을 만나다			인간관계	사회생활	인간관계
고급	지장	명사	지장을 초래하다					
중급	지저분하다	형용사	길이 지저분하다			집 구하기	주생활	주거 상태
고급	지적01∙지적	관형사∙명사	지적 호기심					
중급	지적	명사	지적을 당하다					
고급	지점	명사	은행 지점				경제생활	경제 행위 장소
고급	지점	명사	출발 지점			경제 경영	개념	위치 및 방향
중급	지정	명사	지정 좌석					
고급	지지	명사	지지를 얻다					
고급	지지율	명사	지지율이 높다			정치		
중급	지진	명사	지진이 발생하다			지리정보	자연	재해
중급	지출	명사	지출이 늘다		수입01		경제생활	경제 행위
중급	지치다	동사	몸이 지치다			건강	인간	체력 상태
고급	지침	명사	행동 지침					
중급	지켜보다	동사	몰래 지켜보다					
초급	지키다	동사	나라를 지키다			약속하기	사회생활	사회 활동
초급	지키다	동사	약속을 지키다			약속하기	사회생활	사회 활동
중급	지퍼	명사	지퍼를 잠그다			복장 표현하기	의생활	옷의 부분
중급	지폐	명사	지폐를 세다			물건사기	경제생활	경제 수단
고급	지표	명사	지표를 설정하다					
초급	지하	명사	지하 주차장		지상01	집 구하기	주생활	주택 구성
초급	지하도	명사	지하도를 건너다			교통 이용하기	사회생활	교통 이용 장소
중급	지하실	명사	지하실로 내려가다			집 구하기	주생활	주택 구성
초급	지하철	명사	지하철을 타다			교통 이용하기	사회생활	교통수단
초급	지하철역	명사	지하철역에 도착하다			교통 이용하기	사회생활	교통 이용 장소
고급	지향	명사	미래 지향					
고급	지형	명사	지형이 험하다	지세		지리정보	자연	지형
중급	지혜	명사	지혜를 모으다	슬기|지13		성격 표현하기	인간	능력
중급	지혜롭다	형용사	지혜로운 사람	슬기롭다		성격 표현하기	인간	능력
고급	지휘	명사	작전 지휘			예술		
고급	직	명사	공무원 직	관직		직업과 진로		
고급	직거래	명사	농산물 직거래			경제 경영		
고급	직관	명사	직관으로 판단하다					
고급	직면	명사	현실에 직면하다					
고급	직무	명사	직무를 수행하다			직장생활	사회생활	직장 생활
고급	직사각형	명사	직사각형 모양					
중급	직선	명사	직선 도로					
고급	직선적01∙직선적	관형사∙명사	직선적 성격					
고급	직속	명사	직속 후배			직장생활		
초급	직업	명사	직업을 구하다	생업|업		소개하기(자기소개)	사회생활	직업
초급	직원	명사	직원을 모집하다			소개하기(자기소개)	사회생활	직위
고급	직위	명사	직위가 높다			직장생활	사회생활	직위
초급	직장	명사	직장에 다니다	일터		소개하기(자기소개)	사회생활	직장
초급	직장	명사	직장을 구하다	일자리		소개하기(자기소개)	사회생활	직장
중급	직장인	명사	직장인들이 출근하다			직장생활	사회생활	직업
고급	직전	명사	퇴근 직전		직후		개념	시간
초급	직접02/직접	부사/명사	직접 만나다		간접			
중급	직접적01∙직접적	관형사∙명사	직접적 이유		간접적01|간접적02			
고급	직종	명사	전문 직종			직업과 진로	사회생활	직업
중급	직진	명사	직진 신호			교통 이용하기	개념	위치 및 방향
중급	직후	명사	식사 직후		직전		개념	시간
고급	진	접사	취재진					
고급	진공청소기	명사	진공청소기로 청소하다			주거 생활	주생활	생활용품
고급	진급	명사	진급이 빠르다			직장생활		
중급	진단	명사	건강 진단			건강	삶	치료 행위
중급	진단서	명사	진단서를 떼다			건강	삶	치료 행위
중급	진동	명사	휴대폰 진동					
고급	진땀	명사	진땀이 흐르다			보건과 의료	인간	생리 현상
중급	진로	명사	진로를 결정하다		퇴로	직업과 진로		
고급	진료	명사	진료를 받다			보건과 의료	삶	치료 행위
중급	진리	명사	진리를 깨닫다					
고급	진보	명사	진보와 퇴보	개명02|개화02	퇴보	언론		
고급	진보	명사	진보와 보수					
고급	진보적01∙진보적	관형사∙명사	진보적 인사		보수적01|보수적02	정치		
고급	진상	명사	사건의 진상	참모습		정치		
고급	진수성찬	명사				식문화		
중급	진술	명사	진술을 듣다			사건, 사고, 재해 기술하기	사회생활	언어 행위
중급	진실	명사	진실과 거짓	참01				
중급	진심	명사	진심을 전하다			감정/기분 표현하기	인간	감정
고급	진열	명사	진열 상품			경제 경영		
고급	진영	명사	보수 진영			정치		
고급	진입	명사	순위권 진입					
고급	진작	부사	진작 말하다	진즉				
고급	진전	명사	진전이 없다					
고급	진정	부사	진정 기쁘다			심리	인간	감정
고급	진정	명사	진정으로 사랑하다			심리	인간	감정
고급	진정	명사	사태 진정			사회문제		
고급	진정	명사	마음의 진정					
중급	진정하다	형용사	진정한 친구			감정/기분 표현하기	인간	감정
고급	진지	명사	진지를 드시다			식문화	식생활	음식
중급	진지하다	형용사	진지한 태도			성격 표현하기	인간	태도
초급	진짜02/진짜	부사/명사	진짜 괜찮다	진짜로	가짜			
중급	진찰	명사	진찰을 받다			건강	삶	치료 행위
중급	진출	명사	사회 진출				사회생활	사회 활동
고급	진취적01∙진취적	관형사∙명사	진취적 사고			심리	인간	태도
중급	진통제	명사	소염 진통제			건강	삶	약품류
고급	진풍경	명사	진풍경이 펼쳐지다	진경				
초급	진하다	형용사	안개가 진하다			요리 설명하기	개념	정도
초급	진하다	형용사	색이 진하다		연하다	요리 설명하기	개념	정도
초급	진하다	형용사	향기가 진하다			요리 설명하기	개념	정도
중급	진학	명사	진학 상담			학교생활	교육	교수 학습 행위
중급	진행	명사	진행이 순조롭다			대중매체		
중급	진행자	명사	뉴스 진행자			대중매체	인간	사람의 종류
고급	진화	명사	인간의 진화		퇴화	과학과 기술		
고급	진흙	명사	진흙이 묻다			지리정보	자연	지표면 사물
고급	진흥	명사	무역 진흥			경제 경영		
중급	질	명사	질이 좋다		양06			
고급	질기다	형용사	고기가 질기다		연하다	식문화	개념	성질
고급	질량	명사	질량을 재다			교육	교육	학문 용어
고급	질리다	동사	음식에 질리다			심리		
초급	질문	명사	질문에 답하다	질의		학교생활	사회생활	언어 행위
중급	질병	명사	질병을 치료하다	우환|질환		건강	삶	병과 증상
중급	질서	명사	질서를 유지하다			사건, 사고, 재해 기술하기	사회생활	사회 활동
고급	질의	명사	질의에 대답하다	질문	응답		사회생활	언어 행위
고급	질적01∙질적	관형사∙명사	질적 성장		양적01|양적02			
중급	질투	명사	질투가 나다	투기02		감정/기분 표현하기	인간	감정
중급	질투	명사	친구의 질투	샘01|시새움|시샘				
고급	질환	명사	호흡기 질환	질병		보건과 의료	삶	병과 증상
고급	짊어지다	동사	가방을 짊어지다					
초급	짐	명사	짐을 싸다			집 구하기		
중급	짐승	명사	짐승을 잡다				동식물	동물류
중급	짐작	명사	짐작이 가다				인간	인지 행위
초급	집	명사	집을 짓다			집 구하기	주생활	건물 종류
초급	집	명사	화목한 집			집 구하기		
고급	집	접사	소설집			예술		
고급	집값	명사	집값이 오르다			건축	경제생활	경제 수단
중급	집다	동사	연필을 집다				인간	신체 행위
중급	집단	명사	집단을 이루다					
고급	집단적01∙집단적	관형사∙명사	집단적 행동			사회문제		
초급	집들이	명사	집들이에 초대하다			초대와 방문	사회생활	사회 활동
고급	집사람	명사	집사람과 의논하다			인간관계		
중급	집세	명사	집세를 내다			집 구하기	경제생활	경제 수단
중급	집안	명사	집안이 편안하다			집안일		
초급	집안일	명사	집안일을 돕다	가사01		집안일	주생활	가사 행위
중급	집어넣다	동사	가방에 집어넣다					
중급	집중	명사	정신 집중				인간	태도
고급	집중력	명사	집중력이 떨어지다			심리	인간	능력
중급	집중적01∙집중적	관형사∙명사	집중적 관심				인간	태도
고급	집집	명사	집집을 방문하다			건축		
고급	집착	명사	집착을 버리다			심리		
고급	집필	명사	원고 집필			예술		
고급	집회	명사	집회에 참석하다			정치		
중급	짓	명사	나쁜 짓					
고급	짓궂다	형용사	짓궂은 농담			심리		
고급	짓누르다	동사	가슴을 짓누르다					
초급	짓다	동사	집을 짓다					
초급	짓다	동사	글을 짓다					
고급	짓밟다	동사	잔디를 짓밟다				인간	신체 행위
고급	짓밟히다	동사	발길에 짓밟히다					
고급	징그럽다	형용사	징그러운 장면			심리	인간	감정
고급	징역	명사	징역을 살다			사회문제	정치와 행정	사법 및 치안 행위
고급	징크스	명사	징크스를 깨다			스포츠		
중급	짖다	동사	강아지가 짖다				동식물	동식물 행위
중급	짙다	형용사	화장이 짙다		옅다	복장 표현하기	개념	색깔
중급	짙다	형용사	눈썹이 짙다					
중급	짙다	형용사	안개가 짙다		옅다			
중급	짚다	동사	지팡이를 짚다				인간	신체 행위
중급	짜다	동사	목도리를 짜다					
중급	짜다	동사	조를 짜다			주말 및 휴가		
중급	짜다	동사	계획을 짜다					
중급	짜다	동사	치약을 짜다					
초급	짜다	형용사	음식이 짜다		싱겁다	음식 주문하기	식생활	맛
고급	짜릿하다	형용사	손끝이 짜릿하다					
고급	짜릿하다	형용사	짜릿한 승리			대중문화	인간	감각
고급	짜임새	명사	짜임새를 갖추다	구성		예술		
초급	짜증	명사	짜증을 내다			감정/기분 표현하기	인간	감정
중급	짜증스럽다	형용사	말투가 짜증스럽다			감정/기분 표현하기	인간	감정
초급	짝	명사	짝을 맞추다					
초급	짝	명사	양말 두 짝				개념	세는 말
초급	짝	명사	짝을 만나다					
고급	짝사랑	명사	짝사랑이 이루어지다			심리	인간	감정
중급	짝수	명사	홀수와 짝수				개념	수
중급	짠맛	명사	짠맛이 나다			음식 설명하기	식생활	맛
고급	짤막하다	형용사	글이 짤막하다				개념	모양
초급	짧다	형용사	다리가 짧다		길다02		개념	모양
초급	짧다	형용사	기간이 짧다		길다02			
초급	짧다	형용사	글이 짧다		길다02			
초급	짬뽕	명사	짬뽕을 시키다			음식 주문하기	식생활	음식
고급	짭짤하다	형용사	국물이 짭짤하다			식문화		
고급	째려보다	동사	카메라를 째려보다			심리	인간	신체 행위
고급	쩔쩔매다	동사	혼자 쩔쩔매다					
고급	쩔쩔매다	동사	상사에게 쩔쩔매다			인간관계	인간	태도
고급	쪼개다	동사	반으로 쪼개다	뻐개다				
고급	쪼그리다	동사	무릎을 쪼그리다					
고급	쪼다	동사	부리로 쪼다			환경문제	동식물	동식물 행위
중급	쪽	명사	쪽 번호	페이지		학교생활		
중급	쪽04/쪽	의존명사/명사	사과 몇 쪽			요리 설명하기		
초급	쪽	의존명사	집 쪽	편02		위치 표현하기	개념	위치 및 방향
초급	쪽	의존명사	이긴 쪽	편02		위치 표현하기		
고급	쪽지	명사	쪽지 시험					
고급	쪽지	명사	쪽지를 받다					
중급	쫓겨나다	동사	집에서 쫓겨나다					
중급	쫓기다	동사	경찰에게 쫓기다					
중급	쫓다	동사	범인을 쫓다					
중급	쫓아가다	동사	학교에 쫓아가다					
중급	쫓아내다	동사	마을에서 쫓아내다					
중급	쫓아내다	동사	팀에서 쫓아내다					
중급	쫓아내다	동사	잡념을 쫓아내다					
중급	쫓아다니다	동사	꽁무니를 쫓아다니다					
중급	쫓아오다	동사	집으로 쫓아오다					
고급	쭈그리다	동사	쭈그려 앉다				인간	신체 행위
중급	쭉	부사	선을 쭉 긋다				개념	위치 및 방향
고급	쯧쯧01/쯧쯧	부사/감탄사	혀를 쯧쯧 차다				인간	소리
초급	찌개	명사	찌개를 끓이다			음식 주문하기	식생활	음식
고급	찌꺼기	명사	음식물 찌꺼기					
초급	찌다	동사	살이 찌다			외모 표현하기	인간	신체 변화
초급	찌다	동사	감자를 찌다			요리 설명하기	식생활	식사 및 조리 행위
고급	찌들다	동사	땀에 찌들다				삶	삶의 상태
중급	찌르다	동사	바늘로 찌르다				인간	신체 행위
고급	찌뿌드드하다	형용사	온몸이 찌뿌드드하다			보건과 의료	인간	감각
중급	찌푸리다	동사	찌푸린 날씨			감정/기분 표현하기	자연	기상 및 기후
중급	찌푸리다	동사	이마를 찌푸리다			감정/기분 표현하기	인간	신체 행위
중급	찍다	동사	나무를 찍다					
초급	찍다	동사	도장을 찍다					
초급	찍다	동사	소금에 찍다					
초급	찍다	동사	사진을 찍다			취미	삶	여가 활동
중급	찍히다	동사	낙인이 찍히다					
중급	찍히다	동사	사진이 찍히다					
고급	찔리다	동사	바늘에 찔리다					
고급	찜	명사	찜 요리			식문화	식생활	음식
고급	찜	명사	갈비찜					
중급	찜질	명사	얼음찜질	찜			삶	치료 행위
중급	찜질	명사	모래찜질	찜				
고급	찜질방	명사	찜질방에 가다			여가생활	삶	여가 시설
중급	찡그리다	동사	얼굴을 찡그리다			감정/기분 표현하기	인간	신체 행위
고급	찡하다01/찡하다	동사/형용사	코끝이 찡하다			심리	인간	감정
고급	찢기다	동사	셔츠가 찢기다					
중급	찢다	동사	종이를 찢다					
중급	찢어지다	동사	종이가 찢어지다					
고급	찧다	동사	방아를 찧다					
초급	차	명사	차를 마시다			음식 주문하기	식생활	음료
초급	차	명사	차를 타다			교통 이용하기	사회생활	교통수단
고급	차	명사	실력 차					
초급	차갑다	형용사	물이 차갑다			날씨와 계절	개념	온도
고급	차곡차곡	부사	차곡차곡 모으다					
고급	차곡차곡	부사	차곡차곡 설명하다	차근차근				
고급	차관	명사	교육부 차관				정치와 행정	정치 및 행정 주체
고급	차근차근	부사	차근차근 말하다	차곡차곡|차근차근히			인간	태도
초급	차다	동사	가득 차다		비다			
초급	차다	동사	공을 차다				인간	신체 행위
초급	차다	동사	시계를 차다			복장 표현하기	의생활	의복 착용 행위
초급	차다	형용사	바람이 차다			날씨와 계절	개념	온도
고급	차단	명사	자외선 차단			컴퓨터와 인터넷		
중급	차도	명사	차도를 넓히다	찻길		교통 이용하기	사회생활	교통 이용 장소
중급	차라리	부사	차라리 그게 낫다					
중급	차량	명사	차량을 통제하다			교통 이용하기	사회생활	교통수단
초급	차례	명사	차례를 지키다				개념	순서
초급	차례	명사	차례가 오다					
고급	차례	명사	차례를 지내다			인간관계	삶	가족 행사
중급	차로	명사	차로를 건너다	찻길		교통 이용하기	사회생활	교통 이용 장소
중급	차리다	동사	밥상을 차리다					
중급	차리다	동사	정신을 차리다					
중급	차리다	동사	격식을 차리다					
고급	차림	명사	정장 차림			외양	의생활	의복 착용 상태
중급	차림표	명사	차림표를 보다	메뉴		음식 설명하기	식생활	식사 및 조리 행위
중급	차마	부사						
중급	차별	명사	인종 차별					
고급	차별화	명사	품질의 차별화			경제 경영		
고급	차분하다	형용사	성격이 차분하다			심리	인간	성격
고급	차분히	부사	차분히 설명하다			심리	인간	성격
중급	차비	명사	차비를 내다	찻삯		교통 이용하기	경제생활	경제 수단
중급	차선	명사	차선을 변경하다			교통 이용하기	사회생활	교통 이용 장소
중급	차선	명사	사 차선					
중급	차원	명사	차원이 다르다					
중급	차이	명사	나이 차이				개념	정도
중급	차이점	명사	공통점과 차이점		공통점		개념	정도
고급	차일피일	부사	차일피일 미루다					
고급	차장	명사	차장으로 승진하다			직장생활	사회생활	직위
고급	차지	명사	아이들 차지					
고급	차질	명사	차질을 빚다					
중급	차차	부사	차차 좋아지다	점점|차츰|점차02|차차로			개념	정도
중급	차창	명사	차창을 열다					
중급	차츰	부사	차츰 나아지다	차차			개념	정도
중급	착각	명사	착각에 빠지다			실수담 말하기	인간	인지 행위
고급	착륙	명사	비행기 착륙		이륙		사회생활	교통 이용 행위
고급	착실하다	형용사	착실한 사람				인간	태도
고급	착오	명사	착오가 생기다				인간	인지 행위
고급	착용	명사	안전띠 착용			외양	의생활	의복 착용 행위
초급	착하다	형용사	착한 사람			성격 표현하기	인간	태도
고급	찬란하다	형용사	햇살이 찬란하다			역사	개념	밝기
고급	찬란하다	형용사	찬란한 역사					
초급	찬물	명사	찬물을 마시다	냉수	더운물	음식 주문하기	식생활	음료
고급	찬반	명사	찬반 토론	가부		사회문제		
고급	찬사	명사	찬사를 보내다			대중문화	사회생활	언어 행위
중급	찬성	명사	찬성과 반대		반대		사회생활	사회 활동
고급	찬송가	명사	찬송가를 부르다	찬송		종교		
고급	찰칵	부사	찰칵 소리			여가생활		
고급	참-	접사	참사랑					
초급	참	부사	참 좋다	참으로			개념	정도
중급	참가	명사	대회 참가			대중매체	사회생활	사회 활동
고급	참가자	명사	참가자를 모집하다	참가인		스포츠		
고급	참견	명사	괜한 참견			인간관계		
중급	참고	명사	참고 자료					
중급	참기름	명사	참기름을 바르다			요리 설명하기	식생활	식재료
초급	참다	동사	기침을 참다					
초급	참다	동사	화를 참다					
고급	참맛	명사	여행의 참맛	진미02		식문화	식생활	맛
고급	참배	명사	신사 참배			역사		
고급	참새	명사	참새가 날다			환경문제	동식물	동물류
중급	참석	명사	회의 참석			가족행사	사회생활	사회 활동
중급	참석자	명사	참석자 명단			가족행사	인간	사람의 종류
고급	참신하다	형용사	참신한 생각			예술		
중급	참여	명사	주민 참여			대중매체	사회생활	사회 활동
초급	참외	명사	참외를 깎다			음식 주문하기	식생활	과일
중급	참으로	부사	참으로 잘되다	실로|진실로|참02				
고급	참을성	명사	참을성이 강하다	인내성00		심리	인간	성격
중급	참조	명사	사진 참조					
고급	참치	명사	참치 회	참다랑어00		식문화	식생활	식재료
고급	찹쌀	명사	찹쌀로 밥하다		멥쌀	식문화	식생활	곡류
중급	창	명사	창을 열다	창문		집 구하기	주생활	주택 구성
중급	창가	명사	창가에 앉다	창문가		여행|#집 구하기	주생활	주택 구성
중급	창고	명사	창고에 보관하다			집 구하기	주생활	주택 구성
중급	창구	명사	예매 창구			공공기관 이용하기		
초급	창문	명사	창문을 열다	창03		집 구하기	주생활	주택 구성
중급	창밖	명사	창밖을 보다			여행|#집 구하기		
고급	창백하다	형용사	얼굴색이 창백하다			외양	인간	용모
고급	창업	명사	회사 창업			경제 경영	경제생활	경제 행위
고급	창의력	명사	창의력을 키우다			교육	인간	능력
고급	창의성	명사	창의성을 발휘하다			교육	인간	능력
고급	창의적01∙창의적	관형사∙명사	창의적인 생각			교육		
중급	창작	명사	창작과 모방			공연과 감상	문화	문화 활동
중급	창작	명사	창작 동요					
고급	창작품	명사	예술적 창작품			예술		
중급	창조	명사	한글 창조		모방	공연과 감상		
고급	창조적01∙창조적	관형사∙명사	창조적인 문화			예술		
고급	창출	명사	일자리 창출			경제 경영		
중급	창피	명사	창피를 당하다			감정/기분 표현하기	인간	감정
초급	찾다	동사	지갑을 찾다					
초급	찾다	동사	인터넷을 찾다					
초급	찾다	동사	병원을 찾다					
초급	찾아가다	동사	교실로 찾아가다			초대와 방문	사회생활	사회 활동
초급	찾아가다	동사	분실물을 찾아가다			초대와 방문	사회생활	사회 활동
중급	찾아내다	동사	보물을 찾아내다					
중급	찾아내다	동사	방법을 찾아내다					
중급	찾아다니다	동사	명소를 찾아다니다					
중급	찾아다니다	동사	인재를 찾아다니다					
고급	찾아들다	동사	평화가 찾아들다					
초급	찾아보다	동사	수첩을 찾아보다			공공기관 이용하기(도서관)		
중급	찾아뵙다	동사	어른을 찾아뵙다			인간관계	사회생활	사회 활동
초급	찾아오다	동사	손님이 찾아오다			초대와 방문	사회생활	사회 활동
초급	찾아오다	동사	짐을 찾아오다			초대와 방문	사회생활	사회 활동
고급	채	의존명사	집 한 채			건축	개념	세는 말
고급	채	부사						
중급	채널	명사	티브이 채널					
고급	채다	동사	눈치를 채다				인간	인지 행위
초급	채소	명사	채소를 먹다	야채		음식 주문하기	식생활	채소
고급	채식	명사	채식 다이어트			식문화	식생활	식사 및 조리 행위
고급	채용	명사	채용 공고			직업과 진로	사회생활	직장 생활
중급	채우다	동사	자물쇠를 채우다					
중급	채우다	동사	단추를 채우다			복장 표현하기		
중급	채우다	동사	자리를 채우다					
중급	채택	명사	답변 채택					
고급	채팅	명사	화상 채팅			컴퓨터와 인터넷	사회생활	통신 행위
초급	책	명사	책을 읽다	서적|서책|책자		공공기관 이용하기(도서관)	사회생활	매체
고급	책	접사	해결책					
중급	책가방	명사	책가방을 메다			학교생활	교육	학습 관련 사물
초급	책상	명사	책상을 정리하다			학교생활	주생활	생활용품
중급	책임	명사	책임을 지다			감정/기분 표현하기	인간	감정
중급	책임감	명사	책임감이 강하다			성격 표현하기	인간	감정
중급	책임자	명사	책임자를 처벌하다			사건, 사고, 재해 기술하기	인간	사람의 종류
중급	책임지다	동사	뒷일을 책임지다			사건, 사고, 재해 기술하기	사회생활	사회 활동
고급	책자	명사	안내 책자	책		언론		
초급	책장	명사	가구			집 구하기	주생활	생활용품
중급	챔피언	명사	챔피언에 등극하다	우승자			인간	사람의 종류
중급	챙기다	동사	가방을 챙기다					
중급	챙기다	동사	생일을 챙기다					
고급	처	명사	각 처의 참모			정치	정치와 행정	정치 및 행정 주체
고급	처가	명사	처가에 가다	처갓집		인간관계	삶	친족 관계
중급	처녀	명사	처녀 시절	처자02	총각		인간	사람의 종류
고급	처량하다	형용사	신세가 처량하다			심리		
중급	처리	명사	업무 처리					
고급	처마	명사	처마 끝			건축	주생활	주택 구성
중급	처방	명사	처방을 내리다			건강	삶	치료 행위
중급	처방전	명사	병원 처방전	처방서		건강	삶	치료 행위
중급	처벌	명사	처벌을 받다				정치와 행정	사법 및 치안 행위
초급	처음	명사	처음과 끝			소개하기(자기소개)	개념	순서
고급	처지	명사	처지가 딱하다				삶	삶의 상태
고급	처지다	동사	눈꺼풀이 처지다			심리	인간	신체 변화
고급	처참하다	형용사	모습이 처참하다			심리		
고급	처치	명사	처치가 곤란하다					
고급	처치	명사	응급 처치					
중급	처하다	동사	위험에 처하다					
고급	척척	부사	척척 대답하다				인간	능력
고급	척척	부사	척척 진행되다					
고급	척추	명사	척추가 휘다			보건과 의료	인간	신체 내부 구성
고급	천	명사	천이 얇다				의생활	옷감
초급	천03/천	수사/관형사	숫자	일천00			개념	수
중급	천국	명사	천국과 지옥			한국의 문학	종교	종교어
중급	천둥	명사	천둥이 치다	우레		날씨와 계절	자연	기상 및 기후
고급	천막	명사	천막을 치다			여가생활	주생활	건물 종류
초급	천만02‧천만01/천만	수사‧관형사/명사	숫자				개념	수
고급	천만다행	명사	천만다행으로 여기다					
고급	천부적01∙천부적	관형사∙명사	천부적인 재능			예술		
중급	천사	명사	천사와 악마				종교	종교어
고급	천생연분	명사				인간관계		
고급	천연	명사	천연 향료			환경문제		
중급	천장	명사	천장이 높다			집 구하기	주생활	주택 구성
중급	천재	명사	천재 시인				인간	능력
중급	천주교	명사	종교	가톨릭교		문화 비교하기	종교	종교 유형
고급	천지	명사	천지 차이				자연	천체
고급	천차만별	명사						
초급	천천히	부사	천천히 가다	서서히			개념	속도
고급	천하다	형용사	신분이 천하다		귀하다		삶	삶의 상태
중급	철	명사	철이 바뀌다	계절			개념	시간
중급	철	명사	철이 들다				인간	능력
고급	철	명사	철을 녹이다			과학과 기술	자연	자원
고급	철강	명사	철강 산업			과학과 기술		
고급	철거	명사	아파트 철거					
중급	철도	명사	도시 철도	레일|철길|철로		교통 이용하기	사회생활	교통 이용 장소
고급	철새	명사	겨울 철새			환경문제	동식물	동물류
고급	철수	명사	군대 철수					
고급	철저	명사	철저한 대비				인간	태도
중급	철저히	부사	철저히 예방하다					
고급	철학	명사	동양 철학			철학, 윤리	교육	전공과 교과목
고급	철학적01∙철학적	관형사∙명사	철학적인 문제			철학, 윤리		
고급	첨가	명사	색소 첨가		삭제	식문화		
고급	첨단	명사	첨단 과학			과학과 기술		
중급	첨부	명사	첨부 서류					
고급	첨예하다	형용사	대립이 첨예하다			사회문제		
초급	첫	관형사	첫 만남				개념	순서
초급	첫날	명사	새해 첫날				개념	순서
중급	첫눈	명사	첫눈에 반하다					
중급	첫눈	명사	첫눈이 내리다			날씨와 계절	자연	기상 및 기후
중급	첫사랑	명사	첫사랑과 재회하다				인간	감정
고급	첫인사	명사	첫인사를 나누다			인간관계	사회생활	언어 행위
중급	첫인상	명사	첫인상이 좋다			인간관계	인간	용모
초급	첫째02‧첫째01/첫째	수사‧관형사/명사	순서				개념	순서
고급	첫차	명사	첫차를 타다		막차		사회생활	교통수단
고급	청각	명사	청각 장애				인간	감각
고급	청구	명사	요금 청구			경제 경영		
초급	청년	명사	젊은 청년				인간	사람의 종류
초급	청바지	명사	청바지를 입다	블루진		복장 표현하기	의생활	옷 종류
고급	청색	명사	색	파란색		외양	개념	색깔
초급	청소	명사	화장실 청소			집안일	주생활	가사 행위
중급	청소기	명사	청소기를 돌리다			집안일	주생활	생활용품
초급	청소년	명사	청소년 시절				인간	사람의 종류
고급	청자	명사	화자와 청자		화자	언어	사회생활	인간관계
고급	청중	명사	청중을 사로잡다			대중문화	문화	문화 활동 주체
고급	청춘	명사	청춘을 즐기다	청춘기00			삶	삶의 상태
고급	청취자	명사	청취자의 사연			대중문화	문화	문화 활동 주체
중급	청하다	동사	도움을 청하다				사회생활	사회 활동
중급	청혼	명사	청혼을 받다	구혼		연애와 결혼	삶	삶의 행위
고급	체	접사	기업체					
고급	체감	명사	체감 온도			기후		
고급	체격	명사	체격이 크다			외양		
중급	체계	명사	체계가 잡히다					
고급	체계적01∙체계적	관형사∙명사	체계적인 관리					
고급	체내	명사	체내 수분			보건과 의료	인간	신체 부위
고급	체념	명사	체념에 빠지다			심리		
중급	체력	명사	체력을 단련하다			건강	인간	능력
고급	체류	명사	체류 기간	체재00		여가생활	주생활	주거 행위
중급	체면	명사	체면이 깎이다	체모02		인간관계	사회생활	사회 활동
고급	체벌	명사	체벌을 받다			교육		
중급	체온	명사	체온을 재다			건강	개념	온도
고급	체육	명사	체육 시설			교육	교육	전공과 교과목
초급	체육관	명사	실내 체육관			취미	삶	여가 시설
고급	체제	명사	민주주의 체제	체재		사회제도		
중급	체조	명사	체조 경기				삶	여가 활동
중급	체중	명사	체중 조절	몸무게		건강		
고급	체증	명사	교통 체증				삶	병과 증상
고급	체질	명사	체질 개선			보건과 의료		
고급	체크	명사	지각 체크			보건과 의료		
중급	체크무늬	명사	체크무늬 남방			복장 표현하기		
고급	체포	명사	범인 체포			사회문제	정치와 행정	사법 및 치안 행위
중급	체하다	동사	과식으로 체하다	얹히다		건강	삶	병과 증상
중급	체험	명사	문화 체험					
고급	체형	명사	통통한 체형			외양		
초급	쳐다보다	동사	위를 쳐다보다				인간	신체 행위
초급	쳐다보다	동사	똑바로 쳐다보다					
고급	초	명사	초를 켜다					
중급	초-	접사	초봄				개념	순서
초급	초	의존명사	5월 초		말06	시간 표현하기	개념	시간
초급	초	의존명사	1분 50초			시간 표현하기	개념	세는 말
중급	초가을	명사	초가을 날씨		늦가을	날씨와 계절	개념	시간
고급	초가집	명사	초가집 지붕	초가		건축		
중급	초겨울	명사	초겨울 추위		늦겨울	날씨와 계절	개념	시간
고급	초고속	명사	초고속 인터넷			과학과 기술	개념	속도
고급	초과	명사	정원 초과		미만			
중급	초급	명사	초급 과정			학교생활	개념	정도
중급	초기	명사	초기 단계			한국생활	개념	시간
고급	초능력	명사	초능력을 지니다					
고급	초대	명사	초대 대통령			역사		
초급	초대	명사	생일 초대			초대와 방문	사회생활	사회 활동
초급	초대장	명사	결혼식 초대장			초대와 방문	사회생활	소통 수단
고급	초등	명사	초등 교과			교육	교육	교육 기관
초급	초등학교	명사	초등학교에 입학하다			학교생활	교육	교육 기관
초급	초등학생	명사	초등학생이 되다			학교생활	교육	교수 학습 주체
고급	초라하다	형용사	모습이 초라하다					
고급	초래	명사	갈등 초래			사회문제		
중급	초록	명사	색	초록색		복장 표현하기	개념	색깔
초급	초록색	명사	색	녹색			개념	색깔
고급	초면	명사	초면에 실례하다		구면02			
중급	초반	명사	경기 초반				개념	순서
중급	초보	명사	초보 운전					
중급	초보자	명사	초보자 입문용			직장생활	인간	사람의 종류
중급	초봄	명사	초봄 날씨		늦봄	날씨와 계절	개념	시간
고급	초상	명사	초상을 치르다			문화차이	삶	가족 행사
고급	초순	명사	10월 초순	상순			개념	시간
중급	초승달	명사	초승달이 뜨다			날씨와 계절	자연	천체
중급	초여름	명사	초여름 더위		늦여름	날씨와 계절	개념	시간
고급	초원	명사	초원을 달리다			지리정보	자연	지형
고급	초월	명사	상상 초월					
고급	초월적	관형사∙명사	초월적인 존재			종교		
고급	초인종	명사	초인종을 누르다			주거 생활		
중급	초저녁	명사	초저녁이 지나다			날씨와 계절	개념	시간
중급	초점	명사	논의의 초점					
중급	초조	명사	불안과 초조			감정/기분 표현하기	인간	감정
고급	초창기	명사	초창기 모습			역사	개념	시간
중급	초청	명사	초청 강연			초대와 방문	교육	교수 학습 행위
중급	초청장	명사	취임식 초청장			초대와 방문	사회생활	사회 활동
초급	초콜릿	명사	초콜릿 케이크			음식 주문하기	식생활	음식
고급	촉각	명사	손끝의 촉각			보건과 의료	인간	감각
고급	촉진	명사	개발 촉진			사회제도		
고급	촉촉하다	형용사	피부가 촉촉하다			외양	인간	감각
중급	촌스럽다	형용사	옷차림이 촌스럽다			외모 표현하기	의생활	의복 착용 상태
고급	총-	접사	총감독					
중급	총	명사	총을 쏘다	총포01			정치와 행정	무기
중급	총	관형사	총 인원				개념	양
고급	총각	명사	처녀와 총각		처녀	인간관계	인간	사람의 종류
중급	총리	명사	총리로 임명되다	국무총리		공공기관 이용하기	정치와 행정	정치 및 행정 주체
고급	총액	명사	소득 총액			경제 경영	경제생활	경제 수단
고급	총장	명사	대학 총장			교육	교육	교수 학습 주체
고급	총체적01∙총체적	관형사∙명사	총체적인 노력					
중급	촬영	명사	사진 촬영			취미	문화	문화 활동
고급	최-	접사	최우수					
고급	최강	명사	세계 최강					
초급	최고	명사	최고 점수				개념	정도
중급	최고급	명사	최고급 호텔			복장 표현하기	개념	정도
고급	최고령	명사	최고령 합격자		최연소	교육		
고급	최고조	명사	최고조에 달하다					
초급	최근	명사	최근 개봉작			시간 표현하기	개념	시간
중급	최대	명사	최대로 늘리다		최소01		개념	정도
중급	최대한	부사	최대한 노력하다				개념	정도
중급	최선	명사	최선을 다하다		최악		인간	태도
중급	최소	명사	최대와 최소		최대		개념	정도
중급	최소한	부사	최소한 유지하다				개념	정도
고급	최소화	명사	피해 최소화					
중급	최신	명사	최신 기술		최고01			
고급	최신형	명사	최신형 자동차			과학과 기술		
고급	최악	명사	최악의 결과		최선			
고급	최연소	명사	최연소 선수		최고령	교육		
고급	최우수	명사	최우수 작품			교육		
중급	최저	명사	최저 임금		최고02		개념	정도
고급	최적	명사	최적의 환경					
중급	최종	명사	최종 목표		최초		개념	순서
고급	최첨단	명사	최첨단 시설			과학과 기술		
중급	최초	명사	최초로 발견하다		최종		개념	순서
고급	최후	명사	최후의 선택				개념	순서
중급	추가	명사	추가 모집					
고급	추격	명사	경찰의 추격					
고급	추구	명사	행복 추구			철학, 윤리		
초급	추다	동사	춤을 추다			취미	삶	여가 활동
고급	추락	명사	비행기 추락			사회문제		
고급	추락	명사	지지율 추락					
고급	추리다	동사	지원자를 추리다					
고급	추모	명사	희생자 추모			문화차이		
고급	추상적01∙추상적	관형사∙명사	추상적인 그림					
고급	추상적01∙추상적	관형사∙명사	추상적 개념					
초급	추석	명사	명절	추석날|한가위01		가족행사	개념	시간
고급	추세	명사	증가 추세			사회문제		
고급	추수	명사	가을 추수	가을걷이		기후		
고급	추신	명사	추신을 덧붙이다					
중급	추억	명사	추억으로 남다					
중급	추위	명사	추위를 타다		더위	날씨와 계절	자연	기상 및 기후
고급	추이	명사	변화 추이					
고급	추적	명사	범인 추적			법		
고급	추정	명사	추정 보도					
중급	추진	명사	사업 추진					
중급	추천	명사	추천 도서			직업과 진로|#여행	사회생활	사회 활동
중급	추천서	명사	추천서를 쓰다	추천장		직업과 진로	사회생활	사회 활동
고급	추첨	명사	경품 추첨					
중급	추측	명사	추측이 맞다				인간	인지 행위
초급	축구	명사	축구 경기			취미	삶	여가 활동
초급	축구공	명사	축구공을 차다			취미	삶	여가 도구
중급	축구장	명사	축구장에 가다			주말 및 휴가	삶	여가 시설
고급	축복	명사	축복을 빌다			종교		
고급	축산물	명사	축산물 시장			사회제도	경제생활	경제 산물
고급	축산업	명사	축산업에 종사하다			경제 경영		
중급	축소	명사	예산 축소		확대02			
중급	축제	명사	불꽃 축제			주말 및 휴가	문화	대중문화
고급	축축하다	형용사	수건이 축축하다					
초급	축하	명사	축하 파티			인사하기	사회생활	사회 활동
고급	출간	명사	소설 출간	출판		언론		
초급	출구	명사	출구로 나가다		입구	집 구하기	주생활	주택 구성
중급	출국	명사	출국 수속		입국	여행		
초급	출근	명사	출근 시간		퇴근	하루생활	사회생활	직장 생활
중급	출근길	명사	출근길 정체		퇴근길	직장생활	사회생활	직장 생활
고급	출금	명사	출금 계좌		입금	경제 경영	경제생활	경제 행위
고급	출동	명사	긴급 출동					
고급	출력	명사	문서 출력					
고급	출마	명사	대통령 출마		불출마	정치		
초급	출발	명사	출발 시간		도착01	교통 이용하기	사회생활	교통 이용 행위
고급	출범	명사	정부 출범				정치와 행정	정치 및 행정 행위
중급	출산	명사	출산 예정일	해산01		연애와 결혼	삶	삶의 행위
고급	출산율	명사	출산율이 낮다			사회제도		
고급	출생	명사	출생 신고			인간관계	삶	삶의 행위
초급	출석	명사	출석을 부르다		결석	학교생활	교육	교수 학습 행위
고급	출세	명사	출세 가도			직장생활		
고급	출시	명사	신제품 출시			경제 경영		
중급	출신	명사	서울 출신					
중급	출연	명사	드라마 출연			대중매체		
초급	출입	명사	출입 금지			공공기관 이용하기(출입국관리소)		
고급	출입구	명사	출입구로 나오다			건축	주생활	주택 구성
초급	출입국	명사	출입국 사무소			공공기관 이용하기(출입국관리소)		
초급	출장	명사	출장을 가다			하루생활	사회생활	직장 생활
고급	출전	명사	올림픽 출전					
고급	출제	명사	문제 출제			교육	교육	교수 학습 행위
고급	출처	명사	출처를 밝히다					
고급	출출하다	형용사	배가 출출하다			식문화		
초급	출퇴근	명사	출퇴근 시간			하루생활	사회생활	직장 생활
중급	출판	명사	도서 출판	간행|출간		대중매체	사회생활	통신 행위
고급	출판사	명사	출판사와 계약하다			언론	사회생활	직장
고급	출품	명사	출품 작품					
중급	출현	명사	출현 시기					
고급	출혈	명사	과다 출혈		지혈	보건과 의료	삶	병과 증상
초급	춤	명사	춤을 추다			취미	문화	예술
초급	춤추다	동사	무대에서 춤추다			취미	삶	여가 활동
초급	춥다	형용사	날씨가 춥다		덥다	날씨와 계절	자연	기상 및 기후
중급	충격	명사	충격을 받다			감정/기분 표현하기	인간	인지 행위
중급	충격적01∙충격적	관형사∙명사	충격적인 사실			감정/기분 표현하기		
중급	충고	명사	충고를 듣다			인간관계	사회생활	언어 행위
중급	충돌	명사	자동차 충돌			사건, 사고, 재해 기술하기		
고급	충동	명사	충동을 억제하다			심리		
초급	충분하다	형용사	시간이 충분하다		불충분하다		개념	정도
중급	충분히	부사	충분히 쉬다				개념	정도
고급	충실	명사	충실한 강의				인간	태도
고급	충실	명사	가정에 충실하다					
고급	충실히	부사	충실히 수행하다				인간	태도
고급	충전	명사	배터리 충전			과학과 기술		
고급	충족	명사	욕구 충족			심리	인간	감정
고급	충치	명사	충치 치료			보건과 의료	삶	병과 증상
고급	충혈	명사	눈 충혈			보건과 의료	삶	병과 증상
고급	취급	명사	취급 주의					
고급	취급	명사	바보 취급					
고급	취득	명사	자격증 취득			직업과 진로		
초급	취미	명사	취미 생활			취미	삶	여가 활동
고급	취사	명사	취사 금지			식문화	식생활	식사 및 조리 행위
초급	취소	명사	예약 취소			약속하기	사회생활	사회 활동
고급	취약	명사	취약 계층					
중급	취업	명사	취업 준비	취직		직업과 진로	사회생활	사회 활동
고급	취업률	명사	취업률이 높다			사회제도	경제생활	경제 상태
고급	취임	명사	취임 연설		퇴임	직장생활		
중급	취재	명사	취재 기자			사건, 사고, 재해 기술하기	사회생활	통신 행위
고급	취지	명사	취지에 맞다					
초급	취직	명사	대기업 취직	취업		한국생활	사회생활	직장 생활
고급	취하다	동사	휴식을 취하다					
중급	취하다	동사	술에 취하다					
중급	취하다	동사	분위기에 취하다					
고급	취학	명사	취학 아동			교육	교육	교수 학습 행위
중급	취향	명사	개인 취향				인간	태도
중급	측	의존명사	학교 측					
중급	측면	명사	오른쪽 측면	옆면				
중급	측면	명사	사회적 측면					
고급	측정	명사	무게 측정			보건과 의료		
초급	층	명사	꼭대기 층			집 구하기	주생활	주택 구성
고급	층	접사	중산층					
고급	치	접사	최고치					
초급	치과	명사	치과 의사			병원 이용하기	삶	치료 시설
중급	치다	동사	눈보라가 치다			사건, 사고, 재해 기술하기	자연	기상 및 기후
중급	치다	동사	천둥이 치다			사건, 사고, 재해 기술하기	자연	기상 및 기후
중급	치다	동사	파도가 치다			사건, 사고, 재해 기술하기	자연	기상 및 기후
초급	치다	동사	책상을 치다				인간	신체 행위
초급	치다	동사	박수를 치다				인간	신체 행위
초급	치다	동사	피아노를 치다			취미	삶	여가 활동
초급	치다	동사	당구를 치다			취미	삶	여가 활동
중급	치다	동사	밑줄을 치다					
중급	치다	동사	후추를 치다			요리 설명하기		
고급	치다	동사	커튼을 치다					
고급	치다	동사	최고로 치다					
고급	치닫다	동사	위로 치닫다					
초급	치료	명사	응급 치료	$고치다		병원 이용하기	삶	치료 행위
중급	치료법	명사	아토피 치료법	요법		건강	삶	치료 행위
중급	치르다	동사	값을 치르다			학교생활		
중급	치르다	동사	시험을 치르다			학교생활		
초급	치마	명사	치마를 입다			복장 표현하기	의생활	옷 종류
고급	치매	명사	치매에 걸리다			보건과 의료	삶	병과 증상
고급	치명적01∙치명적	관형사∙명사	치명적인 실수					
고급	치밀다	동사	위로 치밀다			심리		
고급	치밀다	동사	화가 치밀다					
고급	치밀하다	형용사	치밀한 계획					
고급	치솟다	동사	불길이 치솟다	솟구치다		경제 경영		
고급	치솟다	동사	화가 치솟다	솟구치다				
중급	치수	명사	치수를 재다				개념	모양
고급	치아	명사	치아 교정			보건과 의료	인간	신체 부위
고급	치안	명사	치안 유지			사회문제	정치와 행정	사법 및 치안 행위
초급	치약	명사	치약을 짜다			집 구하기	주생활	생활용품
고급	치열하다	형용사	경쟁이 치열하다					
고급	치욕	명사	치욕을 당하다			심리	인간	감정
중급	치우다	동사	물건들을 치우다			집안일	주생활	가사 행위
중급	치우다	동사	방을 치우다			집안일	주생활	가사 행위
고급	치우치다	동사	한쪽으로 치우치다					
고급	치유	명사	자연 치유			보건과 의료	삶	치료 행위
고급	치중	명사	형식에 치중하다					
중급	치즈	명사	피자 치즈			음식 설명하기	식생활	식재료
고급	치켜들다	동사	고개를 치켜들다	치들다00			인간	신체 행위
초급	치킨	명사	양념 치킨			음식 주문하기	식생활	음식
고급	치통	명사	치통이 심하다			보건과 의료	삶	병과 증상
중급	친-	접사	친부모	생-			삶	친족 관계
중급	친-	접사	친정부				인간	태도
고급	친교	명사	친교 관계			인간관계	사회생활	사회 활동
초급	친구	명사	친구를 만나다	동무|벗		소개하기(자기소개)	사회생활	인간관계
고급	친근감	명사	친근감을 느끼다			심리	인간	감정
고급	친근하다	형용사	친근한 사이			심리	인간	감정
중급	친딸	명사	친딸처럼 대하다			가족행사	삶	친족 관계
고급	친밀	명사	친밀한 관계			심리	인간	감정
고급	친밀감	명사	친밀감을 느끼다			심리	인간	감정
고급	친분	명사	친분이 두텁다			인간관계	사회생활	사회 생활 상태
고급	친숙하다	형용사	친숙한 사이			심리	인간	감정
중급	친아들	명사	친아들처럼 대하다			가족행사	삶	친족 관계
중급	친아버지	명사	친아버지를 찾다	친부|생부	친어머니	가족행사	삶	친족 관계
중급	친어머니	명사	친어머니로 생각하다	생모03|친모	친아버지	가족행사	삶	친족 관계
중급	친언니	명사	친언니와 닮다			가족행사	삶	친족 관계
중급	친오빠	명사	친오빠와 살다			가족행사	삶	친족 관계
초급	친절	명사	태도가 친절하다			성격 표현하기	인간	태도
중급	친정	명사	친정 부모님	친정집		연애와 결혼		
고급	친족	명사	친족 관계			인간관계	삶	친족 관계
고급	친지	명사	친지의 도움			인간관계	삶	친족 관계
초급	친척	명사	친척이 모이다			소개하기(가족소개)	삶	친족 관계
초급	친척	명사	친척 언니			소개하기(가족소개)	삶	친족 관계
초급	친하다	형용사	후배와 친하다				사회생활	인간관계
고급	친화	명사	자연 친화		불화	인간관계	사회생활	사회 생활 상태
고급	친화력	명사	친화력이 좋다			심리	인간	능력
고급	친환경	명사	친환경 에너지			환경문제		
초급	칠01/칠	수사/관형사	숫자				개념	수
초급	칠십01/칠십	수사/관형사	숫자				개념	수
초급	칠월	명사	달			날짜 표현하기	개념	시간
고급	칠전팔기	명사				직업과 진로		
초급	칠판	명사	칠판에 쓰다	흑판		학교생활	교육	학습 관련 사물
고급	칠하다	동사	물감을 칠하다					
중급	침	명사	침을 뱉다	타액		건강	인간	생리 현상
초급	침대	명사	침대에 눕다	침상		집 구하기	주생활	생활용품
고급	침략	명사	외세의 침략			역사	정치와 행정	정치 및 행정 행위
중급	침묵	명사	침묵을 깨다				사회생활	언어 행위
고급	침범	명사	침범 행위					
고급	침수	명사	침수 피해			사회문제		
초급	침실	명사	침실에서 자다			집 구하기	주생활	주택 구성
고급	침입	명사	적의 침입			사회문제		
고급	침착	명사	침착한 대응			심리	인간	태도
고급	침체	명사	경기 침체			사회문제		
고급	침체기	명사	경기 침체기					
고급	침해	명사	사생활 침해			사회문제		
초급	칫솔	명사	칫솔과 치약			집 구하기	주생활	생활용품
초급	칭찬	명사	칭찬을 듣다			감사하기	사회생활	언어 행위
고급	칭하다	동사	황제로 칭하다				사회생활	언어 행위
초급	카드	명사	카드를 쓰다				사회생활	소통 수단
초급	카드	명사	카드를 섞다				삶	여가 도구
초급	카드	명사	카드로 계산하다				경제생활	경제 수단
초급	카레	명사	인도 카레	카레라이스		음식 주문하기	식생활	음식
초급	카메라	명사	카메라로 찍다	사진기		취미	주생활	생활용품
초급	카페	명사	카페에서 만나다				식생활	식생활 관련 장소
고급	카페인	명사	카페인 중독			보건과 의료		
중급	칸	명사	옆 칸					
초급	칼	명사	칼로 썰다			요리 설명하기	식생활	조리 도구
초급	칼국수	명사	바지락 칼국수			음식 주문하기	식생활	음식
고급	칼럼	명사	시사 칼럼			언론	사회생활	매체
고급	칼로리01/칼로리	명사/의존명사	칼로리가 높다	열량		보건과 의료		
중급	캄캄하다	형용사	밖이 캄캄하다			날씨와 계절	개념	밝기
초급	캐나다	명사	나라			개인정보 교환하기	개념	지역
고급	캐다	동사	나물을 캐다					
고급	캐묻다	동사	이유를 캐묻다				사회생활	언어 행위
고급	캠퍼스	명사	대학교 캠퍼스			교육	교육	학교 시설
중급	캠페인	명사	캠페인을 벌이다			대중매체	사회생활	사회 활동
고급	캠프	명사	야외 캠프			여가생활		
중급	커다랗다	형용사	덩치가 커다랗다		작다랗다		개념	모양
중급	커지다	동사	문제가 커지다					
중급	커트	명사	커트 머리			외모 표현하기	의생활	미용 행위
중급	커튼	명사	커튼을 달다			집 구하기	주생활	생활용품
고급	커플	명사	커플 반지			인간관계	사회생활	인간관계
초급	커피	명사	커피를 마시다			음식 주문하기	식생활	음료
초급	커피숍	명사	커피숍에서 만나다				식생활	식생활 관련 장소
고급	컨디션	명사	컨디션이 좋다			보건과 의료	인간	감정
초급	컴퓨터	명사	컴퓨터 게임			학교생활	주생활	생활용품
초급	컵	명사	머그 컵			요리 설명하기	식생활	조리 도구
초급	컵	명사	물 한 컵			요리 설명하기	개념	세는 말
초급	케이크	명사	생일 케이크			음식 주문하기	식생활	음식
초급	켜다	동사	불을 켜다		끄다			
초급	켜다	동사	컴퓨터를 켜다		끄다		주생활	가사 행위
초급	켜다	동사	바이올린을 켜다			취미	삶	여가 활동
초급	켤레	의존명사	한 켤레			복장 표현하기	개념	세는 말
초급	코	명사	코가 오똑하다			외모 표현하기	인간	신체 부위
초급	코	명사	코를 풀다	콧물				
초급	코끼리	명사	동물				동식물	동물류
중급	코너	명사	코너를 돌다			물건사기	개념	위치 및 방향
중급	코너	명사	의류 코너			물건사기		
중급	코미디	명사	코미디 영화	희극		대중매체	사회생활	매체
중급	코스	명사	드라이브 코스			여행		
고급	코치	명사	코치를 받다					
고급	코치	명사	대표 팀 코치			스포츠	사회생활	직업
중급	코트	명사	코트를 입다			복장 표현하기	의생활	옷 종류
중급	코트	명사	농구 코트			취미	삶	여가 시설
중급	코피	명사	코피를 흘리다			건강	인간	생리 현상
중급	콘도	명사	콘도에서 묵다	콘도미니엄		여행	주생활	건물 종류
초급	콘서트	명사	콘서트를 보다	음악회		주말 및 휴가	문화	대중문화
초급	콜라	명사	콜라를 마시다			음식 주문하기	식생활	음료
고급	콜레스테롤	명사	콜레스테롤 수치			보건과 의료		
중급	콜록콜록	부사	콜록콜록 기침을 하다			건강	삶	병과 증상
고급	콤플렉스	명사	콤플렉스가 있다			심리		
고급	콧날	명사	콧날이 오뚝하다			외양	인간	신체 부위
중급	콧노래	명사	콧노래를 부르다			감정/기분 표현하기		
고급	콧등	명사	콧등이 찡하다			외양	인간	신체 부위
초급	콧물	명사	콧물이 나오다	코01			인간	생리 현상
초급	콩	명사	콩을 재배하다	대두01		음식 주문하기	식생활	곡류
중급	콩나물	명사	콩나물을 무치다			요리 설명하기	식생활	식재료
고급	쾌감	명사	쾌감을 느끼다			심리	인간	감정
고급	쾌락	명사	정신적 쾌락			심리	인간	감정
중급	쾌적하다	형용사	공기가 쾌적하다			집 구하기	주생활	주거 상태
고급	쾌활하다	형용사	성격이 쾌활하다			심리		
중급	쿨쿨	부사	쿨쿨 자다				인간	생리 현상
중급	쿵	부사	쿵 소리가 나다					
고급	퀴즈	명사	퀴즈 대회			교육	교육	교수 학습 행위
초급	크기	명사	크기가 작다				개념	모양
초급	크다01/크다	형용사/동사	키가 크다		작다	물건사기	개념	모양
초급	크다01/크다	형용사/동사	옷이 크다		작다	물건사기	개념	모양
초급	크다01/크다	형용사/동사	소리가 크다		작다	물건사기		
초급	크다01/크다	형용사/동사	무럭무럭 크다			물건사기		
초급	크리스마스	명사	크리스마스 파티	성탄절		가족행사	개념	시간
중급	크림	명사	크림 파스타			외모 표현하기		
중급	크림	명사	수분 크림			외모 표현하기		
중급	큰길	명사	큰길로 다니다	대로02|신작로		교통 이용하기	사회생활	교통 이용 장소
중급	큰돈	명사	큰돈을 모으다				경제생활	경제 수단
중급	큰딸	명사	큰딸과 작은딸	맏딸		가족행사	삶	친족 관계
초급	큰소리	명사	큰소리가 들리다					
초급	큰소리	명사	큰소리를 치다				사회생활	언어 행위
고급	큰소리치다	동사	아내에게 큰소리치다				사회생활	언어 행위
중급	큰아들	명사	큰아들과 작은아들	맏아들		가족행사	삶	친족 관계
중급	큰아버지	명사	큰아버지와 작은아버지	백부		가족행사	삶	친족 관계
중급	큰어머니	명사	큰어머니와 작은어머니	백모		가족행사	삶	친족 관계
중급	큰일	명사	큰일을 치르다	대사01		사건, 사고, 재해 기술하기		
중급	큰일	명사	큰일이 나다			사건, 사고, 재해 기술하기		
고급	큰절	명사	큰절을 올리다			문화차이		
중급	큰집	명사	큰집에 가다			가족행사		
중급	클래식	명사	클래식 음악	고전 음악		공연과 감상	문화	음악
고급	큼직하다	형용사	손이 큼직하다				개념	모양
초급	키	명사	키가 크다	신장02		외모 표현하기	개념	모양
초급	키	명사	나무의 키			외모 표현하기	개념	모양
중급	키	명사	차 키	열쇠		집 구하기	주생활	생활용품
중급	키스	명사	첫 키스	입맞춤		연애와 결혼	인간	신체에 가하는 행위
초급	키우다	동사	강아지를 키우다			취미		
초급	키우다	동사	학자로 키우다			취미		
초급	킬로그램	의존명사	무게				개념	세는 말
초급	킬로미터	의존명사	거리				개념	세는 말
고급	탈	명사	탈을 쓰다	가면|마스크		대중문화		
고급	타격	명사	정신적 타격					
중급	타고나다	동사	재능을 타고나다					
초급	타다	동사	나무가 타다					
초급	타다	동사	피부가 타다					
초급	타다	동사	음식이 타다					
초급	타다	동사	차에 타다			교통 이용하기	사회생활	교통 이용 행위
초급	타다	동사	스키를 타다			교통 이용하기	삶	여가 활동
초급	타다	동사	놀이기구를 타다					
초급	타다	동사	커피를 타다			요리 설명하기	식생활	식사 및 조리 행위
중급	타다	동사	월급을 타다					
중급	타다	동사	때가 타다					
중급	타다	동사	간지럼을 타다					
중급	타다	동사	가을을 타다					
고급	타당성	명사	타당성 검토			철학, 윤리		
고급	타당하다	형용사	근거가 타당하다					
고급	타산지석	명사						
중급	타오르다	동사	불길이 타오르다					
고급	타이르다	동사	아이를 타이르다	이르다02		교육	사회생활	언어 행위
중급	타인	명사	타인의 입장	타자01		인간관계	사회생활	인간관계
고급	타협	명사	노사 타협			정치	사회생활	언어 행위
고급	탁	부사	탁 트이다					
초급	탁구	명사	탁구를 치다			취미	삶	여가 활동
고급	탁월하다	형용사	능력이 탁월하다				인간	능력
중급	탁자	명사	탁자에 두다				주생활	생활용품
고급	탁하다	형용사	공기가 탁하다			환경문제		
고급	탄력	명사	근육의 탄력					
고급	탄산음료	명사	탄산음료를 마시다			식문화	식생활	음료
중급	탄생	명사	아이의 탄생			개인정보 교환하기	삶	삶의 행위
중급	탄생	명사	국가의 탄생			개인정보 교환하기		
고급	탄성	명사	탄성이 터지다					
고급	탄수화물	명사	탄수화물을 섭취하다			식문화	교육	학문 용어
고급	탄식	명사	탄식 소리			심리		
고급	탄압	명사	인권 탄압			정치		
고급	탄탄하다	형용사	근육이 탄탄하다					
고급	탄탄히	부사	탄탄히 다지다					
고급	탈-	접사	탈냉전					
고급	탈	명사	탈이 없다	변고		보건과 의료	삶	병과 증상
고급	탈	명사	탈이 나다					
고급	탈락	명사	예선 탈락			스포츠		
고급	탈모	명사	원형 탈모		발모			
고급	탈의실	명사	간이 탈의실			경제 경영		
중급	탈출	명사	비상 탈출			사건, 사고, 재해 기술하기		
고급	탈춤	명사	탈춤을 추다			문화차이	문화	전통문화
고급	탈퇴	명사	회원 탈퇴		가입	컴퓨터와 인터넷		
고급	탐구	명사	학문 탐구			교육	교육	학문 행위
고급	탐색	명사	우주 탐색			교육	교육	학문 행위
고급	탐험	명사	북극 탐험			여가생활		
중급	탑	명사	탑을 쌓다			여행		
중급	탑승	명사	비행기 탑승			교통 이용하기|#여행	사회생활	교통 이용 행위
중급	탑승객	명사	국제선 탑승객			여행	인간	사람의 종류
고급	탓	명사	날씨 탓					
초급	탕수육	명사	탕수육을 먹다			음식 주문하기	식생활	음식
고급	태교	명사	태교 음악			교육		
초급	태국	명사	나라	타이01		개인정보 교환하기	개념	지역
초급	태권도	명사	태권도를 배우다			취미	삶	여가 활동
초급	태극기	명사	태극기를 달다					
초급	태도	명사	수업 태도				인간	태도
초급	태도	명사	비판적 태도				인간	태도
고급	태몽	명사	태몽을 꾸다			문화차이		
고급	태아	명사	태아의 성별			보건과 의료	인간	사람의 종류
중급	태양	명사	태양이 뜨다	해01		날씨와 계절	자연	천체
고급	태양열	명사	태양열 에너지			과학과 기술		
초급	태어나다	동사	아이가 태어나다			가족행사	삶	삶의 행위
중급	태우다	동사	불에 태우다			요리 설명하기		
중급	태우다	동사	피부를 태우다					
중급	태우다	동사	애를 태우다					
중급	태우다	동사	차에 태우다			교통 이용하기	사회생활	교통 이용 행위
초급	태풍	명사	태풍이 불다			날씨와 계절	자연	재해
초급	택배	명사	택배로 보내다			공공기관 이용하기(우체국)	사회생활	소통 수단
초급	택시	명사	택시를 타다			교통 이용하기	사회생활	교통수단
중급	택하다	동사	방법을 택하다			물건사기		
중급	탤런트	명사	인기 탤런트			대중매체	문화	문화 활동 주체
고급	터	명사	터를 잡다				개념	위치 및 방향
중급	터널	명사	터널을 지나다			교통 이용하기		
고급	터놓다	동사	길을 터놓다					
고급	터놓다	동사	마음을 터놓다			인간관계		
고급	터득	명사	요령을 터득하다			교육	인간	인지 행위
중급	터뜨리다	동사	풍선을 터뜨리다	터트리다				
중급	터뜨리다	동사	폭탄을 터뜨리다	터트리다				
중급	터뜨리다	동사	울음을 터뜨리다	터트리다				
고급	터무니없다	형용사	이야기가 터무니없다					
초급	터미널	명사	버스 터미널			교통 이용하기	사회생활	교통 이용 장소
고급	터전	명사	삶의 터전			주거 생활		
중급	터지다	동사	풍선이 터지다					
중급	터지다	동사	폭탄이 터지다					
중급	터지다	동사	울음이 터지다					
고급	터트리다	동사	폭탄을 터트리다	터뜨리다				
중급	턱	명사	사각 턱			건강	인간	신체 부위
고급	턱	명사	승진 턱					
고급	턱없이	부사	턱없이 부족하다					
중급	털	명사	털이 빠지다			건강	인간	신체 부위
중급	털다	동사	이불을 털다			집안일		
고급	털썩	부사	털썩 앉다					
고급	털어놓다	동사	사실을 털어놓다				사회생활	언어 행위
고급	털옷	명사	털옷을 입다			외양	의생활	옷 종류
고급	털털하다	형용사	성격이 털털하다	수수하다		심리		
중급	텅	부사	텅 비다					
초급	테니스	명사	테니스를 치다			취미	삶	여가 활동
초급	테니스장	명사	테니스장에 가다			취미	삶	여가 시설
고급	테두리	명사	테두리를 그리다					
고급	테러	명사	폭탄 테러					
중급	테스트	명사	테스트를 받다			학교생활	교육	교수 학습 행위
초급	테이블	명사	테이블에 놓다			집 구하기	주생활	생활용품
중급	테이프	명사	테이프를 끊다					
중급	테이프	명사	테이프를 붙이다					
중급	테이프	명사	테이프에 녹화하다					
초급	텔레비전	명사	텔레비전을 보다	티브이		집 구하기	주생활	생활용품
중급	토	명사	요일				개념	시간
초급	토끼	명사	토끼 사냥				동식물	동물류
고급	토대	명사	토대를 마련하다					
중급	토론	명사	찬반 토론				사회생활	언어 행위
초급	토마토	명사	토마토 주스			음식 주문하기	식생활	채소
고급	토막	명사	생선 토막			식문화		
고급	토양	명사	토양이 비옥하다	흙		지리정보	자연	지표면 사물
초급	토요일	명사	요일			요일 표현하기	개념	시간
중급	토의	명사	토의 주제				사회생활	언어 행위
고급	토지	명사	토지가 비옥하다			지리정보	자연	지형
중급	토하다	동사	음식을 토하다	게우다		건강	삶	병과 증상
고급	톡톡	부사	톡톡 터지다					
고급	톡톡히	부사	톡톡히 혼나다					
고급	톤	의존명사	1톤 트럭				개념	세는 말
고급	통풍	명사	통풍 장치	통기		건축		
고급	통	명사	바지 통					
중급	통	부사	통 말이 없다					
중급	통	명사	통에 담다					
고급	통	의존명사	전화 한 통				개념	세는 말
중급	통계	명사	통계 자료					
고급	통계청	명사	기관				정치와 행정	정치 및 행정 주체
중급	통과	명사	국경 통과					
중급	통과	명사	논문 통과					
고급	통념	명사	통념을 깨다					
고급	통로	명사	통로를 지나다	통행로00			사회생활	교통 이용 장소
고급	통보	명사	합격 통보			직업과 진로	사회생활	언어 행위
고급	통상	명사	통상 마찰				경제생활	경제 행위
고급	통속	명사	통속에 따르다			예술		
중급	통신	명사	통신 상태			컴퓨터와 인터넷	사회생활	통신 행위
고급	통신비	명사	통신비를 내다			대중문화		
중급	통역	명사	영어 통역			언어	사회생활	언어 행위
고급	통용	명사	화폐 통용					
중급	통일	명사	남북의 통일					
중급	통일	명사	맞춤법 통일					
초급	통장	명사	은행 통장				경제생활	경제 수단
고급	통제	명사	출입 통제			사회제도		
고급	통조림	명사	과일 통조림			식문화	식생활	음식
중급	통증	명사	통증을 느끼다			건강	삶	병과 증상
고급	통째	명사	통째로 삼키다	통짜00				
고급	통치	명사	군사 통치			정치	정치와 행정	정치 및 행정 행위
고급	통쾌하다	형용사	통쾌한 복수					
중급	통통하다	형용사	몸매가 통통하다			외모 표현하기	인간	용모
고급	통틀다	동사	모든 것을 통틀어					
중급	통하다	동사	바람이 통하다					
중급	통하다	동사	뜻이 통하다					
중급	통하다	동사	대화가 통하다					
중급	통하다	동사	비상구를 통하다					
중급	통하다	동사	친구를 통해서					
중급	통하다	동사	말이 통하다					
고급	통학	명사	통학 버스			교육	교육	교수 학습 행위
고급	통합	명사	부서 통합					
중급	통행	명사	통행을 금지하다			교통 이용하기	사회생활	교통 이용 행위
고급	통화	명사	통화 가치				경제생활	경제 수단
초급	통화	명사	전화 통화				사회생활	통신 행위
초급	퇴근	명사	출근과 퇴근		출근	하루생활	사회생활	직장 생활
초급	퇴원	명사	입원과 퇴원		입원	병원 이용하기	삶	치료 행위
고급	퇴임	명사	정년 퇴임	퇴직		직장생활		
고급	퇴장	명사	퇴장을 당하다		입장01	스포츠		
고급	퇴장	명사	배우 퇴장		등장			
중급	퇴직	명사	퇴직 연금	퇴임		직장생활	사회생활	사회 활동
고급	퇴직금	명사	퇴직금을 받다			직장생활	경제생활	경제 수단
고급	퇴진	명사	경영진 퇴진					
고급	투고	명사	논문 투고			언론		
고급	투기	명사	부동산 투기			경제 경영		
고급	투덜거리다	동사	불평을 투덜거리다	투덜투덜하다		심리		
고급	투명	명사	투명 유리		불투명		개념	성질
고급	투박하다	형용사	손이 투박하다				개념	성질
고급	투병	명사	투병 생활			보건과 의료		
고급	투입	명사	지폐 투입			직장생활		
중급	투자	명사	시간 투자				경제생활	경제 행위
고급	투자자	명사	증권 투자자	투자가		경제 경영		
고급	투쟁	명사	정치적 투쟁			정치		
고급	투정	명사	투정을 부리다			심리	사회생활	언어 행위
고급	투철하다	형용사	애국심이 투철하다			직업과 진로	인간	태도
중급	투표	명사	찬반 투표				정치와 행정	정치 및 행정 행위
고급	툭	부사	툭 떨어지다					
고급	툭툭	부사	툭툭 터지다					
고급	툭툭	부사	먼지를 툭툭 털다					
고급	툭하면	부사	툭하면 싸우다	걸핏하면				
고급	퉁퉁	부사	퉁퉁 붓다	퉁퉁히00		보건과 의료	삶	병과 증상
고급	튀기다	동사	손가락을 튀기다					
고급	튀기다	동사	침을 튀기다					
초급	튀기다	동사	기름에 튀기다			요리 설명하기	식생활	식사 및 조리 행위
초급	튀김	명사	튀김이 바삭하다			음식 주문하기		
초급	튀김	명사	감자튀김			음식 주문하기	식생활	음식
고급	튀다	동사	공이 튀다			스포츠		
고급	튀어나오다	동사	눈이 튀어나오다					
고급	트다	동사	싹이 트다					
고급	트다	동사	길을 트다					
초급	트럭	명사	트럭 운전자			교통 이용하기	사회생활	교통수단
고급	트로트	명사	트로트를 듣다			대중문화	문화	음악
고급	트림	명사	트림이 나오다			보건과 의료	인간	생리 현상
고급	트이다	동사	시야가 트이다					
고급	트집	명사	트집을 잡다				사회생활	언어 행위
고급	특강	명사	공개 특강			교육	교육	교수 학습 행위
고급	특권	명사	특권을 누리다			정치		
중급	특기	명사	취미와 특기			직업과 진로	인간	능력
고급	특별	명사	특별 공연	특단				
초급	특별하다	형용사	특별한 날					
초급	특별히	부사	특별히 좋아하다	특히				
고급	특산물	명사	지역 특산물			경제 경영		
고급	특색	명사	문화적 특색	특징				
중급	특성	명사	신체적 특성	특이성01			인간	능력
중급	특수	명사	특수 부대	특이	보편			
고급	특수성	명사	지역적 특수성	특이성00				
고급	특유	명사	특유의 말투					
고급	특이	명사	특이 행동	특수01				
중급	특정	명사	특정 집단		불특정			
고급	특질	명사	유전적 특질					
고급	특집	명사	특집 방송			대중문화		
중급	특징	명사	독특한 특징	특색				
고급	특징적01∙특징적	관형사∙명사	특징적인 행동					
고급	특허	명사	발명 특허	특허권		법		
고급	특혜	명사	특혜를 받다					
초급	특히	부사	특히 좋아하다	특별히				
초급	튼튼하다	형용사	몸이 튼튼하다			건강	인간	체력 상태
고급	튼튼히	부사	튼튼히 짓다				개념	성질
고급	틀	명사	틀에 넣다					
고급	틀	명사	사회의 틀					
초급	틀다	동사	텔레비전을 틀다					
초급	틀리다	동사	답이 틀리다					
중급	틀림없다	형용사	범인이 틀림없다	영락없다|적확하다				
중급	틀림없이	부사	틀림없이 맞다	영락없이|적확히				
고급	틀어막다	동사	귀를 틀어막다					
고급	틀어박히다	동사	방에 틀어박히다	들어박히다				
중급	틈01/틈	명사/의존명사	창문 틈					
중급	틈01/틈	명사/의존명사	사람들 틈	틈새				
중급	틈01/틈	명사/의존명사	쉴 틈	겨를			개념	시간
고급	틈새	명사	틈새를 막다					
고급	틈새	명사	사람들 틈새	틈01				
중급	틈틈이	부사	틈틈이 하다				개념	빈도
고급	티	명사	티가 나다					
고급	티격태격하다	동사	동생과 티격태격하다			인간관계	사회생활	사회 생활 상태
고급	티끌	명사	티끌만큼 작다	분진		경제 경영		
초급	티셔츠	명사	티셔츠를 입다	티03		복장 표현하기	의생활	옷 종류
초급	팀	명사	팀을 이루다					
초급	팀	명사	상대 팀					
고급	팀원	명사	팀원이 모이다			직장생활	사회생활	직위
고급	팀장	명사	팀장으로 승진하다			직장생활	사회생활	직위
중급	파	명사	파를 썰다			요리 설명하기	식생활	식재료
고급	파	명사	파가 나뉘다			정치		
고급	파격	명사	파격 할인			경제 경영		
고급	파격적01∙파격적	관형사∙명사	파격적인 조건			경제 경영		
고급	파견	명사	파견 근무	파송		직장생활	사회생활	직장 생활
고급	파고들다	동사	속으로 파고들다					
고급	파고들다	동사	살갗을 파고들다					
중급	파괴	명사	시설 파괴		건설	사건, 사고, 재해 기술하기		
중급	파괴	명사	환경 파괴					
고급	파급	명사	파급 효과					
고급	파내다	동사	땅을 파내다					
중급	파다	동사	구멍을 파다					
중급	파도	명사	파도가 치다			사건, 사고, 재해 기술하기	자연	기상 및 기후
고급	파란만장	명사					삶	삶의 상태
초급	파란색	명사	색	청색			개념	색깔
중급	파랑	명사	색			복장 표현하기	개념	색깔
초급	파랗다	형용사	하늘이 파랗다				개념	색깔
초급	파랗다	형용사	얼굴이 파랗다					
중급	파마	명사	파마머리			외모 표현하기	의생활	미용 행위
고급	파멸	명사	인류 파멸			역사		
고급	파문	명사	파문이 일다			사회문제		
고급	파묻다	동사	땅에 파묻다					
고급	파묻다	동사	비밀을 파묻다					
고급	파묻히다	동사	눈에 파묻히다					
고급	파악	명사	분위기 파악					
고급	파업	명사	노조 파업			직장생활	사회생활	직장 생활
고급	파이프	명사	수도 파이프			주거 생활	주생활	주택 구성
중급	파일	명사	파일로 묶다	서류철		컴퓨터와 인터넷		
중급	파일	명사	파일을 저장하다			컴퓨터와 인터넷		
고급	파장	명사	사회적 파장					
중급	파출소	명사	파출소에 신고하다			공공기관 이용하기	정치와 행정	공공 기관
중급	파트너	명사	파트너를 구하다			인간관계	사회생활	인간관계
초급	파티	명사	생일 파티			초대와 방문	사회생활	사회 행사
고급	파하다	동사	학교가 파하다			교육	교육	교수 학습 행위
고급	파헤치다	동사	땅을 파헤치다					
고급	파헤치다	동사	비리를 파헤치다					
고급	판	명사	피자 한 판				개념	세는 말
고급	판	명사	판에 새기다	판03				
고급	판결	명사	판결을 내리다			법	정치와 행정	사법 및 치안 행위
중급	판단	명사	상황 판단				인간	인지 행위
중급	판매	명사	판매 가격	발매		물건사기	경제생활	경제 행위
고급	판매량	명사	판매량이 늘다			경제 경영	경제생활	경제 상태
고급	판매원	명사	자동차 판매원			경제 경영		
고급	판명	명사	판명이 나다			법		
중급	판사	명사	판사와 검사			직업과 진로	정치와 행정	사법 및 치안 주체
고급	판소리	명사	판소리 공연			예술	문화	전통문화
고급	판이하다	형용사	판이한 결과					
고급	판정	명사	판정을 내리다			스포츠		
고급	판촉	명사	판촉 광고			경제 경영	경제생활	경제 행위
초급	팔	명사	팔이 아프다			외모 표현하기	인간	신체 부위
초급	팔02/팔	수사/관형사	숫자				개념	수
중급	팔꿈치	명사	팔꿈치를 펴다			건강	인간	신체 부위
초급	팔다	동사	물건을 팔다		사다	물건사기	경제생활	경제 행위
초급	팔리다	동사	물건이 팔리다			물건사기	경제생활	경제 행위
고급	팔방미인	명사				직업과 진로	인간	능력
초급	팔십01/팔십	수사/관형사	숫자				개념	수
고급	팔아먹다	동사	땅을 팔아먹다			경제 경영	경제생활	경제 행위
초급	팔월	명사	달			날짜 표현하기	개념	시간
고급	팔자	명사	팔자가 기구하다					
고급	팔짱	명사	팔짱을 끼다				인간	신체 행위
고급	팥	명사	팥을 심다			식문화	식생활	곡류
고급	패01/패	명사/의존명사	1승 1패		승03|승04			
고급	패	명사	패를 나누다					
고급	패기	명사	젊은이의 패기					
고급	패다	동사	사람을 패다				인간	신체에 가하는 행위
고급	패배	명사	패배를 당하다	패전		스포츠	사회생활	사회 활동
중급	패션	명사	패션 잡지			복장 표현하기	의생활	옷 종류
고급	패션쇼	명사	수영복 패션쇼			대중문화	문화	문화 활동
중급	패스트푸드	명사	패스트푸드 음식점			음식 설명하기	식생활	음식
고급	패자	명사	승자와 패자	패배자	승자	스포츠	사회생활	인간관계
고급	패턴	명사	생활 패턴					
고급	패하다	동사	경기에서 패하다		승하다00	스포츠		
고급	팩스	명사	팩스 번호			직장생활		
중급	팬	명사	팬 사인회					
중급	팬티	명사	팬티를 입다	팬츠		복장 표현하기	의생활	옷 종류
고급	팽개치다	동사	가방을 팽개치다					
고급	팽개치다	동사	일을 팽개치다					
고급	팽창	명사	부피 팽창		수축	사회문제		
고급	팽창	명사	인구 팽창					
고급	팽팽하다	형용사	줄이 팽팽하다			스포츠		
고급	팽팽하다	형용사	주장이 팽팽하다					
고급	퍼뜨리다	동사	소문을 퍼뜨리다	퍼트리다00				
고급	퍼붓다	동사	눈이 퍼붓다					
중급	퍼센트	의존명사	백 퍼센트	프로01			개념	정도
중급	퍼지다	동사	아래로 퍼지다					
중급	퍼지다	동사	엉덩이가 퍼지다					
중급	퍼지다	동사	소문이 퍼지다					
중급	퍽	부사	퍽 어렵다				개념	정도
고급	펄럭이다	동사	깃발이 펄럭이다					
고급	펄쩍	부사	펄쩍 뛰다					
고급	펄펄	부사	펄펄 끓다					
고급	펑	부사	펑 터지다					
중급	페이지	명사	페이지를 넘기다	쪽02		학교생활		
중급	페이지	명사	여러 페이지	쪽02			개념	세는 말
고급	펭귄	명사	펭귄처럼 걷다				동식물	동물류
중급	펴내다	동사	책을 펴내다			대중매체		
초급	펴다	동사	우산을 펴다					
초급	펴다	동사	어깨를 펴다					
초급	펴다	동사	이불을 펴다					
중급	편	의존명사	저쪽 편	쪽05				
중급	편	의존명사	예쁜 편					
고급	편	의존명사	기차 편					
고급	편	의존명사	영화 한 편			대중문화	개념	세는 말
중급	편견	명사	편견을 깨다			문화 비교하기	인간	인지 행위
고급	편두통	명사	편두통 증상			보건과 의료	삶	병과 증상
고급	편들다	동사	한쪽을 편들다			인간관계		
초급	편리	명사	교통이 편리하다		불편			
중급	편식	명사	편식이 심하다			음식 설명하기	식생활	식사 및 조리 행위
초급	편안	명사	마음이 편안하다			감정/기분 표현하기	인간	감정
고급	편안히	부사	편안히 쉬다					
중급	편의	명사	편의를 봐주다					
초급	편의점	명사	편의점에 들르다			물건사기	경제생활	경제 행위 장소
고급	편입	명사	대학 편입	편입학00		교육		
초급	편지	명사	편지를 쓰다	서신|서한|서찰		공공기관 이용하기(우체국)	사회생활	소통 수단
고급	편집	명사	잡지 편집			언론		
초급	편찮다	형용사	몸이 편찮다			건강	인간	체력 상태
고급	편파적01∙편파적	관형사∙명사	편파적인 보도			스포츠		
초급	편하다	형용사	마음이 편하다			감정/기분 표현하기		
초급	편하다	형용사	일하기 편하다			감정/기분 표현하기		
중급	편히	부사	편히 살다					
중급	펼쳐지다	동사	길이 펼쳐지다					
중급	펼쳐지다	동사	우산이 펼쳐지다					
중급	펼쳐지다	동사	광경이 펼쳐지다					
중급	펼치다	동사	책을 펼치다					
중급	펼치다	동사	우산을 펼치다					
고급	평	의존명사	한 평			주거 생활	개념	세는 말
중급	평	명사	평이 좋다				사회생활	언어 행위
중급	평가	명사	평가 기준				사회생활	언어 행위
중급	평균	명사	평균 점수			학교생활	개념	정도
중급	평등	명사	남녀평등					
고급	평론	명사	소설 평론	비판|비평		언어	사회생활	언어 행위
고급	평면	명사	평면 텔레비전					
중급	평범하다	형용사	외모가 평범하다		비범하다	외모 표현하기	인간	용모
중급	평상시	명사	평상시 습관	상시|평소|평시|평일|평상02	비상시		개념	시간
중급	평생	명사	평생 교육	일생			개념	시간
고급	평생직장	명사	평생직장을 구하다			직장생활		
초급	평소	명사	평소 때	상시|평상02|평상시|평시|평일			개념	시간
고급	평야	명사	평야 지대			지리정보	자연	지형
고급	평온	명사	마음의 평온					
고급	평이하다	형용사	수준이 평이하다					
초급	평일	명사	평일과 주말	상시|평상02|평상시|평소|평시			개념	시간
고급	평지	명사	넓은 평지			지리정보	자연	지형
고급	평평하다	형용사	땅이 평평하다			지리정보	개념	모양
중급	평화	명사	세계 평화					
중급	평화롭다	형용사	마음이 평화롭다	평화스럽다				
고급	평화적01∙평화적	관형사∙명사	평화적인 해결			정치		
고급	폐	명사	폐 질환	허파		보건과 의료	인간	신체 내부 구성
고급	폐	명사	폐를 끼치다			인간관계		
고급	폐기물	명사	폐기물 처리			환경문제		
고급	폐렴	명사	폐렴에 걸리다			보건과 의료	삶	병과 증상
고급	폐막식	명사	올림픽 폐막식		개막식	스포츠		
고급	폐쇄	명사	출입구 폐쇄		개방			
고급	폐쇄	명사	폐쇄 정책					
고급	폐쇄적01∙폐쇄적	관형사∙명사	폐쇄적인 구조		개방적01|개방적02			
고급	폐수	명사	공장 폐수			환경문제		
고급	폐장	명사	폐장 시간			경제 경영	경제생활	경제 행위
중급	폐지	명사	프로그램 폐지					
고급	폐해	명사	흡연의 폐해			사회문제		
고급	폐허	명사	폐허가 되다			지리정보		
고급	폐활량	명사	폐활량이 늘다			보건과 의료	인간	체력 상태
중급	포근하다	형용사	잠자리가 포근하다			날씨와 계절		
중급	포근하다	형용사	기온이 포근하다			날씨와 계절	자연	기상 및 기후
고급	포기	명사	배추 한 포기			식문화	개념	세는 말
중급	포기	명사	중도 포기					
초급	포도	명사	포도 주스			음식 주문하기	식생활	과일
중급	포도주	명사	포도주를 담그다			음식 설명하기	식생활	음료
고급	포부	명사	원대한 포부			직업과 진로		
고급	포옹	명사	포옹을 하다					
고급	포용	명사	상대를 포용하다			심리		
초급	포장	명사	선물 포장			물건사기		
고급	포장	명사	도로 포장					
고급	포장마차	명사	포장마차에서 한잔하다			식문화	경제생활	경제 행위 장소
중급	포장지	명사	포장지로 싸다	포장용지		물건사기		
중급	포크	명사	포크로 찍다			음식 설명하기	식생활	조리 도구
중급	포함	명사	세금 포함					
고급	폭	명사	폭이 넓다	너비			개념	모양
고급	폭격	명사	무차별 폭격			정치	정치와 행정	정치 및 행정 행위
중급	폭넓다	형용사	폭넓은 주제				개념	모양
고급	폭등	명사	물가 폭등	급등	급락	경제 경영	경제생활	경제 상태
고급	폭락	명사	주가 폭락	급락	폭등	경제 경영	경제생활	경제 상태
중급	폭력	명사	폭력을 쓰다	완력		사건, 사고, 재해 기술하기	정치와 행정	사법 및 치안 행위
고급	폭력적01∙폭력적	관형사∙명사	폭력적인 행동			사회문제	인간	태도
고급	폭로	명사	비리 폭로	$까밝히다00		사회문제	사회생활	언어 행위
중급	폭발	명사	감정 폭발			사건, 사고, 재해 기술하기		
고급	폭발	명사	화산 폭발			환경문제		
고급	폭발적01∙폭발적	관형사∙명사	폭발적인 인기					
중급	폭설	명사	폭설 주의보			사건, 사고, 재해 기술하기	자연	기상 및 기후
고급	폭식	명사	폭식 장애			식문화	식생활	식사 및 조리 행위
고급	폭염	명사	폭염 특보			기후	자연	기상 및 기후
중급	폭우	명사	집중 폭우			사건, 사고, 재해 기술하기	자연	기상 및 기후
고급	폭죽	명사	폭죽이 터지다					
고급	폭탄	명사	폭탄을 터뜨리다			정치	정치와 행정	무기
고급	폭파	명사	폭파 사고			사회문제		
중급	폭포	명사	폭포에 가다	폭포수		여행	자연	지형
고급	폭풍	명사	폭풍이 불다			기후	자연	기상 및 기후
고급	폭행	명사	집단 폭행			사회문제	정치와 행정	사법 및 치안 행위
중급	표	명사	표를 그리다					
중급	표	명사	표가 나다					
초급	표	명사	표를 예매하다			영화 보기		
고급	표	명사	표를 남기다					
고급	표기	명사	로마자 표기			언어	사회생활	소통 수단
고급	표기법	명사	한글 표기법			언어		
고급	표류	명사	표류 선박			사회문제		
고급	표류	명사	해외 표류					
중급	표면	명사	표면이 거칠다	겉면				
중급	표면	명사	표면으로 나타나다		이면01			
고급	표면적01∙표면적	관형사∙명사	표면적인 관계					
고급	표명	명사	사의 표명					
고급	표방	명사	민주주의의 표방					
고급	표본	명사	표본으로 삼다					
고급	표시	명사	관심의 표시					
중급	표시	명사	가격 표시					
고급	표어	명사	불조심 표어				사회생활	소통 수단
고급	표적	명사	표적으로 삼다					
중급	표정	명사	표정이 밝다			감정/기분 표현하기	인간	용모
중급	표준	명사	표준 시간	준거				
중급	표준어	명사	표준어를 사용하다	표준말		언어	사회생활	말
중급	표지	명사	책 표지					
중급	표지판	명사	안내 표지판			교통 이용하기		
고급	표출	명사	감정 표출					
중급	표현	명사	감정 표현				사회생활	언어 행위
고급	푸근하다	형용사	이불이 푸근하다					
고급	푸근하다	형용사	날씨가 푸근하다				자연	기상 및 기후
고급	푸념	명사	푸념을 늘어놓다			심리	사회생활	언어 행위
중급	푸다	동사	밥을 푸다			요리 설명하기	식생활	식사 및 조리 행위
고급	푸대접	명사	멸시와 푸대접	냉대01|박대|한대		인간관계	사회생활	사회 활동
초급	푸르다	형용사	숲이 푸르다			날씨와 계절	개념	색깔
고급	푸른색	명사	색깔			외양	개념	색깔
고급	푸짐하다	형용사	음식이 푸짐하다			식문화		
초급	푹	부사	푹 자다					
초급	푹	부사	푹 찌르다					
초급	푹	부사	푹 끓이다					
초급	푹	부사	푹 파이다					
고급	푹신하다	형용사	침대가 푹신하다					
고급	푹푹	부사	푹푹 삶다			기후		
중급	풀	명사	풀로 붙이다				교육	학습 관련 사물
중급	풀	명사	풀이 자라다				동식물	식물류
고급	풀	명사	풀이 죽다					
초급	풀다	동사	나사를 풀다		맺다			
초급	풀다	동사	가방을 풀다					
초급	풀다	동사	문제를 풀다					
초급	풀다	동사	피로를 풀다					
초급	풀다	동사	긴장을 풀다					
고급	풀려나다	동사	감옥에서 풀려나다					
중급	풀리다	동사	나사가 풀리다					
중급	풀리다	동사	감정이 풀리다					
중급	풀리다	동사	억울함이 풀리다					
중급	풀리다	동사	긴장이 풀리다					
중급	풀리다	동사	날씨가 풀리다				자연	기상 및 기후
고급	풀어내다	동사	문제를 풀어내다					
고급	풀어놓다	동사	개를 풀어놓다					
중급	풀어지다	동사	끈이 풀어지다					
중급	풀어지다	동사	오해가 풀어지다					
중급	품	명사	옷 품					
중급	품	명사	품에 지니다				인간	신체 부위
고급	품격	명사	품격을 높이다					
중급	품다	동사	알을 품다					
중급	품다	동사	사표를 품다					
중급	품다	동사	불만을 품다					
고급	품목	명사	수출 품목			경제 경영		
고급	품위	명사	품위를 지키다					
고급	품종	명사	품종 개량			환경문제		
중급	품질	명사	품질이 뛰어나다			물건사기		
고급	품행	명사	품행이 단정하다					
고급	풋풋하다	형용사	풋풋한 신입생					
초급	풍경	명사	자연 풍경	경치		여행	삶	여가 활동
초급	풍경	명사	시골 풍경			여행	삶	여가 활동
중급	풍기다	동사	냄새를 풍기다					
고급	풍년	명사	풍년이 들다		흉년	환경문제	경제생활	경제 상태
고급	풍력	명사	풍력 발전			과학과 기술	자연	자원
중급	풍부하다	형용사	자원이 풍부하다				개념	정도
중급	풍선	명사	풍선을 띄우다					
고급	풍성하다	형용사	열매가 풍성하다					
중급	풍속	명사	세시 풍속			문화 비교하기		
중급	풍습	명사	전통 풍습			문화 비교하기		
고급	풍요	명사	물질적 풍요			여가생활	경제생활	경제 상태
고급	풍요롭다	형용사	생활이 풍요롭다	풍요하다		여가생활	경제생활	경제 상태
고급	풍자	명사	사회 풍자			예술	사회생활	언어 행위
고급	풍조	명사	과소비 풍조					
고급	풍족하다	형용사	살림이 풍족하다				경제생활	경제 상태
고급	풍토	명사	척박한 풍토					
고급	풍토	명사	연구 풍토					
고급	퓨전	명사	퓨전 요리			식문화		
초급	프라이팬	명사	프라이팬에 볶다			요리 설명하기	식생활	조리 도구
초급	프랑스	명사	나라			개인정보 교환하기	개념	지역
중급	프로	명사	프로 야구	프로페셔널		취미		
고급	프로	명사	텔레비전 프로	프로그램		대중문화		
초급	프로그램	명사	행사 프로그램	프로02				
초급	프로그램	명사	예능 프로그램	프로02			사회생활	매체
중급	프린터	명사	프린터로 출력하다	인쇄기		컴퓨터와 인터넷	주생활	생활용품
중급	플라스틱	명사	플라스틱 용기					
고급	플러그	명사	플러그를 뽑다			과학과 기술	주생활	생활용품
초급	피	명사	피를 뽑다	혈액			인간	신체 내부 구성
고급	피고	명사	피고와 원고		원고01	법	정치와 행정	사법 및 치안 주체
고급	피고인	명사	피고인을 변호하다			법	정치와 행정	사법 및 치안 주체
초급	피곤	명사	몸이 피곤하다	$고단하다|$곤하다|$노곤하다		건강	인간	체력 상태
초급	피다	동사	꽃이 피다				동식물	동식물 행위
고급	피력	명사	의견 피력				사회생활	언어 행위
중급	피로	명사	피로가 쌓이다			건강	인간	감각
고급	피로연	명사	결혼식 피로연			인간관계	삶	가족 행사
고급	피리	명사	피리를 불다			예술	삶	여가 도구
중급	피부	명사	피부 미용			외모 표현하기	인간	신체 부위
고급	피부과	명사	피부과 의사			보건과 의료	삶	치료 시설
고급	피살	명사	피살 사건			사회문제		
중급	피서	명사	여름 피서			주말 및 휴가	삶	여가 활동
초급	피아노	명사	피아노를 치다			취미	삶	여가 도구
고급	피어나다	동사	꽃이 피어나다					
고급	피어나다	동사	연기가 피어나다					
고급	피어오르다	동사	불길이 피어오르다					
고급	피어오르다	동사	연기가 피어오르다					
초급	피우다	동사	꽃을 피우다					
초급	피우다	동사	불을 피우다					
초급	피우다	동사	담배를 피우다					
초급	피자	명사	피자를 주문하다			음식 주문하기	식생활	음식
고급	피차	명사	피차 마찬가지다			인간관계		
중급	피하다	동사	책임을 피하다					
중급	피해	명사	피해를 입다		가해	사건, 사고, 재해 기술하기		
중급	피해자	명사	사고 피해자		가해자	사건, 사고, 재해 기술하기	인간	사람의 종류
중급	필기	명사	필기를 하다			학교생활	교육	교수 학습 행위
중급	필기	명사	필기를 놓치다	기록|노트02|$쓰다01|$적다01				
중급	필수	명사	필수 조건					
중급	필수적01∙필수적	관형사∙명사	필수적인 요인					
중급	필수품	명사	여행 필수품					
고급	필연적01∙필연적	관형사∙명사	필연적인 결과		우연적01우연적02			
초급	필요	명사	시간이 필요하다					
중급	필요성	명사	필요성을 느끼다					
고급	필자	명사	필자의 의도			언론		
초급	필통	명사	필통에 넣다			학교생활	교육	학습 관련 사물
고급	핏줄	명사	핏줄을 찾다	혈관		인간관계	인간	신체 내부 구성
고급	핑	부사	핑 돌다					
중급	핑계	명사	핑계로 삼다			실수담 말하기	사회생활	언어 행위
고급	하	접사	지도하					
중급	하	명사	아래					
고급	하객	명사	결혼식 하객	축하객|하례객00		인간관계	사회생활	인간관계
고급	하교	명사	하교 시간		등교	교육	교육	교수 학습 행위
중급	하긴	부사						
초급	하나	수사	숫자				개념	수
고급	하나같이	부사	하나같이 똑같다					
중급	하나하나01/하나하나	명사/부사	하나하나 세다	일일이			개념	수
중급	하느님	명사	하느님을 믿다				종교	신앙 대상
초급	하늘	명사	하늘과 땅				자연	천체
초급	하늘색	명사	색				개념	색깔
초급	하다	동사	운동을 하다					
초급	하다	동사	귀고리를 하다					
중급	하도	부사	하도 바빠서					
고급	하락	명사	물가 하락			경제 경영	경제생활	경제 상태
고급	하락세	명사	하락세를 보이다		상승세	경제 경영	경제생활	경제 상태
초급	하루	명사	하루가 걸리다	일일01		시간 표현하기	개념	시간
초급	하루	명사	하루 일과			시간 표현하기		
고급	하루빨리	부사	하루빨리 고치다	하루바삐|하루속히				
고급	하루아침	명사	하루아침 사이				개념	시간
고급	하루하루01/하루하루	명사/부사	하루하루를 보내다	매일매일00			개념	시간
고급	하류	명사	하류로 내려가다			지리정보	자연	지형
고급	하마터면	부사						
고급	하물며	부사						
고급	하반기	명사	상반기와 하반기			경제 경영	개념	시간
고급	하반신	명사	하반신 마비		상반신	보건과 의료	인간	신체 부위
고급	하소연	명사	하소연을 듣다			심리	사회생활	언어 행위
중급	하숙	명사	하숙을 하다			집 구하기	주생활	주거 형태
초급	하숙비	명사	하숙비를 내다	하숙료		한국생활	경제생활	경제 수단
초급	하숙집	명사	하숙집을 구하다			집 구하기	주생활	주거 형태
고급	하순	명사	10월 하순				개념	시간
초급	하얀색	명사	색				개념	색깔
중급	하양	명사	색			복장 표현하기	개념	색깔
초급	하얗다	형용사	눈이 하얗다				개념	색깔
고급	하여간	부사		여하간				
중급	하여튼	부사		아무튼				
고급	하염없이	부사	하염없이 기다리다					
고급	하위	명사	하위 성적			교육	개념	위치 및 방향
고급	하인	명사	하인을 두다			역사	사회생활	인간관계
고급	하자	명사	하자 보수					
초급	하지만	부사						
중급	하차	명사	하차 벨		승차	교통 이용하기	사회생활	교통 이용 행위
고급	하찮다	형용사	하찮은 일					
고급	하찮다	형용사	하찮은 오해					
고급	하천	명사	하천이 흐르다			지리정보	자연	지형
고급	하체	명사	상체와 하체			보건과 의료	인간	신체 부위
중급	하품	명사	하품이 나오다			건강	인간	생리 현상
고급	하필	부사	왜 하필					
중급	하하	부사	하하 웃다			감정/기분 표현하기	인간	소리
고급	하향	명사	하향 조정		상향	경제 경영		
고급	학계	명사	학계 전문가			교육	교육	전공과 교과목
중급	학과	명사	전공 학과			학교생활	교육	전공과 교과목
초급	학교	명사	학교에 다니다	학원		학교생활	교육	교육 기관
초급	학기	명사	학기가 시작되다			학교생활	개념	시간
초급	학년	명사	1학년			학교생활	개념	시간
고급	학대	명사	동물 학대				정치와 행정	사법 및 치안 행위
중급	학력	명사	최종 학력			직업과 진로	인간	능력
중급	학문	명사	학문에 정진하다			학교생활	교육	전공과 교과목
고급	학문적01∙학문적	관형사∙명사	학문적 토대			교육		
고급	학번	명사	15 학번			인간관계		
고급	학벌	명사	학벌을 내세우다			인간관계		
중급	학부모	명사	학부모 회의			학교생활	교육	교수 학습 주체
중급	학비	명사	학비를 내다	학자금		학교생활	경제생활	경제 수단
고급	학살	명사	대량 학살			역사		
초급	학생	명사	학생을 가르치다			소개하기(자기소개)	교육	교수 학습 주체
초급	학생증	명사	학생증을 발급하다			학교생활	교육	학습 관련 사물
고급	학술	명사	학술 교류			교육	교육	학문 행위
중급	학습	명사	외국어 학습			학교생활	교육	교수 학습 행위
고급	학식	명사	학식이 높다			교육	교육	교수 학습 행위
고급	학업	명사	학업을 마치다			교육	교육	교수 학습 행위
중급	학용품	명사	학용품을 준비하다			학교생활	교육	학습 관련 사물
초급	학원	명사	피아노 학원			학교생활	교육	교육 기관
고급	학위	명사	박사 학위			교육	교육	교수 학습 행위
중급	학자	명사	학자를 초청하다			직업과 진로	교육	교수 학습 주체
고급	학점	명사	A 학점			교육	교육	교수 학습 행위
고급	학창	명사	학창 시절			교육		
초급	한	관형사	한 명				개념	수
중급	한	명사	한을 품다	원한			인간	감정
중급	한	명사	끝				개념	정도
고급	한가롭다	형용사	한가로운 시간				삶	삶의 상태
중급	한가운데	명사	한가운데에 놓다			지리정보	개념	위치 및 방향
초급	한가하다	형용사	한가한 때		분주하다02	감정/기분 표현하기	삶	삶의 상태
고급	한갓	부사		한낱				
초급	한강	명사	한강 공원					
중급	한겨울	명사	한겨울 추위	엄동		날씨와 계절	개념	시간
중급	한결	부사	한결 낫다					
고급	한결같다	형용사	한결같은 마음					
고급	한결같이	부사	한결같이 사랑하다					
중급	한계	명사	한계를 넘다				개념	정도
고급	한과	명사	한과를 선물하다			식문화	식생활	음식
초급	한국	명사	나라			개인정보 교환하기	개념	지역
중급	한국말	명사	한국말을 배우다	한국어		언어	사회생활	말
중급	한국어	명사	한국어를 배우다	한국말		언어	사회생활	말
중급	한국인	명사	한국인 친구			한국생활	인간	사람의 종류
중급	한국적01∙한국적	관형사∙명사	한국적 사고방식			한국생활		
초급	한글	명사	한글을 쓰다			학교생활	사회생활	소통 수단
중급	한꺼번에	부사	한꺼번에 갚다					
고급	한껏	부사	한껏 즐기다				개념	정도
중급	한낮	명사	한낮 더위	낮			개념	시간
고급	한낱	부사	한낱 꿈에 불과하다	한갓				
중급	한눈	명사	한눈에 알아보다					
중급	한눈	명사	한눈에 내려다보다					
고급	한눈	명사	한눈을 팔다					
고급	한눈팔다	동사	주위에 한눈팔다					
고급	한데	명사	한데 묶다				개념	위치 및 방향
고급	한도	명사	카드 한도			경제 경영	개념	정도
중급	한동안	명사	한동안 계속되다	한참			개념	시간
초급	한두	관형사	한두 명				개념	수
중급	한둘	수사	한둘이 아니다				개념	수
중급	한때01/한때	명사/부사	한때의 감정				개념	시간
중급	한마디	명사	말 한마디				사회생활	말
고급	한몫	명사	한몫을 챙기다			경제 경영		
중급	한문	명사	한문을 읽다				사회생활	소통 수단
고급	한바탕01/한바탕	명사/부사	한바탕 웃다					
고급	한반도	명사	한반도 면적			정치	개념	지역
고급	한발	부사	한발 앞서다					
중급	한밤중	명사	한밤중에 일어나다	오밤중|한밤			개념	시간
고급	한방	명사	한방 치료				삶	치료 행위
초급	한번	명사	한번 해 보다				개념	빈도
초급	한복	명사	한복을 입다			복장 표현하기	의생활	옷 종류
고급	한복판	명사	운동장 한복판				개념	위치 및 방향
고급	한사코	부사	한사코 말리다				개념	정도
고급	한산하다	형용사	거리가 한산하다					
중급	한순간	명사	한순간에 사라지다				개념	시간
중급	한숨	명사	한숨을 쉬다				인간	생리 현상
초급	한식	명사	한식 메뉴			음식 주문하기	식생활	음식
초급	한식집	명사	한식집에서 식사하다	한식당		음식 주문하기	식생활	식생활 관련 장소
고급	한심하다	형용사	한심한 짓			심리	인간	능력
고급	한약	명사	한약을 짓다			보건과 의료	삶	치료 행위
중급	한여름	명사	한여름의 더위			날씨와 계절	개념	시간
초급	한옥	명사	한옥 마을			집 구하기	주생활	건물 종류
고급	한우	명사	국산 한우			식문화	식생활	식재료
고급	한의원	명사	한의원에서 치료하다			보건과 의료	삶	치료 시설
중급	한자	명사	한자를 읽다			언어	사회생활	소통 수단
고급	한자리	명사	한자리에 모이다					
고급	한자리	명사	한자리를 얻다					
고급	한자어	명사	한자어를 쓰다			언어		
초급	한잔	명사	한잔 마시다			음식 주문하기	식생활	음료
고급	한적하다	형용사	거리가 한적하다			주거 생활	주생활	주거 상태
고급	한정	명사	한정 판매			경제 경영	개념	정도
고급	한정하다	동사	범위를 한정하다					
중급	한쪽	명사	한쪽으로 기울어지다	한편01		지리정보	개념	위치 및 방향
고급	한차례	명사	한차례 돌다				개념	빈도
중급	한참00/한참	부사/명사	한참 기다리다	한동안			개념	시간
중급	한창02/한창	부사/명사	한창 붐비다					
중급	한층	부사	한층 깊어지다	일층			개념	정도
고급	한탄	명사	신세 한탄			심리	사회생활	언어 행위
고급	한탕	명사	한탕을 노리다			사회문제		
초급	한턱	명사	한턱을 내다				사회생활	사회 활동
고급	한파	명사	겨울 한파			기후	자연	기상 및 기후
중급	한편	명사	한편을 이루다					
고급	한하다	동사	고객에 한하여					
초급	할머니	명사	할머니와 할아버지	조모	할아버지	소개하기(가족소개)	삶	친족 관계
중급	할부	명사	할부 기간			물건사기	경제생활	경제 수단
초급	할아버지	명사	할머니와 할아버지	조부	할머니	소개하기(가족소개)	삶	친족 관계
초급	할인	명사	할인 가격		할증	물건사기	경제생활	경제 행위
중급	할인점	명사	가구 할인점			물건사기	경제생활	경제 행위 장소
고급	할퀴다	동사	손톱으로 할퀴다				인간	신체에 가하는 행위
고급	핥다	동사	혀로 핥다				인간	신체에 가하는 행위
고급	함	명사	함을 받다			문화차이		
초급	함께	부사	함께 놀다					
고급	함께하다	동사	평생을 함께하다	같이하다			사회생활	사회 활동
고급	함박눈	명사	함박눈이 내리다			기후	자연	기상 및 기후
중급	함부로	부사	함부로 말하다				인간	태도
고급	함성	명사	함성을 지르다			스포츠	인간	소리
고급	함정	명사	함정에 빠지다					
고급	함축	명사	역사의 함축			언어		
고급	함흥차사	명사						
중급	합격	명사	시험 합격		불합격	학교생활|#직업과 진로	교육	교수 학습 행위
중급	합격자	명사	합격자를 발표하다			학교생활|#직업과 진로	인간	사람의 종류
중급	합계	명사	합계를 구하다	계|합산				
고급	합당하다	형용사	합당한 이유					
고급	합동	명사	합동 훈련					
고급	합류	명사	팀에 합류하다					
고급	합리	명사	합리를 추구하다		불합리			
중급	합리적01∙합리적	관형사∙명사	합리적인 방법		불합리적00|비합리적01|비합리적02			
고급	합법적01∙합법적	관형사∙명사	합법적인 절차		비합법적00	법	정치와 행정	정치 및 치안 상태
고급	합성	명사	합성 사진			컴퓨터와 인터넷		
중급	합의	명사	합의를 보다				사회생활	사회 활동
고급	합창	명사	합창 연습			예술	삶	여가 활동
중급	합치다	동사	하나로 합치다					
중급	합하다	동사	힘을 합하다					
중급	합하다	동사	숫자를 합하다					
초급	항공	명사	항공 회사			교통 이용하기	사회생활	교통수단
초급	항공권	명사	항공권을 예약하다			교통 이용하기	사회생활	교통 이용 행위
고급	항공기	명사	항공기 운항				사회생활	교통수단
중급	항공료	명사	항공료가 오르다			여행	경제생활	경제 수단
고급	항공사	명사	국내 항공사				사회생활	직장
고급	항구	명사	항구 도시	항00			사회생활	교통 이용 장소
고급	항로	명사	항로를 변경하다				사회생활	교통 이용 장소
고급	항목	명사	세부 항목	조목				
고급	항문	명사	항문 질환			보건과 의료	인간	신체 내부 구성
초급	항상	부사	항상 같다	늘|노상01		시간 표현하기	개념	빈도
고급	항생제	명사	항생제를 처방하다	마이신		보건과 의료	삶	약품류
고급	항아리	명사	고추장 항아리			식문화	주생활	생활용품
고급	항암	명사	항암 치료			보건과 의료	삶	치료 행위
중급	항의	명사	항의 전화	항변01		공공기관 이용하기	사회생활	언어 행위
초급	해01/해	명사/의존명사	해가 뜨다	태양				
초급	해01/해	명사/의존명사	해가 바뀌다				자연	천체
중급	해	명사	해를 끼치다			사건, 사고, 재해 기술하기		
중급	해결	명사	문제 해결			문제 해결하기(분실 및 고장)		
중급	해결책	명사	해결책을 마련하다					
고급	해고	명사	해고를 당하다			직장생활	사회생활	직장 생활
고급	해군	명사	해군 부대			정치	정치와 행정	사법 및 치안 주체
중급	해내다	동사	거뜬히 해내다					
고급	해답	명사	해답을 찾다	답				
중급	해당	명사	해당 부서					
고급	해독	명사	해독 작용			보건과 의료	삶	치료 행위
고급	해독	명사	한문 해독			언어		
고급	해독	명사	암호 해독					
중급	해돋이	명사	해돋이를 감상하다	일출01	해넘이	여행	자연	기상 및 기후
중급	해롭다	형용사	건강에 해롭다		이롭다	건강		
초급	해마다	부사	해마다 만나다				개념	시간
고급	해명	명사	해명을 요구하다					
중급	해물	명사	해물 파전	해산물		요리 설명하기	식생활	식재료
고급	해박하다	형용사	해박한 지식				인간	능력
고급	해발	명사	해발 1,000m			지리정보		
중급	해방	명사	노예 해방					
중급	해변	명사	해변을 거닐다	바닷가		여행	자연	지형
중급	해산물	명사	해산물 요리	해물		요리 설명하기	식생활	식재료
고급	해상	명사	해상 교통			지리정보	자연	지형
중급	해석	명사	영어 해석					
고급	해석	명사	통계 해석			언어		
중급	해설	명사	정답 해설				사회생활	언어 행위
중급	해소	명사	스트레스 해소			직장생활|#주말 및 휴가		
고급	해수욕	명사	해수욕을 즐기다			여가생활	삶	여가 활동
중급	해수욕장	명사	해수욕장에 가다			여행|#주말 및 휴가	삶	여가 시설
중급	해안	명사	해안 지방	바닷가		지리정보	자연	지형
고급	해약	명사	해약 요청	파약00				
고급	해약	명사	적금 해약	해지00				
고급	해양	명사	해양 경찰			환경문제	자연	지형
고급	해열제	명사	해열제를 먹다			보건과 의료	삶	약품류
초급	해외	명사	해외 유학			여행	개념	지역
초급	해외여행	명사	해외여행을 가다			여행	삶	여가 활동
고급	해일	명사	지진과 해일			환경문제	자연	재해
고급	해제	명사	경보 해제			컴퓨터와 인터넷		
고급	해제	명사	직위 해제					
고급	해직	명사	해직 통보			직장생활	사회생활	직장 생활
고급	해체	명사	팀 해체					
중급	해치다	동사	미관을 해치다					
중급	해치다	동사	건강을 해치다					
고급	해킹	명사	컴퓨터 해킹			컴퓨터와 인터넷		
고급	해학적01∙해학적	관형사∙명사	해학적으로 묘사하다			예술		
고급	핵	명사	핵 개발	핵무기				
고급	핵가족	명사	대가족과 핵가족	소가족		사회제도	삶	친족 관계
고급	핵가족화	명사	핵가족화 시대			사회제도	사회생활	사회 생활 상태
중급	핵심	명사	핵심 인물	중핵				
고급	핵심적01∙핵심적	관형사∙명사	핵심적인 내용					
중급	핸드백	명사	핸드백을 메다	손가방		복장 표현하기	의생활	모자, 신발, 장신구
초급	햄버거	명사	햄버거를 먹다			음식 주문하기	식생활	음식
고급	햅쌀	명사	햅쌀로 밥하다		묵은쌀00	식문화	식생활	곡류
고급	햇곡식	명사	햇곡식을 수확하다			식문화	식생활	곡류
중급	햇볕	명사	햇볕을 쬐다	볕		환경문제	자연	기상 및 기후
초급	햇빛	명사	햇빛이 비치다	일광			자연	천체
중급	햇살	명사	햇살이 따뜻하다			환경문제	자연	기상 및 기후
고급	행	명사	행을 바꾸다	줄01		언어		
초급	행동	명사	행동에 옮기다					
고급	행렬	명사	축제 행렬					
고급	행방	명사	행방을 모르다					
초급	행복	명사	행복을 빌다			감정/기분 표현하기	인간	감정
초급	행복	명사	행복을 느끼다			감정/기분 표현하기	인간	감정
초급	행사	명사	오픈 행사				사회생활	사회 활동
중급	행사	명사	권력 행사				정치와 행정	정치 및 행정 행위
중급	행사장	명사	행사장 안내				삶	여가 시설
고급	행세	명사	주인 행세					
중급	행운	명사	행운이 오다		불운			
중급	행위	명사	불법 행위					
고급	행인	명사	지나가는 행인				인간	사람의 종류
고급	행적	명사	행적을 감추다					
중급	행정	명사	행정 업무			공공기관 이용하기	정치와 행정	정치 및 행정 행위
고급	행정부	명사	기관	정부01		사회제도	정치와 행정	정치 및 행정 주체
고급	행진	명사	가두 행진					
중급	행하다	동사	폭력을 행하다					
중급	향	명사	향을 피우다					
중급	향	명사	커피 향	향기				
중급	향기	명사	향기를 맡다	향|향내				
고급	향기롭다	형용사	냄새가 향기롭다					
중급	향상	명사	기술 향상					
중급	향수	명사	향수를 뿌리다			외모 표현하기	인간	감정
고급	향수	명사	향수를 불러일으키다			심리		
중급	향하다	동사	눈길이 향하다					
중급	향하다	동사	집으로 향하다					
고급	향후	명사	향후 계획	이다음			개념	시간
중급	허가	명사	입국 허가	승낙|허락			사회생활	사회 활동
고급	허겁지겁	부사	허겁지겁 먹다				인간	태도
고급	허공	명사	허공을 바라보다					
고급	허구	명사	허구와 현실			예술		
고급	허기	명사	허기를 느끼다			식문화	인간	감각
고급	허둥지둥	부사	허둥지둥 나가다					
중급	허락	명사	결혼 허락	승낙|허가			사회생활	사회 활동
고급	허름하다	형용사	집이 허름하다			주거 생활	주생활	주거 상태
초급	허리	명사	허리 사이즈			외모 표현하기	인간	신체 부위
중급	허리띠	명사	허리띠를 매다	벨트		복장 표현하기	의생활	모자, 신발, 장신구
고급	허망	명사	허망을 느끼다			심리	인간	감정
고급	허무	명사	허무에 빠지다			심리	인간	감정
고급	허물다	동사	건물을 허물다					
중급	허벅지	명사	허벅지가 두껍다			건강	인간	신체 부위
고급	허비	명사	시간 허비					
고급	허술하다	형용사	관리가 허술하다					
고급	허옇다	형용사	눈이 허옇다			외양	개념	색깔
고급	허옇다	형용사	얼굴이 허옇다					
중급	허용	명사	입학 허용					
고급	허위	명사	허위 신고	거짓		법		
고급	허전하다	형용사	마음이 허전하다			심리	인간	감정
고급	허점	명사	허점을 보이다	공백|허				
고급	허탈	명사	허탈과 좌절			심리	인간	감정
고급	허파	명사	허파로 호흡하다	폐01		보건과 의료	인간	신체 내부 구성
중급	허허	부사	허허 웃다				인간	생리 현상
중급	헌	관형사	헌 책					
고급	헌법	명사	헌법을 개정하다			법	정치와 행정	사법 및 치안 행위
고급	헌신	명사	헌신과 희생			인간관계		
고급	헌신적01∙헌신적	관형사∙명사	헌신적인 사랑			인간관계		
고급	헌혈	명사	헌혈 캠페인			보건과 의료		
고급	헐값	명사	헐값에 팔다			경제 경영	경제생활	경제 상태
고급	헐다	동사	건물을 헐다			건축		
고급	헐뜯다	동사	남을 헐뜯다			인간관계	사회생활	언어 행위
고급	헐렁하다	형용사	바지가 헐렁하다			외양	의생활	의복 착용 상태
고급	헐레벌떡	부사	헐레벌떡 뛰다					
고급	험난하다	형용사	길이 험난하다				삶	삶의 상태
고급	험담	명사	욕설과 험담			인간관계	사회생활	언어 행위
고급	험악하다	형용사	산세가 험악하다					
고급	험악하다	형용사	분위기가 험악하다			외양	인간	용모
중급	험하다	형용사	길이 험하다					
고급	헛걸음	명사	헛걸음을 시키다				인간	신체 행위
고급	헛되다	형용사	헛된 노력	한갓되다				
고급	헛되이	부사	헛되이 보내다	한갓되이				
고급	헛디디다	동사	발을 헛디디다				인간	신체 행위
고급	헛소문	명사	헛소문을 퍼뜨리다				사회생활	언어 행위
고급	헛수고	명사	헛수고로 끝나다					
중급	헤매다	동사	길에서 헤매다			교통 이용하기		
중급	헤아리다	동사	숫자를 헤아리다					
중급	헤아리다	동사	마음을 헤아리다					
고급	헤어나다	동사	가난에서 헤어나다					
초급	헤어지다	동사	친구와 헤어지다			인사하기	사회생활	사회 활동
초급	헤어지다	동사	애인과 헤어지다			인사하기	사회생활	사회 활동
중급	헤엄치다	동사	물에서 헤엄치다			주말 및 휴가	인간	신체 행위
고급	해저	명사	해저 탐사			지리정보	자연	지형
고급	헤집다	동사	방 안을 헤집다					
고급	헤치다	동사	물살을 헤치다					
고급	헤치다	동사	고난을 헤치다					
고급	헤프다	형용사	씀씀이가 헤프다			경제 경영	인간	태도
초급	헬스클럽	명사	헬스클럽에서 운동하다			취미	삶	여가 시설
고급	헷갈리다	동사	이름을 헷갈리다	헛갈리다			인간	인지 행위
고급	헹구다	동사	그릇을 헹구다			주거 생활		
초급	혀	명사	혀를 내밀다			외모 표현하기	인간	신체 부위
고급	혁명	명사	계급 혁명			역사		
고급	혁신	명사	기술 혁신	쇄신|유신		과학과 기술		
고급	혁신적01∙혁신적	관형사∙명사	혁신적인 기술			과학과 기술		
고급	현	관형사	현 대통령			정치	개념	시간
중급	현관	명사	집 현관			집 구하기	주생활	주택 구성
초급	현금	명사	현금으로 결제하다				경제생활	경제 수단
초급	현금	명사	현찰	현찰			경제생활	경제 수단
고급	현기증	명사	현기증을 일으키다	어지럼증		보건과 의료	삶	병과 증상
중급	현대	명사	현대 문명	현시대			개념	시간
중급	현대인	명사	현대인의 스트레스				인간	사람의 종류
중급	현대적01∙현대적	관형사∙명사	현대적으로 바꾸다					
고급	현명하다	형용사	현명한 판단				인간	인지 행위
고급	현모양처	명사				인간관계	사회생활	인간관계
중급	현상	명사	열대야 현상					
중급	현실	명사	현실 도피		이상02			
고급	현실성	명사	현실성이 없다					
중급	현실적01∙현실적	관형사∙명사	현실적으로 생각하다			성격 표현하기		
고급	현안	명사	국정 현안			정치		
중급	현장	명사	서식 현장	실지01|현지		사건, 사고, 재해 기술하기		
중급	현장	명사	사건 현장					
초급	현재02/현재	부사/명사	과거와 현재			시간 표현하기	개념	시간
고급	현저하다	형용사	차이가 현저하다					
고급	현저히	부사	현저히 증가하다					
고급	현지	명사	현지 가이드	현장			개념	지역
고급	현직	명사	현직 장관			직장생활	사회생활	직위
고급	현황	명사	현황을 파악하다			사회제도		
고급	혈관	명사	혈관 질환	핏줄		보건과 의료	인간	신체 내부 구성
고급	혈압	명사	혈압이 높다			보건과 의료	삶	병과 증상
고급	혈액	명사	혈액 검사	피01		보건과 의료	인간	신체 내부 구성
고급	혈액형	명사	혈액형 종류			보건과 의료		
고급	혈연	명사	혈연을 중요시하다			인간관계	삶	친족 관계
고급	혐오	명사	혐오 시설			심리	인간	감정
고급	혐의	명사	범죄 혐의			법	정치와 행정	사법 및 치안 행위
고급	협동	명사	협동 정신				사회생활	사회 활동
고급	협동심	명사	협동심을 기르다				사회생활	사회 활동
중급	협력	명사	경제 협력			인간관계	사회생활	사회 활동
고급	협박	명사	협박 편지			사회문제	사회생활	사회 활동
고급	협상	명사	임금 협상			정치	사회생활	사회 활동
고급	협약	명사	업무 협약			정치	사회생활	사회 활동
고급	협의	명사	조건을 협의하다			정치	사회생활	사회 활동
고급	협정	명사	협정을 맺다			정치	경제생활	경제 행위
고급	협정	명사	관세 협정					
고급	협조	명사	노사 협조			직장생활	사회생활	사회 활동
중급	협조	명사	자발적인 협조			인간관계	사회생활	사회 활동
고급	협회	명사	협회에 가입하다				사회생활	사회 활동
초급	형	명사	동생			소개하기(가족소개)	삶	친족 관계
고급	형	접사	계란형			외양	개념	모양
고급	형광등	명사	형광등을 갈다				주생활	생활용품
중급	형님	명사	형님과 아우			가족행사	삶	친족 관계
중급	형님	명사	형님으로 모시다			가족행사		
고급	형부	명사	언니와 형부			인간관계	삶	친족 관계
고급	형사	명사	형사에게 붙잡히다			사회문제	정치와 행정	사법 및 치안 주체
고급	형상	명사	동물의 형상				개념	모양
중급	형성	명사	가치관 형성					
중급	형식	명사	형식을 갖추다					
고급	형식적01∙형식적	관형사∙명사	형식적인 절차					
고급	형용사	명사	동사와 형용사			교육	사회생활	말
고급	형용하다	동사	말로 형용하다			언어	사회생활	언어 행위
초급	형제	명사	아들 삼 형제			소개하기(가족소개)	삶	친족 관계
초급	형제	명사	부모 형제	동기01		소개하기(가족소개)	삶	친족 관계
중급	형태	명사	건물의 형태					
중급	형태	명사	주거 형태					
중급	형편	명사	돌아가는 형편					
중급	형편	명사	집안 형편					
고급	형편없다	형용사	형편없는 실력					
중급	혜택	명사	혜택을 누리다				사회생활	사회 활동
고급	호	접사	타이타닉호				사회생활	교통수단
고급	호00/호	명사/의존명사	십오 호 가구			주거 생활	개념	세는 말
초급	호	의존명사	사월 호 잡지			공공기관 이용하기(도서관)	개념	세는 말
초급	호	의존명사	101동 102호			집 구하기	개념	세는 말
중급	호감	명사	호감을 얻다	호감정	악감	감정/기분 표현하기	인간	감정
중급	호기심	명사	호기심이 강하다			감정/기분 표현하기	인간	감정
고급	호되다	형용사	호된 비판					
중급	호두	명사	호두 파이			음식 설명하기	식생활	과일
고급	호들갑	명사	호들갑을 떨다				인간	태도
초급	호랑이	명사	동물	범01			동식물	동물류
중급	호박	명사	호박 농사			요리 설명하기	식생활	채소
중급	호박	명사	호박같이 생기다			요리 설명하기		
고급	호소	명사	고통 호소			사회문제	사회생활	언어 행위
고급	호소	명사	관심 호소					
초급	호수	명사	인공 호수				자연	지형
중급	호실	명사	2호실			집 구하기		
고급	호우	명사	호우 피해			기후	자연	기상 및 기후
고급	호응	명사	관객의 호응				사회생활	사회 활동
고급	호의	명사	호의를 베풀다	선의			사회생활	사회 활동
고급	호의적01∙호의적	관형사∙명사	호의적인 태도				인간	태도
고급	호전	명사	증상 호전		악화	보건과 의료	삶	병과 증상
고급	호전	명사	경기 호전		악화			
고급	호젓하다	형용사	산길이 호젓하다			주거 생활	주생활	주거 상태
고급	호젓하다	형용사	호젓한 시간					
고급	호조	명사	호조를 보이다				경제생활	경제 상태
중급	호주머니	명사	호주머니에 넣다	주머니		복장 표현하기	의생활	옷의 부분
고급	호출	명사	무선 호출				사회생활	사회 활동
고급	호칭	명사	호칭으로 부르다			언어	사회생활	언어 행위
고급	호칭어	명사	호칭어를 쓰다				사회생활	언어 행위
초급	호텔	명사	호텔에 묵다			여행		
고급	호평	명사	호평을 받다		악평	대중문화	사회생활	언어 행위
고급	호프	명사	호프에서 한잔하다			식문화	식생활	식생활 관련 장소
고급	호화	명사	호화 유람선			주거 생활	주생활	주거 상태
고급	호황	명사	호황을 누리다	호경기	불황	경제 경영	경제생활	경제 상태
중급	호흡	명사	호흡이 멎다			건강	인간	신체 행위
고급	호흡기	명사	호흡기 질환	호흡 기관		보건과 의료	인간	신체 내부 구성
초급	혹시	부사	혹시 모르면	혹02|혹여				
고급	혹시나	부사	혹시나 하고					
중급	혹은	부사	아들 혹은 딸				개념	접속
고급	혹평	명사	전문가의 혹평			언론	사회생활	언어 행위
고급	혼	명사	혼이 깃들다	넋				
중급	혼나다	동사	아파서 혼나다			인간관계		
중급	혼나다	동사	선생님께 혼나다			인간관계	사회생활	사회 활동
중급	혼내다	동사	아이를 혼내다			인간관계	사회생활	사회 활동
고급	혼동	명사	혼동을 일으키다				인간	인지 행위
고급	혼란	명사	혼란에 빠지다	혼잡				
고급	혼란스럽다	형용사	사회가 혼란스럽다					
고급	혼례	명사	전통 혼례	결혼식		문화차이	삶	가족 행사
고급	혼인	명사	혼인 신고	결혼		인간관계	삶	가족 행사
초급	혼자01/혼자	명사/부사	혼자 살다					
고급	혼잡	명사	교통 혼잡	혼란			개념	모양
고급	혼잣말	명사	혼잣말로 중얼거리다			언어	사회생활	언어 행위
고급	혼합	명사	혼합 물질					
고급	홀가분하다	형용사	마음이 홀가분하다			심리	인간	감정
고급	홀로	부사	홀로 남다					
중급	홀수	명사	홀수와 짝수				개념	수
고급	홈런	명사	홈런을 치다			스포츠	삶	여가 활동
중급	홈페이지	명사	홈페이지에 접속하다	누리집		컴퓨터와 인터넷		
중급	홍보	명사	신제품 홍보			대중매체	사회생활	사회 활동
고급	홍색	명사	색깔	붉은색		외양	개념	색깔
중급	홍수	명사	홍수가 나다	큰물		사건, 사고, 재해 기술하기	자연	재해
초급	홍차	명사	홍차를 마시다			음식 주문하기	식생활	음료
고급	화	명사	화를 면하다			외양		
초급	화	명사	화가 나다			감정/기분 표현하기	인간	감정
중급	화	명사	요일				개념	시간
고급	화	접사	운동화				의생활	모자, 신발, 장신구
초급	화가	명사	화가의 그림			소개하기(자기소개)	문화	문화 활동 주체
초급	화나다	동사	화난 얼굴			감정/기분 표현하기	인간	감정
초급	화내다	동사	친구에게 화내다			감정/기분 표현하기	인간	감정
고급	화두	명사	화두를 꺼내다			철학, 윤리		
초급	화려하다	형용사	보석이 화려하다			복장 표현하기	개념	모양
중급	화면	명사	텔레비전 화면			대중매체|#컴퓨터와 인터넷		
고급	화목	명사	가정의 화목					
고급	화물	명사	화물을 싣다					
고급	화법	명사	화법을 구사하다			언어	사회생활	언어 행위
중급	화분	명사	화분에 심다			집 구하기	주생활	생활용품
고급	화사하다	형용사	옷이 화사하다			외양	개념	모양
고급	화산	명사	화산 폭발			지리정보	자연	재해
고급	화살	명사	화살을 쏘다	살02			정치와 행정	무기
고급	화상	명사	화상을 입다			보건과 의료	삶	병과 증상
초급	화요일	명사	요일			요일 표현하기	개념	시간
고급	화자	명사	화자와 청자		청자02	언어	사회생활	인간관계
중급	화장	명사	화장이 진하다	단장		외모 표현하기	의생활	미용 행위
고급	화장	명사	시신 화장			문화차이		
중급	화장대	명사	화장대에 앉다			집 구하기	주생활	생활용품
초급	화장실	명사	화장실에 가다			집 구하기	주생활	주택 구성
중급	화장지	명사	화장지로 닦다				주생활	생활용품
초급	화장품	명사	화장품을 바르다			외모 표현하기	의생활	미용 행위
중급	화재	명사	화재 신고			사건, 사고, 재해 기술하기	자연	재해
중급	화제	명사	화제를 바꾸다	토픽				
중급	화창하다	형용사	날씨가 화창하다			날씨와 계절	자연	기상 및 기후
고급	화초	명사	화초를 심다	꽃나무|화훼		환경문제	동식물	식물류
중급	화폐	명사	전자 화폐	금전|돈01			경제생활	경제 수단
고급	화학	명사	화학 실험			교육	교육	전공과 교과목
고급	화합	명사	화합을 이루다	$화해하다			사회생활	사회 활동
중급	화해	명사	화해를 청하다			인간관계	사회생활	사회 활동
중급	확	부사	소름이 확 끼치다					
고급	확고하다	형용사	의지가 확고하다				인간	태도
중급	확대	명사	확대와 축소		축소			
고급	확률	명사	확률이 높다			교육	교육	학문 용어
고급	확립	명사	질서 확립					
중급	확보	명사	인력 확보		미확보			
중급	확산	명사	확산을 막다			환경문제		
중급	확신	명사	확신이 서다				인간	인지 행위
중급	확실하다	형용사	증거가 확실하다					
중급	확실히	부사	확실히 말하다					
고급	확연히	부사	확연히 다르다					
중급	확인	명사	사실 확인				인간	인지 행위
중급	확장	명사	확장 공사					
고급	확정	명사	최종 확정					
고급	확충	명사	설비 확충					
고급	환갑	명사	환갑을 맞이하다	회갑		인간관계	삶	가족 행사
중급	환경	명사	자연 환경			환경문제		
중급	환경	명사	불우한 환경			환경문제		
중급	환경	명사	거주 환경					
고급	환기	명사	환기를 시키다					
중급	환불	명사	요금 환불			물건사기	경제생활	경제 행위
중급	환상	명사	환상이 깨지다					
중급	환상적01∙환상적	관형사∙명사	환상적인 이야기					
중급	환승역	명사	지하철 환승역			교통 이용하기	사회생활	교통 이용 장소
초급	환영	명사	환영을 받다		환송	인사하기	사회생활	사회 활동
중급	환영회	명사	신입생 환영회		환송회	초대와 방문|#인간관계	사회생활	사회 행사
고급	환원	명사	사회 환원					
중급	환율	명사	환율이 오르다				경제생활	경제 수단
초급	환자	명사	암 환자	병자		병원 이용하기	삶	치료 행위
초급	환전	명사	달러 환전				경제생활	경제 행위
고급	환절기	명사	환절기 날씨			기후	개념	시간
중급	환하다	형용사	불빛이 환하다			집 구하기	개념	밝기
고급	환호	동사	환호를 보내다			스포츠	인간	태도
고급	환희	명사	환희에 차다			심리	인간	감정
고급	환히	부사	환히 비추다				개념	밝기
고급	활	명사	활을 쏘다	궁01			정치와 행정	무기
중급	활기	명사	활기를 띠다			성격 표현하기	인간	태도
고급	활기차다	형용사	분위기가 활기차다			외양	인간	체력 상태
중급	활동	명사	야외 활동				사회생활	사회 활동
중급	활동적01∙활동적	관형사∙명사	활동적인 성격			성격 표현하기	인간	성격
고급	활력	명사	활력이 넘치다			외양	인간	체력 상태
고급	활력소	명사	생활의 활력소					
중급	활발하다	형용사	교류가 활발하다			성격 표현하기	인간	성격
중급	활발히	부사	활발히 활동하다			성격 표현하기	인간	태도
고급	활성화	명사	경제 활성화			경제 경영		
고급	활약	명사	활약을 펼치다					
중급	활용	명사	공간 활용					
고급	활자	명사	금속 활자			언론	사회생활	소통 수단
중급	활짝	부사	활짝 열다					
중급	활짝	부사	활짝 피다					
중급	활짝	부사	활짝 웃다					
고급	황금	명사	황금 팔찌				자연	자원
고급	황금기	명사	인생의 황금기			역사	개념	시간
고급	황급히	부사	황급히 나가다				인간	태도
고급	황당하다	형용사	황당한 소문			심리	인간	감정
고급	황량하다	형용사	거리가 황량하다			주거 생활	주생활	주거 상태
고급	황사	명사	황사 마스크			기후	자연	기상 및 기후
고급	황색	명사	색	누런색		외양	개념	색깔
고급	황제	명사	황제 폐하			역사	정치와 행정	정치 및 행정 주체
고급	황혼	명사	황혼 무렵	땅거미		기후	자연	기상 및 기후
고급	황혼	명사	황혼 이혼				개념	시간
고급	회	접사	환송회				사회생활	사회 행사
초급	회	의존명사	여러 회				개념	세는 말
중급	회	명사	회를 먹다			음식 주문하기|#요리 설명하기	식생활	음식
고급	회갑	명사	회갑 잔치	환갑		인간관계	삶	가족 행사
고급	회갑연	명사	회갑연을 열다	환갑잔치		인간관계	삶	가족 행사
고급	회견	명사	기자 회견				사회생활	사회 활동
고급	회계	명사	예산 회계			경제 경영	경제생활	경제 행위
고급	회계	명사	회계 업무					
중급	회담	명사	회담을 열다				사회생활	언어 행위
중급	회복	명사	피로 회복			건강	삶	치료 행위
고급	회복세	명사	경기 회복세			경제 경영	경제생활	경제 상태
중급	회비	명사	회비를 내다			인간관계	경제생활	경제 수단
초급	회사	명사	회사에 다니다	사00		소개하기(자기소개)	사회생활	직장
초급	회사원	명사	회사원이 되다	사원		소개하기(자기소개)	사회생활	직업
고급	회상	명사	과거 회상				인간	인지 행위
초급	회색	명사	색				개념	색깔
고급	회수	명사	자금 회수					
중급	회식	명사	부서 회식			직장생활|#인간관계	사회생활	사회 활동
초급	회원	명사	회원을 모집하다					
고급	회원국	명사	유엔 회원국			정치		
초급	회의	명사	회의에 참석하다				사회생활	직장 생활
고급	회의	명사	회의를 느끼다				인간	감정
중급	회의실	명사	회의실에 모이다			직장생활	교육	학교 시설
고급	회의적01∙회의적	관형사∙명사	회의적인 견해			심리	인간	감정
중급	회장	명사	회장을 뽑다				사회생활	직위
고급	회전	명사	회전 초밥					
고급	회피	명사	책임 회피					
중급	회화	명사	영어 회화				사회생활	언어 행위
고급	획기적00∙획기적	관형사∙명사	획기적으로 바꾸다					
고급	획득	명사	메달 획득					
고급	획일적01∙획일적	관형사∙명사	획일적인 사고					
중급	횟수	명사	횟수를 세다				개념	빈도
고급	횡단	명사	무단 횡단			여가생활	사회생활	교통 이용 행위
초급	횡단보도	명사	횡단보도를 건너다	건널목		길찾기	사회생활	교통 이용 장소
고급	횡설수설	명사				언어	사회생활	언어 행위
고급	효	명사	효도		불효	철학, 윤리	사회생활	사회 활동
중급	효과	명사	약 효과					
중급	효과적01∙효과적	관형사∙명사	효과적인 방법					
고급	효녀	명사	효녀와 효자			인간관계	사회생활	인간관계
고급	효능	명사	토마토의 효능			보건과 의료		
중급	효도	명사	효도 관광			가족행사	사회생활	사회 활동
고급	효력	명사	법적 효력	효용|효험		법		
고급	효용	명사	효용 가치	효력|효험			경제생활	경제 상태
고급	효율	명사	효율을 높이다			과학과 기술	경제생활	경제 상태
중급	효율적01∙효율적	관형사∙명사	효율적인 관리					
중급	효자	명사	효자와 효녀			가족행사	사회생활	인간관계
초급	후	명사	오 분 후		전02	시간 표현하기	개념	
고급	후각	명사	후각이 예민하다			보건과 의료	인간	감각
고급	후기	명사	조선 후기	후반기		역사	개념	시간
고급	후대	명사	후대에 물려주다	후세대	선대	역사		
고급	후련하다	형용사	속이 후련하다			심리	인간	감정
중급	후반	명사	후반 경기		전반00		개념	순서
고급	후반부	명사	경기 후반부		전반부	스포츠	개념	순서
초급	후배	명사	회사 후배		선배	학교생활	사회생활	인간관계
초급	후배	명사	대학 후배	후진	선배			
중급	후보	명사	대통령 후보					
고급	후보자	명사	대통령 후보자			정치	정치와 행정	정치 및 행정 주체
고급	후속	명사	후속 조치			정치		
고급	후손	명사	후손에게 물려주다	손05|자손|후예		역사	삶	친족 관계
중급	후식	명사	후식을 먹다	디저트		음식 설명하기	식생활	음식
고급	후원	명사	후원 단체				사회생활	사회 활동
고급	후원자	명사	재정 후원자	후견인			정치와 행정	정치 및 행정 주체
고급	후유증	명사	사고 후유증			보건과 의료	삶	병과 증상
고급	후일	명사	후일로 미루다	뒷날			개념	시간
고급	후임	명사	후임 감독		전임01	직장생활	사회생활	직위
고급	후자	명사	후자를 택하다		전자01		개념	순서
고급	후진	명사	후진 주차		전진		사회생활	교통 이용 행위
중급	후추	명사	후추를 뿌리다			요리 설명하기	식생활	식재료
고급	후퇴	명사	작전상 후퇴			정치	정치와 행정	정치 및 행정 행위
고급	후하다	형용사	인심이 후하다		박하다	심리	인간	태도
중급	후회	명사	늦은 후회			감정/기분 표현하기	인간	감정
중급	후회스럽다	형용사	후회스러운 과거			감정/기분 표현하기	인간	감정
중급	훈련	명사	민방위 훈련			학교생활	교육	교수 학습 행위
고급	훈훈하다	형용사	실내가 훈훈하다				개념	온도
초급	훌륭하다	형용사	작품이 훌륭하다			성격 표현하기	인간	능력
고급	훌쩍	부사	훌쩍 넘기다					
고급	훑다	동사	대충 훑다					
고급	훑어보다	동사	책을 훑어보다				인간	신체 행위
고급	훔쳐보다	동사	일기를 훔쳐보다					
고급	훔치다	동사	눈물을 훔치다					
중급	훔치다	동사	물건을 훔치다					
고급	훗날	명사	먼 훗날	뒷날			개념	시간
고급	훤하다	형용사	불이 훤하다				개념	밝기
고급	훤히	부사	훤히 보이다				개념	밝기
초급	훨씬	부사	훨씬 많다				개념	정도
고급	훨훨	부사	훨훨 날아가다				동식물	동식물 행위
고급	훼손	명사	명예 훼손			사회문제		
고급	훼손	명사	문화재 훼손					
고급	휘감다	동사	밧줄로 휘감다					
고급	휘날리다	동사	바람에 휘날리다					
고급	휘다	동사	허리가 휘다					
고급	휘두르다	동사	칼을 휘두르다				인간	신체 행위
고급	휘말리다	동사	싸움에 휘말리다					
고급	휘발유	명사	휘발유를 넣다	가솔린			자연	자원
고급	휘젓다	동사	국을 휘젓다					
고급	휙	부사	휙 돌리다					
고급	휙	부사	휙 살펴보다					
고급	휩싸이다	동사	불길에 휩싸이다					
고급	휩쓸다	동사	태풍이 휩쓸다					
고급	휩쓸리다	동사	강풍에 휩쓸리다					
초급	휴가	명사	출산 휴가			주말 및 휴가	삶	여가 활동
중급	휴가철	명사	휴가철이 시작되다			여행|#주말 및 휴가	삶	여가 활동
고급	휴게소	명사	고속 도로 휴게소				사회생활	교통 이용 장소
초급	휴게실	명사	휴게실에서 쉬다			집 구하기		
중급	휴대	명사	휴대가 간편하다					
고급	휴대용	명사	휴대용 녹음기					
초급	휴대폰	명사	휴대폰으로 전화하다	휴대 전화			사회생활	소통 수단
고급	휴무	명사	임시 휴무				경제생활	경제 행위
중급	휴식	명사	휴식 시간	휴게		여행|#주말 및 휴가		
중급	휴양지	명사	휴양지로 떠나다			여행|#주말 및 휴가	삶	여가 시설
초급	휴일	명사	휴일 계획			요일 표현하기	삶	여가 활동
고급	휴전	명사	휴전 상태			역사	정치와 행정	정치 및 행정 행위
초급	휴지	명사	휴지를 줍다			집 구하기		
초급	휴지	명사	휴지로 닦다	화장지		집 구하기	주생활	생활용품
초급	휴지통	명사	휴지통에 버리다	쓰레기통		집 구하기	주생활	생활용품
고급	휴직	명사	육아 휴직			직장생활	사회생활	직장 생활
중급	휴학	명사	휴학 신청			학교생활	교육	교수 학습 행위
중급	흉내	명사	흉내를 내다					
고급	흉하다	형용사	점괘가 흉하다		길하다		개념	모양
고급	흉하다	형용사	얼굴이 흉하다					
고급	흐느끼다	동사	흐느끼는 소리			심리	인간	신체 행위
초급	흐르다	동사	물이 흐르다					
초급	흐르다	동사	시간이 흐르다				개념	시간
초급	흐르다	동사	눈물이 흐르다					
중급	흐름	명사	강물의 흐름					
중급	흐름	명사	역사의 흐름					
고급	흐리다	동사	분위기를 흐리다					
초급	흐리다	형용사	공기가 흐리다		맑다			
초급	흐리다	형용사	날씨가 흐리다		맑다		자연	기상 및 기후
고급	흐릿하다	형용사	시야가 흐리다				개념	색깔
고급	흐릿하다	형용사	기억이 흐릿하다					
고급	흐릿하다	형용사	눈이 흐릿하다					
고급	흐릿하다	형용사	날씨가 흐릿하다				자연	기상 및 기후
고급	흐뭇하다	형용사	흐뭇한 표정			심리	인간	감정
고급	흐트러지다	동사	자세가 흐트러지다				개념	모양
중급	흑백	명사	흑백의 대비			취미	개념	색깔
중급	흑백	명사	흑백 영상					
고급	흑색	명사	색	검은색		외양	개념	색깔
고급	흑자	명사	흑자를 내다		적자01	경제 경영	경제생활	경제 상태
초급	흔들다	동사	손을 흔들다				인간	신체 행위
중급	흔들리다	동사	비행기가 흔들리다					
중급	흔적	명사	흔적을 남기다					
중급	흔하다	형용사	흔한 이름				개념	정도
중급	흔히	부사	흔히 듣다				개념	정도
고급	흘기다	동사	눈을 흘기다			심리	인간	신체 행위
중급	흘러가다	동사	시냇물이 흘러가다			지리정보		
중급	흘러가다	동사	시간이 흘러가다			지리정보		
중급	흘러나오다	동사	폐수가 흘러나오다			지리정보		
중급	흘러나오다	동사	음악이 흘러나오다			지리정보		
중급	흘러내리다	동사	빗물이 흘러내리다			지리정보		
고급	흘러들다	동사	바다로 흘러들다					
초급	흘리다	동사	눈물을 흘리다					
중급	흙	명사	흙을 파다	토양		지리정보|#집 구하기	자연	지표면 사물
고급	흠	명사	흠이 생기다					
고급	흠뻑	부사	흠뻑 젖다					
고급	흡사	부사	흡사 짐승 같다	흡사히				
중급	흡수	명사	땀 흡수					
고급	흡연	명사	흡연 구역	끽연		보건과 의료		
고급	흥	명사	흥이 나다				인간	감정
고급	흥겹다	형용사	흥겨운 노래			심리	인간	감정
중급	흥미	명사	흥미가 생기다			공연과 감상	인간	태도
중급	흥미롭다	형용사	이야기가 흥미롭다			공연과 감상	인간	감정
고급	흥미진진하다	형용사	전개가 흥미진진하다			심리		
중급	흥분	명사	흥분을 가라앉히다			감정/기분 표현하기	인간	감정
고급	흥얼거리다	동사	노래를 흥얼거리다	흥얼대다|흥얼흥얼하다				
고급	흥청망청	부사	흥청망청 쓰다			경제 경영		
고급	흥행	명사	흥행 영화			대중문화		
고급	흩날리다	동사	낙엽이 흩날리다					
중급	흩어지다	동사	사방으로 흩어지다					
고급	희귀하다	형용사	희귀한 보석					
중급	희다	형용사	흰 종이				개념	색깔
고급	희로애락	명사	삶의 희로애락			심리	인간	감정
초급	희망	명사	희망 사항	소원		감정/기분 표현하기	인간	감정
초급	희망	명사	희망이 보이다			감정/기분 표현하기		
고급	희미하다	형용사	기억이 희미하다				개념	밝기
고급	희박하다	형용사	가능성이 희박하다					
중급	희생	명사	희생을 감수하다				사회생활	사회 활동
중급	희생	명사	피해와 희생					
고급	희소식	명사	희소식을 듣다				사회생활	언어 행위
고급	희한하다	형용사	희한한 일					
초급	흰색	명사	색	백색			개념	색깔
고급	힌트	명사	힌트를 주다			컴퓨터와 인터넷		
고급	힐끔거리다	동사	옆을 힐끔거리다	힐끔대다|힐끔힐끔하다			인간	신체 행위
고급	힐끗	부사	힐끗 돌아보다					
초급	힘	명사	힘이 세다			건강	인간	체력 상태
초급	힘	명사	힘을 복돋우다			건강	인간	체력 상태
고급	힘겹다	형용사	삶이 힘겹다				삶	삶의 상태
중급	힘껏	부사	힘껏 밀다				인간	태도
초급	힘들다	형용사	일이 힘들다			한국생활	인간	능력
초급	힘들다	형용사	참기가 힘들다			한국생활	인간	능력
중급	힘쓰다	동사	학업에 힘쓰다					
고급	힘없다	형용사	힘없는 목소리			외양	인간	체력 상태
고급	힘없다	형용사	힘없는 나라					
중급	힘없이	부사	힘없이 걷다			건강	인간	체력 상태
고급	힘입다	동사	성원에 힘입다					
고급	힘주다	동사	배에 힘주다					
중급	힘차다	형용사	힘찬 목소리			성격 표현하기		
